[2026-09-24 01:58:01] local.ERROR: The database configuration URL is malformed. {"exception":"[object] (InvalidArgumentException(code: 0): The database configuration URL is malformed. at C:/laragon/www/05ArjunaSatria/vendor/laravel/framework/src/Illuminate/Support/ConfigurationUrlParser.php:148)
[stacktrace]
#0 C:/laragon/www/05ArjunaSatria/vendor/laravel/framework/src/Illuminate/Support/ConfigurationUrlParser.php(51): Illuminate/Support/ConfigurationUrlParser->parseUrl('postgresql://po...')
#1 C:/laragon/www/05ArjunaSatria/vendor/laravel/framework/src/Illuminate/Database/DatabaseManager.php(230): Illuminate/Support/ConfigurationUrlParser->parseConfiguration(Array)
#2 C:/laragon/www/05ArjunaSatria/vendor/laravel/framework/src/Illuminate/Database/DatabaseManager.php(192): Illuminate/Database/DatabaseManager->configuration('pgsql')
#3 C:/laragon/www/05ArjunaSatria/vendor/laravel/framework/src/Illuminate/Database/DatabaseManager.php(103): Illuminate/Database/DatabaseManager->makeConnection('pgsql')
#4 C:/laragon/www/05ArjunaSatria/vendor/laravel/framework/src/Illuminate/Cache/CacheManager.php(200): Illuminate/Database/DatabaseManager->connection('pgsql')
#5 C:/laragon/www/05ArjunaSatria/vendor/laravel/framework/src/Illuminate/Cache/CacheManager.php(148): Illuminate/Cache/CacheManager->createDatabaseDriver(Array)
#6 C:/laragon/www/05ArjunaSatria/vendor/laravel/framework/src/Illuminate/Cache/CacheManager.php(126): Illuminate/Cache/CacheManager->build(Array)
#7 C:/laragon/www/05ArjunaSatria/vendor/laravel/framework/src/Illuminate/Cache/CacheManager.php(69): Illuminate/Cache/CacheManager->resolve('database')
#8 C:/laragon/www/05ArjunaSatria/vendor/laravel/framework/src/Illuminate/Cache/CacheManager.php(80): Illuminate/Cache/CacheManager->store('database')
#9 C:/laragon/www/05ArjunaSatria/vendor/laravel/framework/src/Illuminate/Cache/CacheServiceProvider.php(23): Illuminate/Cache/CacheManager->driver()
#10 C:/laragon/www/05ArjunaSatria/vendor/laravel/framework/src/Illuminate/Container/Container.php(1140): Illuminate/Cache/CacheServiceProvider->{closure:Illuminate/Cache/CacheServiceProvider::register():22}(Object(Illuminate/Foundation/Application), Array)
#11 C:/laragon/www/05ArjunaSatria/vendor/laravel/framework/src/Illuminate/Container/Container.php(939): Illuminate/Container/Container->build(Object(Closure))
#12 C:/laragon/www/05ArjunaSatria/vendor/laravel/framework/src/Illuminate/Foundation/Application.php(1085): Illuminate/Container/Container->resolve('cache.store', Array, true)
#13 C:/laragon/www/05ArjunaSatria/vendor/laravel/framework/src/Illuminate/Container/Container.php(867): Illuminate/Foundation/Application->resolve('cache.store', Array)
#14 C:/laragon/www/05ArjunaSatria/vendor/laravel/framework/src/Illuminate/Foundation/Application.php(1065): Illuminate/Container/Container->make('cache.store', Array)
#15 C:/laragon/www/05ArjunaSatria/vendor/laravel/framework/src/Illuminate/Container/Container.php(1846): Illuminate/Foundation/Application->make('cache.store')
#16 C:/laragon/www/05ArjunaSatria/vendor/laravel/framework/src/Illuminate/Foundation/Providers/ArtisanServiceProvider.php(735): Illuminate/Container/Container->offsetGet('cache.store')
#17 C:/laragon/www/05ArjunaSatria/vendor/laravel/framework/src/Illuminate/Container/Container.php(1140): Illuminate/Foundation/Providers/ArtisanServiceProvider->{closure:Illuminate/Foundation/Providers/ArtisanServiceProvider::registerQueueRestartCommand():734}(Object(Illuminate/Foundation/Application), Array)
#18 C:/laragon/www/05ArjunaSatria/vendor/laravel/framework/src/Illuminate/Container/Container.php(939): Illuminate/Container/Container->build(Object(Closure))
#19 C:/laragon/www/05ArjunaSatria/vendor/laravel/framework/src/Illuminate/Foundation/Application.php(1085): Illuminate/Container/Container->resolve('Illuminate//Queu...', Array, true)
#20 C:/laragon/www/05ArjunaSatria/vendor/laravel/framework/src/Illuminate/Container/Container.php(884): Illuminate/Foundation/Application->resolve('Illuminate//Queu...')
#21 C:/laragon/www/05ArjunaSatria/vendor/laravel/framework/src/Illuminate/Console/ContainerCommandLoader.php(52): Illuminate/Container/Container->get('Illuminate//Queu...')
#22 C:/laragon/www/05ArjunaSatria/vendor/symfony/console/Application.php(664): Illuminate/Console/ContainerCommandLoader->get('queue:restart')
#23 C:/laragon/www/05ArjunaSatria/vendor/symfony/console/Application.php(873): Symfony/Component/Console/Application->has('queue:restart')
#24 C:/laragon/www/05ArjunaSatria/vendor/symfony/console/Descriptor/ApplicationDescription.php(84): Symfony/Component/Console/Application->all(NULL)
#25 C:/laragon/www/05ArjunaSatria/vendor/symfony/console/Descriptor/ApplicationDescription.php(61): Symfony/Component/Console/Descriptor/ApplicationDescription->inspectApplication()
#26 C:/laragon/www/05ArjunaSatria/vendor/symfony/console/Descriptor/TextDescriptor.php(185): Symfony/Component/Console/Descriptor/ApplicationDescription->getCommands()
#27 C:/laragon/www/05ArjunaSatria/vendor/symfony/console/Descriptor/Descriptor.php(40): Symfony/Component/Console/Descriptor/TextDescriptor->describeApplication(Object(Illuminate/Console/Application), Array)
#28 C:/laragon/www/05ArjunaSatria/vendor/symfony/console/Helper/DescriptorHelper.php(67): Symfony/Component/Console/Descriptor/Descriptor->describe(Object(Symfony/Component/Console/Output/ConsoleOutput), Object(Illuminate/Console/Application), Array)
#29 C:/laragon/www/05ArjunaSatria/vendor/symfony/console/Command/ListCommand.php(63): Symfony/Component/Console/Helper/DescriptorHelper->describe(Object(Symfony/Component/Console/Output/ConsoleOutput), Object(Illuminate/Console/Application), Array)
#30 C:/laragon/www/05ArjunaSatria/vendor/symfony/console/Command/Command.php(285): Symfony/Component/Console/Command/ListCommand->execute(Object(Symfony/Component/Console/Input/ArgvInput), Object(Symfony/Component/Console/Output/ConsoleOutput))
#31 C:/laragon/www/05ArjunaSatria/vendor/symfony/console/Application.php(1144): Symfony/Component/Console/Command/Command->run(Object(Symfony/Component/Console/Input/ArgvInput), Object(Symfony/Component/Console/Output/ConsoleOutput))
#32 C:/laragon/www/05ArjunaSatria/vendor/symfony/console/Application.php(379): Symfony/Component/Console/Application->doRunCommand(Object(Symfony/Component/Console/Command/ListCommand), Object(Symfony/Component/Console/Input/ArgvInput), Object(Symfony/Component/Console/Output/ConsoleOutput))
#33 C:/laragon/www/05ArjunaSatria/vendor/symfony/console/Application.php(218): Symfony/Component/Console/Application->doRun(Object(Symfony/Component/Console/Input/ArgvInput), Object(Symfony/Component/Console/Output/ConsoleOutput))
#34 C:/laragon/www/05ArjunaSatria/vendor/laravel/framework/src/Illuminate/Foundation/Console/Kernel.php(198): Symfony/Component/Console/Application->run(Object(Symfony/Component/Console/Input/ArgvInput), Object(Symfony/Component/Console/Output/ConsoleOutput))
#35 Command line code(1): Illuminate/Foundation/Console/Kernel->handle(Object(Symfony/Component/Console/Input/ArgvInput), Object(Symfony/Component/Console/Output/ConsoleOutput))
#36 {main}
"} 
[2026-09-24 01:58:01] local.ERROR: The database configuration URL is malformed. {"exception":"[object] (InvalidArgumentException(code: 0): The database configuration URL is malformed. at C:/laragon/www/05ArjunaSatria/vendor/laravel/framework/src/Illuminate/Support/ConfigurationUrlParser.php:148)
[stacktrace]
#0 C:/laragon/www/05ArjunaSatria/vendor/laravel/framework/src/Illuminate/Support/ConfigurationUrlParser.php(51): Illuminate/Support/ConfigurationUrlParser->parseUrl('postgresql://po...')
#1 C:/laragon/www/05ArjunaSatria/vendor/laravel/framework/src/Illuminate/Database/DatabaseManager.php(230): Illuminate/Support/ConfigurationUrlParser->parseConfiguration(Array)
#2 C:/laragon/www/05ArjunaSatria/vendor/laravel/framework/src/Illuminate/Database/DatabaseManager.php(192): Illuminate/Database/DatabaseManager->configuration('pgsql')
#3 C:/laragon/www/05ArjunaSatria/vendor/laravel/framework/src/Illuminate/Database/DatabaseManager.php(103): Illuminate/Database/DatabaseManager->makeConnection('pgsql')
#4 C:/laragon/www/05ArjunaSatria/vendor/laravel/framework/src/Illuminate/Cache/CacheManager.php(200): Illuminate/Database/DatabaseManager->connection('pgsql')
#5 C:/laragon/www/05ArjunaSatria/vendor/laravel/framework/src/Illuminate/Cache/CacheManager.php(148): Illuminate/Cache/CacheManager->createDatabaseDriver(Array)
#6 C:/laragon/www/05ArjunaSatria/vendor/laravel/framework/src/Illuminate/Cache/CacheManager.php(126): Illuminate/Cache/CacheManager->build(Array)
#7 C:/laragon/www/05ArjunaSatria/vendor/laravel/framework/src/Illuminate/Cache/CacheManager.php(69): Illuminate/Cache/CacheManager->resolve('database')
#8 C:/laragon/www/05ArjunaSatria/vendor/laravel/framework/src/Illuminate/Cache/CacheManager.php(80): Illuminate/Cache/CacheManager->store('database')
#9 C:/laragon/www/05ArjunaSatria/vendor/laravel/framework/src/Illuminate/Cache/CacheServiceProvider.php(23): Illuminate/Cache/CacheManager->driver()
#10 C:/laragon/www/05ArjunaSatria/vendor/laravel/framework/src/Illuminate/Container/Container.php(1140): Illuminate/Cache/CacheServiceProvider->{closure:Illuminate/Cache/CacheServiceProvider::register():22}(Object(Illuminate/Foundation/Application), Array)
#11 C:/laragon/www/05ArjunaSatria/vendor/laravel/framework/src/Illuminate/Container/Container.php(939): Illuminate/Container/Container->build(Object(Closure))
#12 C:/laragon/www/05ArjunaSatria/vendor/laravel/framework/src/Illuminate/Foundation/Application.php(1085): Illuminate/Container/Container->resolve('cache.store', Array, true)
#13 C:/laragon/www/05ArjunaSatria/vendor/laravel/framework/src/Illuminate/Container/Container.php(867): Illuminate/Foundation/Application->resolve('cache.store', Array)
#14 C:/laragon/www/05ArjunaSatria/vendor/laravel/framework/src/Illuminate/Foundation/Application.php(1065): Illuminate/Container/Container->make('cache.store', Array)
#15 C:/laragon/www/05ArjunaSatria/vendor/laravel/framework/src/Illuminate/Container/Container.php(1846): Illuminate/Foundation/Application->make('cache.store')
#16 C:/laragon/www/05ArjunaSatria/vendor/laravel/framework/src/Illuminate/Foundation/Providers/ArtisanServiceProvider.php(735): Illuminate/Container/Container->offsetGet('cache.store')
#17 C:/laragon/www/05ArjunaSatria/vendor/laravel/framework/src/Illuminate/Container/Container.php(1140): Illuminate/Foundation/Providers/ArtisanServiceProvider->{closure:Illuminate/Foundation/Providers/ArtisanServiceProvider::registerQueueRestartCommand():734}(Object(Illuminate/Foundation/Application), Array)
#18 C:/laragon/www/05ArjunaSatria/vendor/laravel/framework/src/Illuminate/Container/Container.php(939): Illuminate/Container/Container->build(Object(Closure))
#19 C:/laragon/www/05ArjunaSatria/vendor/laravel/framework/src/Illuminate/Foundation/Application.php(1085): Illuminate/Container/Container->resolve('Illuminate//Queu...', Array, true)
#20 C:/laragon/www/05ArjunaSatria/vendor/laravel/framework/src/Illuminate/Container/Container.php(884): Illuminate/Foundation/Application->resolve('Illuminate//Queu...')
#21 C:/laragon/www/05ArjunaSatria/vendor/laravel/framework/src/Illuminate/Console/ContainerCommandLoader.php(52): Illuminate/Container/Container->get('Illuminate//Queu...')
#22 C:/laragon/www/05ArjunaSatria/vendor/symfony/console/Application.php(664): Illuminate/Console/ContainerCommandLoader->get('queue:restart')
#23 C:/laragon/www/05ArjunaSatria/vendor/symfony/console/Application.php(873): Symfony/Component/Console/Application->has('queue:restart')
#24 C:/laragon/www/05ArjunaSatria/vendor/symfony/console/Descriptor/ApplicationDescription.php(84): Symfony/Component/Console/Application->all(NULL)
#25 C:/laragon/www/05ArjunaSatria/vendor/symfony/console/Descriptor/ApplicationDescription.php(61): Symfony/Component/Console/Descriptor/ApplicationDescription->inspectApplication()
#26 C:/laragon/www/05ArjunaSatria/vendor/symfony/console/Descriptor/TextDescriptor.php(185): Symfony/Component/Console/Descriptor/ApplicationDescription->getCommands()
#27 C:/laragon/www/05ArjunaSatria/vendor/symfony/console/Descriptor/Descriptor.php(40): Symfony/Component/Console/Descriptor/TextDescriptor->describeApplication(Object(Illuminate/Console/Application), Array)
#28 C:/laragon/www/05ArjunaSatria/vendor/symfony/console/Helper/DescriptorHelper.php(67): Symfony/Component/Console/Descriptor/Descriptor->describe(Object(Symfony/Component/Console/Output/ConsoleOutput), Object(Illuminate/Console/Application), Array)
#29 C:/laragon/www/05ArjunaSatria/vendor/symfony/console/Command/ListCommand.php(63): Symfony/Component/Console/Helper/DescriptorHelper->describe(Object(Symfony/Component/Console/Output/ConsoleOutput), Object(Illuminate/Console/Application), Array)
#30 C:/laragon/www/05ArjunaSatria/vendor/symfony/console/Command/Command.php(285): Symfony/Component/Console/Command/ListCommand->execute(Object(Symfony/Component/Console/Input/ArgvInput), Object(Symfony/Component/Console/Output/ConsoleOutput))
#31 C:/laragon/www/05ArjunaSatria/vendor/symfony/console/Application.php(1144): Symfony/Component/Console/Command/Command->run(Object(Symfony/Component/Console/Input/ArgvInput), Object(Symfony/Component/Console/Output/ConsoleOutput))
#32 C:/laragon/www/05ArjunaSatria/vendor/symfony/console/Application.php(379): Symfony/Component/Console/Application->doRunCommand(Object(Symfony/Component/Console/Command/ListCommand), Object(Symfony/Component/Console/Input/ArgvInput), Object(Symfony/Component/Console/Output/ConsoleOutput))
#33 C:/laragon/www/05ArjunaSatria/vendor/symfony/console/Application.php(218): Symfony/Component/Console/Application->doRun(Object(Symfony/Component/Console/Input/ArgvInput), Object(Symfony/Component/Console/Output/ConsoleOutput))
#34 C:/laragon/www/05ArjunaSatria/vendor/laravel/framework/src/Illuminate/Foundation/Console/Kernel.php(198): Symfony/Component/Console/Application->run(Object(Symfony/Component/Console/Input/ArgvInput), Object(Symfony/Component/Console/Output/ConsoleOutput))
#35 Command line code(1): Illuminate/Foundation/Console/Kernel->handle(Object(Symfony/Component/Console/Input/ArgvInput), Object(Symfony/Component/Console/Output/ConsoleOutput))
#36 {main}
"} 
[2026-09-24 01:58:01] local.ERROR: The database configuration URL is malformed. {"exception":"[object] (InvalidArgumentException(code: 0): The database configuration URL is malformed. at C:/laragon/www/05ArjunaSatria/vendor/laravel/framework/src/Illuminate/Support/ConfigurationUrlParser.php:148)
[stacktrace]
#0 C:/laragon/www/05ArjunaSatria/vendor/laravel/framework/src/Illuminate/Support/ConfigurationUrlParser.php(51): Illuminate/Support/ConfigurationUrlParser->parseUrl('postgresql://po...')
#1 C:/laragon/www/05ArjunaSatria/vendor/laravel/framework/src/Illuminate/Database/DatabaseManager.php(230): Illuminate/Support/ConfigurationUrlParser->parseConfiguration(Array)
#2 C:/laragon/www/05ArjunaSatria/vendor/laravel/framework/src/Illuminate/Database/DatabaseManager.php(192): Illuminate/Database/DatabaseManager->configuration('pgsql')
#3 C:/laragon/www/05ArjunaSatria/vendor/laravel/framework/src/Illuminate/Database/DatabaseManager.php(103): Illuminate/Database/DatabaseManager->makeConnection('pgsql')
#4 C:/laragon/www/05ArjunaSatria/vendor/laravel/framework/src/Illuminate/Cache/CacheManager.php(200): Illuminate/Database/DatabaseManager->connection('pgsql')
#5 C:/laragon/www/05ArjunaSatria/vendor/laravel/framework/src/Illuminate/Cache/CacheManager.php(148): Illuminate/Cache/CacheManager->createDatabaseDriver(Array)
#6 C:/laragon/www/05ArjunaSatria/vendor/laravel/framework/src/Illuminate/Cache/CacheManager.php(126): Illuminate/Cache/CacheManager->build(Array)
#7 C:/laragon/www/05ArjunaSatria/vendor/laravel/framework/src/Illuminate/Cache/CacheManager.php(69): Illuminate/Cache/CacheManager->resolve('database')
#8 C:/laragon/www/05ArjunaSatria/vendor/laravel/framework/src/Illuminate/Cache/CacheManager.php(80): Illuminate/Cache/CacheManager->store('database')
#9 C:/laragon/www/05ArjunaSatria/vendor/laravel/framework/src/Illuminate/Cache/CacheServiceProvider.php(23): Illuminate/Cache/CacheManager->driver()
#10 C:/laragon/www/05ArjunaSatria/vendor/laravel/framework/src/Illuminate/Container/Container.php(1140): Illuminate/Cache/CacheServiceProvider->{closure:Illuminate/Cache/CacheServiceProvider::register():22}(Object(Illuminate/Foundation/Application), Array)
#11 C:/laragon/www/05ArjunaSatria/vendor/laravel/framework/src/Illuminate/Container/Container.php(939): Illuminate/Container/Container->build(Object(Closure))
#12 C:/laragon/www/05ArjunaSatria/vendor/laravel/framework/src/Illuminate/Foundation/Application.php(1085): Illuminate/Container/Container->resolve('cache.store', Array, true)
#13 C:/laragon/www/05ArjunaSatria/vendor/laravel/framework/src/Illuminate/Container/Container.php(867): Illuminate/Foundation/Application->resolve('cache.store', Array)
#14 C:/laragon/www/05ArjunaSatria/vendor/laravel/framework/src/Illuminate/Foundation/Application.php(1065): Illuminate/Container/Container->make('cache.store', Array)
#15 C:/laragon/www/05ArjunaSatria/vendor/laravel/framework/src/Illuminate/Container/Container.php(1846): Illuminate/Foundation/Application->make('cache.store')
#16 C:/laragon/www/05ArjunaSatria/vendor/laravel/framework/src/Illuminate/Foundation/Providers/ArtisanServiceProvider.php(735): Illuminate/Container/Container->offsetGet('cache.store')
#17 C:/laragon/www/05ArjunaSatria/vendor/laravel/framework/src/Illuminate/Container/Container.php(1140): Illuminate/Foundation/Providers/ArtisanServiceProvider->{closure:Illuminate/Foundation/Providers/ArtisanServiceProvider::registerQueueRestartCommand():734}(Object(Illuminate/Foundation/Application), Array)
#18 C:/laragon/www/05ArjunaSatria/vendor/laravel/framework/src/Illuminate/Container/Container.php(939): Illuminate/Container/Container->build(Object(Closure))
#19 C:/laragon/www/05ArjunaSatria/vendor/laravel/framework/src/Illuminate/Foundation/Application.php(1085): Illuminate/Container/Container->resolve('Illuminate//Queu...', Array, true)
#20 C:/laragon/www/05ArjunaSatria/vendor/laravel/framework/src/Illuminate/Container/Container.php(884): Illuminate/Foundation/Application->resolve('Illuminate//Queu...')
#21 C:/laragon/www/05ArjunaSatria/vendor/laravel/framework/src/Illuminate/Console/ContainerCommandLoader.php(52): Illuminate/Container/Container->get('Illuminate//Queu...')
#22 C:/laragon/www/05ArjunaSatria/vendor/symfony/console/Application.php(664): Illuminate/Console/ContainerCommandLoader->get('queue:restart')
#23 C:/laragon/www/05ArjunaSatria/vendor/symfony/console/Application.php(873): Symfony/Component/Console/Application->has('queue:restart')
#24 C:/laragon/www/05ArjunaSatria/vendor/symfony/console/Descriptor/ApplicationDescription.php(84): Symfony/Component/Console/Application->all(NULL)
#25 C:/laragon/www/05ArjunaSatria/vendor/symfony/console/Descriptor/ApplicationDescription.php(61): Symfony/Component/Console/Descriptor/ApplicationDescription->inspectApplication()
#26 C:/laragon/www/05ArjunaSatria/vendor/symfony/console/Descriptor/TextDescriptor.php(185): Symfony/Component/Console/Descriptor/ApplicationDescription->getCommands()
#27 C:/laragon/www/05ArjunaSatria/vendor/symfony/console/Descriptor/Descriptor.php(40): Symfony/Component/Console/Descriptor/TextDescriptor->describeApplication(Object(Illuminate/Console/Application), Array)
#28 C:/laragon/www/05ArjunaSatria/vendor/symfony/console/Helper/DescriptorHelper.php(67): Symfony/Component/Console/Descriptor/Descriptor->describe(Object(Symfony/Component/Console/Output/ConsoleOutput), Object(Illuminate/Console/Application), Array)
#29 C:/laragon/www/05ArjunaSatria/vendor/symfony/console/Command/ListCommand.php(63): Symfony/Component/Console/Helper/DescriptorHelper->describe(Object(Symfony/Component/Console/Output/ConsoleOutput), Object(Illuminate/Console/Application), Array)
#30 C:/laragon/www/05ArjunaSatria/vendor/symfony/console/Command/Command.php(285): Symfony/Component/Console/Command/ListCommand->execute(Object(Symfony/Component/Console/Input/ArgvInput), Object(Symfony/Component/Console/Output/ConsoleOutput))
#31 C:/laragon/www/05ArjunaSatria/vendor/symfony/console/Application.php(1144): Symfony/Component/Console/Command/Command->run(Object(Symfony/Component/Console/Input/ArgvInput), Object(Symfony/Component/Console/Output/ConsoleOutput))
#32 C:/laragon/www/05ArjunaSatria/vendor/symfony/console/Application.php(379): Symfony/Component/Console/Application->doRunCommand(Object(Symfony/Component/Console/Command/ListCommand), Object(Symfony/Component/Console/Input/ArgvInput), Object(Symfony/Component/Console/Output/ConsoleOutput))
#33 C:/laragon/www/05ArjunaSatria/vendor/symfony/console/Application.php(218): Symfony/Component/Console/Application->doRun(Object(Symfony/Component/Console/Input/ArgvInput), Object(Symfony/Component/Console/Output/ConsoleOutput))
#34 C:/laragon/www/05ArjunaSatria/vendor/laravel/framework/src/Illuminate/Foundation/Console/Kernel.php(198): Symfony/Component/Console/Application->run(Object(Symfony/Component/Console/Input/ArgvInput), Object(Symfony/Component/Console/Output/ConsoleOutput))
#35 Command line code(1): Illuminate/Foundation/Console/Kernel->handle(Object(Symfony/Component/Console/Input/ArgvInput), Object(Symfony/Component/Console/Output/ConsoleOutput))
#36 {main}
"} 
[2026-09-24 01:58:01] local.ERROR: The database configuration URL is malformed. {"exception":"[object] (InvalidArgumentException(code: 0): The database configuration URL is malformed. at C:/laragon/www/05ArjunaSatria/vendor/laravel/framework/src/Illuminate/Support/ConfigurationUrlParser.php:148)
[stacktrace]
#0 C:/laragon/www/05ArjunaSatria/vendor/laravel/framework/src/Illuminate/Support/ConfigurationUrlParser.php(51): Illuminate/Support/ConfigurationUrlParser->parseUrl('postgresql://po...')
#1 C:/laragon/www/05ArjunaSatria/vendor/laravel/framework/src/Illuminate/Database/DatabaseManager.php(230): Illuminate/Support/ConfigurationUrlParser->parseConfiguration(Array)
#2 C:/laragon/www/05ArjunaSatria/vendor/laravel/framework/src/Illuminate/Database/DatabaseManager.php(192): Illuminate/Database/DatabaseManager->configuration('pgsql')
#3 C:/laragon/www/05ArjunaSatria/vendor/laravel/framework/src/Illuminate/Database/DatabaseManager.php(103): Illuminate/Database/DatabaseManager->makeConnection('pgsql')
#4 C:/laragon/www/05ArjunaSatria/vendor/laravel/framework/src/Illuminate/Cache/CacheManager.php(200): Illuminate/Database/DatabaseManager->connection('pgsql')
#5 C:/laragon/www/05ArjunaSatria/vendor/laravel/framework/src/Illuminate/Cache/CacheManager.php(148): Illuminate/Cache/CacheManager->createDatabaseDriver(Array)
#6 C:/laragon/www/05ArjunaSatria/vendor/laravel/framework/src/Illuminate/Cache/CacheManager.php(126): Illuminate/Cache/CacheManager->build(Array)
#7 C:/laragon/www/05ArjunaSatria/vendor/laravel/framework/src/Illuminate/Cache/CacheManager.php(69): Illuminate/Cache/CacheManager->resolve('database')
#8 C:/laragon/www/05ArjunaSatria/vendor/laravel/framework/src/Illuminate/Cache/CacheManager.php(80): Illuminate/Cache/CacheManager->store('database')
#9 C:/laragon/www/05ArjunaSatria/vendor/laravel/framework/src/Illuminate/Cache/CacheServiceProvider.php(23): Illuminate/Cache/CacheManager->driver()
#10 C:/laragon/www/05ArjunaSatria/vendor/laravel/framework/src/Illuminate/Container/Container.php(1140): Illuminate/Cache/CacheServiceProvider->{closure:Illuminate/Cache/CacheServiceProvider::register():22}(Object(Illuminate/Foundation/Application), Array)
#11 C:/laragon/www/05ArjunaSatria/vendor/laravel/framework/src/Illuminate/Container/Container.php(939): Illuminate/Container/Container->build(Object(Closure))
#12 C:/laragon/www/05ArjunaSatria/vendor/laravel/framework/src/Illuminate/Foundation/Application.php(1085): Illuminate/Container/Container->resolve('cache.store', Array, true)
#13 C:/laragon/www/05ArjunaSatria/vendor/laravel/framework/src/Illuminate/Container/Container.php(867): Illuminate/Foundation/Application->resolve('cache.store', Array)
#14 C:/laragon/www/05ArjunaSatria/vendor/laravel/framework/src/Illuminate/Foundation/Application.php(1065): Illuminate/Container/Container->make('cache.store', Array)
#15 C:/laragon/www/05ArjunaSatria/vendor/laravel/framework/src/Illuminate/Container/Container.php(1846): Illuminate/Foundation/Application->make('cache.store')
#16 C:/laragon/www/05ArjunaSatria/vendor/laravel/framework/src/Illuminate/Foundation/Providers/ArtisanServiceProvider.php(735): Illuminate/Container/Container->offsetGet('cache.store')
#17 C:/laragon/www/05ArjunaSatria/vendor/laravel/framework/src/Illuminate/Container/Container.php(1140): Illuminate/Foundation/Providers/ArtisanServiceProvider->{closure:Illuminate/Foundation/Providers/ArtisanServiceProvider::registerQueueRestartCommand():734}(Object(Illuminate/Foundation/Application), Array)
#18 C:/laragon/www/05ArjunaSatria/vendor/laravel/framework/src/Illuminate/Container/Container.php(939): Illuminate/Container/Container->build(Object(Closure))
#19 C:/laragon/www/05ArjunaSatria/vendor/laravel/framework/src/Illuminate/Foundation/Application.php(1085): Illuminate/Container/Container->resolve('Illuminate//Queu...', Array, true)
#20 C:/laragon/www/05ArjunaSatria/vendor/laravel/framework/src/Illuminate/Container/Container.php(884): Illuminate/Foundation/Application->resolve('Illuminate//Queu...')
#21 C:/laragon/www/05ArjunaSatria/vendor/laravel/framework/src/Illuminate/Console/ContainerCommandLoader.php(52): Illuminate/Container/Container->get('Illuminate//Queu...')
#22 C:/laragon/www/05ArjunaSatria/vendor/symfony/console/Application.php(664): Illuminate/Console/ContainerCommandLoader->get('queue:restart')
#23 C:/laragon/www/05ArjunaSatria/vendor/symfony/console/Application.php(873): Symfony/Component/Console/Application->has('queue:restart')
#24 C:/laragon/www/05ArjunaSatria/vendor/symfony/console/Descriptor/ApplicationDescription.php(84): Symfony/Component/Console/Application->all(NULL)
#25 C:/laragon/www/05ArjunaSatria/vendor/symfony/console/Descriptor/ApplicationDescription.php(61): Symfony/Component/Console/Descriptor/ApplicationDescription->inspectApplication()
#26 C:/laragon/www/05ArjunaSatria/vendor/symfony/console/Descriptor/TextDescriptor.php(185): Symfony/Component/Console/Descriptor/ApplicationDescription->getCommands()
#27 C:/laragon/www/05ArjunaSatria/vendor/symfony/console/Descriptor/Descriptor.php(40): Symfony/Component/Console/Descriptor/TextDescriptor->describeApplication(Object(Illuminate/Console/Application), Array)
#28 C:/laragon/www/05ArjunaSatria/vendor/symfony/console/Helper/DescriptorHelper.php(67): Symfony/Component/Console/Descriptor/Descriptor->describe(Object(Symfony/Component/Console/Output/ConsoleOutput), Object(Illuminate/Console/Application), Array)
#29 C:/laragon/www/05ArjunaSatria/vendor/symfony/console/Command/ListCommand.php(63): Symfony/Component/Console/Helper/DescriptorHelper->describe(Object(Symfony/Component/Console/Output/ConsoleOutput), Object(Illuminate/Console/Application), Array)
#30 C:/laragon/www/05ArjunaSatria/vendor/symfony/console/Command/Command.php(285): Symfony/Component/Console/Command/ListCommand->execute(Object(Symfony/Component/Console/Input/ArgvInput), Object(Symfony/Component/Console/Output/ConsoleOutput))
#31 C:/laragon/www/05ArjunaSatria/vendor/symfony/console/Application.php(1144): Symfony/Component/Console/Command/Command->run(Object(Symfony/Component/Console/Input/ArgvInput), Object(Symfony/Component/Console/Output/ConsoleOutput))
#32 C:/laragon/www/05ArjunaSatria/vendor/symfony/console/Application.php(379): Symfony/Component/Console/Application->doRunCommand(Object(Symfony/Component/Console/Command/ListCommand), Object(Symfony/Component/Console/Input/ArgvInput), Object(Symfony/Component/Console/Output/ConsoleOutput))
#33 C:/laragon/www/05ArjunaSatria/vendor/symfony/console/Application.php(218): Symfony/Component/Console/Application->doRun(Object(Symfony/Component/Console/Input/ArgvInput), Object(Symfony/Component/Console/Output/ConsoleOutput))
#34 C:/laragon/www/05ArjunaSatria/vendor/laravel/framework/src/Illuminate/Foundation/Console/Kernel.php(198): Symfony/Component/Console/Application->run(Object(Symfony/Component/Console/Input/ArgvInput), Object(Symfony/Component/Console/Output/ConsoleOutput))
#35 Command line code(1): Illuminate/Foundation/Console/Kernel->handle(Object(Symfony/Component/Console/Input/ArgvInput), Object(Symfony/Component/Console/Output/ConsoleOutput))
#36 {main}
"} 
[2026-09-24 01:58:01] local.ERROR: The database configuration URL is malformed. {"exception":"[object] (InvalidArgumentException(code: 0): The database configuration URL is malformed. at C:/laragon/www/05ArjunaSatria/vendor/laravel/framework/src/Illuminate/Support/ConfigurationUrlParser.php:148)
[stacktrace]
#0 C:/laragon/www/05ArjunaSatria/vendor/laravel/framework/src/Illuminate/Support/ConfigurationUrlParser.php(51): Illuminate/Support/ConfigurationUrlParser->parseUrl('postgresql://po...')
#1 C:/laragon/www/05ArjunaSatria/vendor/laravel/framework/src/Illuminate/Database/DatabaseManager.php(230): Illuminate/Support/ConfigurationUrlParser->parseConfiguration(Array)
#2 C:/laragon/www/05ArjunaSatria/vendor/laravel/framework/src/Illuminate/Database/DatabaseManager.php(192): Illuminate/Database/DatabaseManager->configuration('pgsql')
#3 C:/laragon/www/05ArjunaSatria/vendor/laravel/framework/src/Illuminate/Database/DatabaseManager.php(103): Illuminate/Database/DatabaseManager->makeConnection('pgsql')
#4 C:/laragon/www/05ArjunaSatria/vendor/laravel/framework/src/Illuminate/Cache/CacheManager.php(200): Illuminate/Database/DatabaseManager->connection('pgsql')
#5 C:/laragon/www/05ArjunaSatria/vendor/laravel/framework/src/Illuminate/Cache/CacheManager.php(148): Illuminate/Cache/CacheManager->createDatabaseDriver(Array)
#6 C:/laragon/www/05ArjunaSatria/vendor/laravel/framework/src/Illuminate/Cache/CacheManager.php(126): Illuminate/Cache/CacheManager->build(Array)
#7 C:/laragon/www/05ArjunaSatria/vendor/laravel/framework/src/Illuminate/Cache/CacheManager.php(69): Illuminate/Cache/CacheManager->resolve('database')
#8 C:/laragon/www/05ArjunaSatria/vendor/laravel/framework/src/Illuminate/Cache/CacheManager.php(80): Illuminate/Cache/CacheManager->store('database')
#9 C:/laragon/www/05ArjunaSatria/vendor/laravel/framework/src/Illuminate/Cache/CacheServiceProvider.php(23): Illuminate/Cache/CacheManager->driver()
#10 C:/laragon/www/05ArjunaSatria/vendor/laravel/framework/src/Illuminate/Container/Container.php(1140): Illuminate/Cache/CacheServiceProvider->{closure:Illuminate/Cache/CacheServiceProvider::register():22}(Object(Illuminate/Foundation/Application), Array)
#11 C:/laragon/www/05ArjunaSatria/vendor/laravel/framework/src/Illuminate/Container/Container.php(939): Illuminate/Container/Container->build(Object(Closure))
#12 C:/laragon/www/05ArjunaSatria/vendor/laravel/framework/src/Illuminate/Foundation/Application.php(1085): Illuminate/Container/Container->resolve('cache.store', Array, true)
#13 C:/laragon/www/05ArjunaSatria/vendor/laravel/framework/src/Illuminate/Container/Container.php(867): Illuminate/Foundation/Application->resolve('cache.store', Array)
#14 C:/laragon/www/05ArjunaSatria/vendor/laravel/framework/src/Illuminate/Foundation/Application.php(1065): Illuminate/Container/Container->make('cache.store', Array)
#15 C:/laragon/www/05ArjunaSatria/vendor/laravel/framework/src/Illuminate/Container/Container.php(1846): Illuminate/Foundation/Application->make('cache.store')
#16 C:/laragon/www/05ArjunaSatria/vendor/laravel/framework/src/Illuminate/Foundation/Providers/ArtisanServiceProvider.php(735): Illuminate/Container/Container->offsetGet('cache.store')
#17 C:/laragon/www/05ArjunaSatria/vendor/laravel/framework/src/Illuminate/Container/Container.php(1140): Illuminate/Foundation/Providers/ArtisanServiceProvider->{closure:Illuminate/Foundation/Providers/ArtisanServiceProvider::registerQueueRestartCommand():734}(Object(Illuminate/Foundation/Application), Array)
#18 C:/laragon/www/05ArjunaSatria/vendor/laravel/framework/src/Illuminate/Container/Container.php(939): Illuminate/Container/Container->build(Object(Closure))
#19 C:/laragon/www/05ArjunaSatria/vendor/laravel/framework/src/Illuminate/Foundation/Application.php(1085): Illuminate/Container/Container->resolve('Illuminate//Queu...', Array, true)
#20 C:/laragon/www/05ArjunaSatria/vendor/laravel/framework/src/Illuminate/Container/Container.php(884): Illuminate/Foundation/Application->resolve('Illuminate//Queu...')
#21 C:/laragon/www/05ArjunaSatria/vendor/laravel/framework/src/Illuminate/Console/ContainerCommandLoader.php(52): Illuminate/Container/Container->get('Illuminate//Queu...')
#22 C:/laragon/www/05ArjunaSatria/vendor/symfony/console/Application.php(664): Illuminate/Console/ContainerCommandLoader->get('queue:restart')
#23 C:/laragon/www/05ArjunaSatria/vendor/symfony/console/Application.php(873): Symfony/Component/Console/Application->has('queue:restart')
#24 C:/laragon/www/05ArjunaSatria/vendor/symfony/console/Descriptor/ApplicationDescription.php(84): Symfony/Component/Console/Application->all(NULL)
#25 C:/laragon/www/05ArjunaSatria/vendor/symfony/console/Descriptor/ApplicationDescription.php(61): Symfony/Component/Console/Descriptor/ApplicationDescription->inspectApplication()
#26 C:/laragon/www/05ArjunaSatria/vendor/symfony/console/Descriptor/TextDescriptor.php(185): Symfony/Component/Console/Descriptor/ApplicationDescription->getCommands()
#27 C:/laragon/www/05ArjunaSatria/vendor/symfony/console/Descriptor/Descriptor.php(40): Symfony/Component/Console/Descriptor/TextDescriptor->describeApplication(Object(Illuminate/Console/Application), Array)
#28 C:/laragon/www/05ArjunaSatria/vendor/symfony/console/Helper/DescriptorHelper.php(67): Symfony/Component/Console/Descriptor/Descriptor->describe(Object(Symfony/Component/Console/Output/ConsoleOutput), Object(Illuminate/Console/Application), Array)
#29 C:/laragon/www/05ArjunaSatria/vendor/symfony/console/Command/ListCommand.php(63): Symfony/Component/Console/Helper/DescriptorHelper->describe(Object(Symfony/Component/Console/Output/ConsoleOutput), Object(Illuminate/Console/Application), Array)
#30 C:/laragon/www/05ArjunaSatria/vendor/symfony/console/Command/Command.php(285): Symfony/Component/Console/Command/ListCommand->execute(Object(Symfony/Component/Console/Input/ArgvInput), Object(Symfony/Component/Console/Output/ConsoleOutput))
#31 C:/laragon/www/05ArjunaSatria/vendor/symfony/console/Application.php(1144): Symfony/Component/Console/Command/Command->run(Object(Symfony/Component/Console/Input/ArgvInput), Object(Symfony/Component/Console/Output/ConsoleOutput))
#32 C:/laragon/www/05ArjunaSatria/vendor/symfony/console/Application.php(379): Symfony/Component/Console/Application->doRunCommand(Object(Symfony/Component/Console/Command/ListCommand), Object(Symfony/Component/Console/Input/ArgvInput), Object(Symfony/Component/Console/Output/ConsoleOutput))
#33 C:/laragon/www/05ArjunaSatria/vendor/symfony/console/Application.php(218): Symfony/Component/Console/Application->doRun(Object(Symfony/Component/Console/Input/ArgvInput), Object(Symfony/Component/Console/Output/ConsoleOutput))
#34 C:/laragon/www/05ArjunaSatria/vendor/laravel/framework/src/Illuminate/Foundation/Console/Kernel.php(198): Symfony/Component/Console/Application->run(Object(Symfony/Component/Console/Input/ArgvInput), Object(Symfony/Component/Console/Output/ConsoleOutput))
#35 Command line code(1): Illuminate/Foundation/Console/Kernel->handle(Object(Symfony/Component/Console/Input/ArgvInput), Object(Symfony/Component/Console/Output/ConsoleOutput))
#36 {main}
"} 
[2026-09-24 01:58:33] local.ERROR: The database configuration URL is malformed. {"exception":"[object] (InvalidArgumentException(code: 0): The database configuration URL is malformed. at C:/laragon/www/05ArjunaSatria/vendor/laravel/framework/src/Illuminate/Support/ConfigurationUrlParser.php:148)
[stacktrace]
#0 C:/laragon/www/05ArjunaSatria/vendor/laravel/framework/src/Illuminate/Support/ConfigurationUrlParser.php(51): Illuminate/Support/ConfigurationUrlParser->parseUrl('postgresql://po...')
#1 C:/laragon/www/05ArjunaSatria/vendor/laravel/framework/src/Illuminate/Database/DatabaseManager.php(230): Illuminate/Support/ConfigurationUrlParser->parseConfiguration(Array)
#2 C:/laragon/www/05ArjunaSatria/vendor/laravel/framework/src/Illuminate/Database/DatabaseManager.php(192): Illuminate/Database/DatabaseManager->configuration('pgsql')
#3 C:/laragon/www/05ArjunaSatria/vendor/laravel/framework/src/Illuminate/Database/DatabaseManager.php(103): Illuminate/Database/DatabaseManager->makeConnection('pgsql')
#4 C:/laragon/www/05ArjunaSatria/vendor/laravel/framework/src/Illuminate/Cache/CacheManager.php(200): Illuminate/Database/DatabaseManager->connection('pgsql')
#5 C:/laragon/www/05ArjunaSatria/vendor/laravel/framework/src/Illuminate/Cache/CacheManager.php(148): Illuminate/Cache/CacheManager->createDatabaseDriver(Array)
#6 C:/laragon/www/05ArjunaSatria/vendor/laravel/framework/src/Illuminate/Cache/CacheManager.php(126): Illuminate/Cache/CacheManager->build(Array)
#7 C:/laragon/www/05ArjunaSatria/vendor/laravel/framework/src/Illuminate/Cache/CacheManager.php(69): Illuminate/Cache/CacheManager->resolve('database')
#8 C:/laragon/www/05ArjunaSatria/vendor/laravel/framework/src/Illuminate/Cache/CacheManager.php(80): Illuminate/Cache/CacheManager->store('database')
#9 C:/laragon/www/05ArjunaSatria/vendor/laravel/framework/src/Illuminate/Cache/CacheServiceProvider.php(23): Illuminate/Cache/CacheManager->driver()
#10 C:/laragon/www/05ArjunaSatria/vendor/laravel/framework/src/Illuminate/Container/Container.php(1140): Illuminate/Cache/CacheServiceProvider->{closure:Illuminate/Cache/CacheServiceProvider::register():22}(Object(Illuminate/Foundation/Application), Array)
#11 C:/laragon/www/05ArjunaSatria/vendor/laravel/framework/src/Illuminate/Container/Container.php(939): Illuminate/Container/Container->build(Object(Closure))
#12 C:/laragon/www/05ArjunaSatria/vendor/laravel/framework/src/Illuminate/Foundation/Application.php(1085): Illuminate/Container/Container->resolve('cache.store', Array, true)
#13 C:/laragon/www/05ArjunaSatria/vendor/laravel/framework/src/Illuminate/Container/Container.php(867): Illuminate/Foundation/Application->resolve('cache.store', Array)
#14 C:/laragon/www/05ArjunaSatria/vendor/laravel/framework/src/Illuminate/Foundation/Application.php(1065): Illuminate/Container/Container->make('cache.store', Array)
#15 C:/laragon/www/05ArjunaSatria/vendor/laravel/framework/src/Illuminate/Container/Container.php(1846): Illuminate/Foundation/Application->make('cache.store')
#16 C:/laragon/www/05ArjunaSatria/vendor/laravel/framework/src/Illuminate/Foundation/Providers/ArtisanServiceProvider.php(735): Illuminate/Container/Container->offsetGet('cache.store')
#17 C:/laragon/www/05ArjunaSatria/vendor/laravel/framework/src/Illuminate/Container/Container.php(1140): Illuminate/Foundation/Providers/ArtisanServiceProvider->{closure:Illuminate/Foundation/Providers/ArtisanServiceProvider::registerQueueRestartCommand():734}(Object(Illuminate/Foundation/Application), Array)
#18 C:/laragon/www/05ArjunaSatria/vendor/laravel/framework/src/Illuminate/Container/Container.php(939): Illuminate/Container/Container->build(Object(Closure))
#19 C:/laragon/www/05ArjunaSatria/vendor/laravel/framework/src/Illuminate/Foundation/Application.php(1085): Illuminate/Container/Container->resolve('Illuminate//Queu...', Array, true)
#20 C:/laragon/www/05ArjunaSatria/vendor/laravel/framework/src/Illuminate/Container/Container.php(884): Illuminate/Foundation/Application->resolve('Illuminate//Queu...')
#21 C:/laragon/www/05ArjunaSatria/vendor/laravel/framework/src/Illuminate/Console/ContainerCommandLoader.php(52): Illuminate/Container/Container->get('Illuminate//Queu...')
#22 C:/laragon/www/05ArjunaSatria/vendor/symfony/console/Application.php(664): Illuminate/Console/ContainerCommandLoader->get('queue:restart')
#23 C:/laragon/www/05ArjunaSatria/vendor/symfony/console/Application.php(873): Symfony/Component/Console/Application->has('queue:restart')
#24 C:/laragon/www/05ArjunaSatria/vendor/symfony/console/Descriptor/ApplicationDescription.php(84): Symfony/Component/Console/Application->all(NULL)
#25 C:/laragon/www/05ArjunaSatria/vendor/symfony/console/Descriptor/ApplicationDescription.php(61): Symfony/Component/Console/Descriptor/ApplicationDescription->inspectApplication()
#26 C:/laragon/www/05ArjunaSatria/vendor/symfony/console/Descriptor/TextDescriptor.php(185): Symfony/Component/Console/Descriptor/ApplicationDescription->getCommands()
#27 C:/laragon/www/05ArjunaSatria/vendor/symfony/console/Descriptor/Descriptor.php(40): Symfony/Component/Console/Descriptor/TextDescriptor->describeApplication(Object(Illuminate/Console/Application), Array)
#28 C:/laragon/www/05ArjunaSatria/vendor/symfony/console/Helper/DescriptorHelper.php(67): Symfony/Component/Console/Descriptor/Descriptor->describe(Object(Symfony/Component/Console/Output/ConsoleOutput), Object(Illuminate/Console/Application), Array)
#29 C:/laragon/www/05ArjunaSatria/vendor/symfony/console/Command/ListCommand.php(63): Symfony/Component/Console/Helper/DescriptorHelper->describe(Object(Symfony/Component/Console/Output/ConsoleOutput), Object(Illuminate/Console/Application), Array)
#30 C:/laragon/www/05ArjunaSatria/vendor/symfony/console/Command/Command.php(285): Symfony/Component/Console/Command/ListCommand->execute(Object(Symfony/Component/Console/Input/ArgvInput), Object(Symfony/Component/Console/Output/ConsoleOutput))
#31 C:/laragon/www/05ArjunaSatria/vendor/symfony/console/Application.php(1144): Symfony/Component/Console/Command/Command->run(Object(Symfony/Component/Console/Input/ArgvInput), Object(Symfony/Component/Console/Output/ConsoleOutput))
#32 C:/laragon/www/05ArjunaSatria/vendor/symfony/console/Application.php(379): Symfony/Component/Console/Application->doRunCommand(Object(Symfony/Component/Console/Command/ListCommand), Object(Symfony/Component/Console/Input/ArgvInput), Object(Symfony/Component/Console/Output/ConsoleOutput))
#33 C:/laragon/www/05ArjunaSatria/vendor/symfony/console/Application.php(218): Symfony/Component/Console/Application->doRun(Object(Symfony/Component/Console/Input/ArgvInput), Object(Symfony/Component/Console/Output/ConsoleOutput))
#34 C:/laragon/www/05ArjunaSatria/vendor/laravel/framework/src/Illuminate/Foundation/Console/Kernel.php(198): Symfony/Component/Console/Application->run(Object(Symfony/Component/Console/Input/ArgvInput), Object(Symfony/Component/Console/Output/ConsoleOutput))
#35 Command line code(1): Illuminate/Foundation/Console/Kernel->handle(Object(Symfony/Component/Console/Input/ArgvInput), Object(Symfony/Component/Console/Output/ConsoleOutput))
#36 {main}
"} 
[2026-09-24 01:59:00] local.ERROR: The database configuration URL is malformed. {"exception":"[object] (InvalidArgumentException(code: 0): The database configuration URL is malformed. at C:/laragon/www/05ArjunaSatria/vendor/laravel/framework/src/Illuminate/Support/ConfigurationUrlParser.php:148)
[stacktrace]
#0 C:/laragon/www/05ArjunaSatria/vendor/laravel/framework/src/Illuminate/Support/ConfigurationUrlParser.php(51): Illuminate/Support/ConfigurationUrlParser->parseUrl('postgresql://po...')
#1 C:/laragon/www/05ArjunaSatria/vendor/laravel/framework/src/Illuminate/Database/DatabaseManager.php(230): Illuminate/Support/ConfigurationUrlParser->parseConfiguration(Array)
#2 C:/laragon/www/05ArjunaSatria/vendor/laravel/framework/src/Illuminate/Database/DatabaseManager.php(192): Illuminate/Database/DatabaseManager->configuration('pgsql')
#3 C:/laragon/www/05ArjunaSatria/vendor/laravel/framework/src/Illuminate/Database/DatabaseManager.php(103): Illuminate/Database/DatabaseManager->makeConnection('pgsql')
#4 C:/laragon/www/05ArjunaSatria/vendor/laravel/framework/src/Illuminate/Cache/CacheManager.php(200): Illuminate/Database/DatabaseManager->connection('pgsql')
#5 C:/laragon/www/05ArjunaSatria/vendor/laravel/framework/src/Illuminate/Cache/CacheManager.php(148): Illuminate/Cache/CacheManager->createDatabaseDriver(Array)
#6 C:/laragon/www/05ArjunaSatria/vendor/laravel/framework/src/Illuminate/Cache/CacheManager.php(126): Illuminate/Cache/CacheManager->build(Array)
#7 C:/laragon/www/05ArjunaSatria/vendor/laravel/framework/src/Illuminate/Cache/CacheManager.php(69): Illuminate/Cache/CacheManager->resolve('database')
#8 C:/laragon/www/05ArjunaSatria/vendor/laravel/framework/src/Illuminate/Cache/CacheManager.php(80): Illuminate/Cache/CacheManager->store('database')
#9 C:/laragon/www/05ArjunaSatria/vendor/laravel/framework/src/Illuminate/Cache/CacheServiceProvider.php(23): Illuminate/Cache/CacheManager->driver()
#10 C:/laragon/www/05ArjunaSatria/vendor/laravel/framework/src/Illuminate/Container/Container.php(1140): Illuminate/Cache/CacheServiceProvider->{closure:Illuminate/Cache/CacheServiceProvider::register():22}(Object(Illuminate/Foundation/Application), Array)
#11 C:/laragon/www/05ArjunaSatria/vendor/laravel/framework/src/Illuminate/Container/Container.php(939): Illuminate/Container/Container->build(Object(Closure))
#12 C:/laragon/www/05ArjunaSatria/vendor/laravel/framework/src/Illuminate/Foundation/Application.php(1085): Illuminate/Container/Container->resolve('cache.store', Array, true)
#13 C:/laragon/www/05ArjunaSatria/vendor/laravel/framework/src/Illuminate/Container/Container.php(867): Illuminate/Foundation/Application->resolve('cache.store', Array)
#14 C:/laragon/www/05ArjunaSatria/vendor/laravel/framework/src/Illuminate/Foundation/Application.php(1065): Illuminate/Container/Container->make('cache.store', Array)
#15 C:/laragon/www/05ArjunaSatria/vendor/laravel/framework/src/Illuminate/Container/Container.php(1846): Illuminate/Foundation/Application->make('cache.store')
#16 C:/laragon/www/05ArjunaSatria/vendor/laravel/framework/src/Illuminate/Foundation/Providers/ArtisanServiceProvider.php(735): Illuminate/Container/Container->offsetGet('cache.store')
#17 C:/laragon/www/05ArjunaSatria/vendor/laravel/framework/src/Illuminate/Container/Container.php(1140): Illuminate/Foundation/Providers/ArtisanServiceProvider->{closure:Illuminate/Foundation/Providers/ArtisanServiceProvider::registerQueueRestartCommand():734}(Object(Illuminate/Foundation/Application), Array)
#18 C:/laragon/www/05ArjunaSatria/vendor/laravel/framework/src/Illuminate/Container/Container.php(939): Illuminate/Container/Container->build(Object(Closure))
#19 C:/laragon/www/05ArjunaSatria/vendor/laravel/framework/src/Illuminate/Foundation/Application.php(1085): Illuminate/Container/Container->resolve('Illuminate//Queu...', Array, true)
#20 C:/laragon/www/05ArjunaSatria/vendor/laravel/framework/src/Illuminate/Container/Container.php(884): Illuminate/Foundation/Application->resolve('Illuminate//Queu...')
#21 C:/laragon/www/05ArjunaSatria/vendor/laravel/framework/src/Illuminate/Console/ContainerCommandLoader.php(52): Illuminate/Container/Container->get('Illuminate//Queu...')
#22 C:/laragon/www/05ArjunaSatria/vendor/symfony/console/Application.php(664): Illuminate/Console/ContainerCommandLoader->get('queue:restart')
#23 C:/laragon/www/05ArjunaSatria/vendor/symfony/console/Application.php(873): Symfony/Component/Console/Application->has('queue:restart')
#24 C:/laragon/www/05ArjunaSatria/vendor/symfony/console/Descriptor/ApplicationDescription.php(84): Symfony/Component/Console/Application->all(NULL)
#25 C:/laragon/www/05ArjunaSatria/vendor/symfony/console/Descriptor/ApplicationDescription.php(61): Symfony/Component/Console/Descriptor/ApplicationDescription->inspectApplication()
#26 C:/laragon/www/05ArjunaSatria/vendor/symfony/console/Descriptor/TextDescriptor.php(185): Symfony/Component/Console/Descriptor/ApplicationDescription->getCommands()
#27 C:/laragon/www/05ArjunaSatria/vendor/symfony/console/Descriptor/Descriptor.php(40): Symfony/Component/Console/Descriptor/TextDescriptor->describeApplication(Object(Illuminate/Console/Application), Array)
#28 C:/laragon/www/05ArjunaSatria/vendor/symfony/console/Helper/DescriptorHelper.php(67): Symfony/Component/Console/Descriptor/Descriptor->describe(Object(Symfony/Component/Console/Output/ConsoleOutput), Object(Illuminate/Console/Application), Array)
#29 C:/laragon/www/05ArjunaSatria/vendor/symfony/console/Command/ListCommand.php(63): Symfony/Component/Console/Helper/DescriptorHelper->describe(Object(Symfony/Component/Console/Output/ConsoleOutput), Object(Illuminate/Console/Application), Array)
#30 C:/laragon/www/05ArjunaSatria/vendor/symfony/console/Command/Command.php(285): Symfony/Component/Console/Command/ListCommand->execute(Object(Symfony/Component/Console/Input/ArgvInput), Object(Symfony/Component/Console/Output/ConsoleOutput))
#31 C:/laragon/www/05ArjunaSatria/vendor/symfony/console/Application.php(1144): Symfony/Component/Console/Command/Command->run(Object(Symfony/Component/Console/Input/ArgvInput), Object(Symfony/Component/Console/Output/ConsoleOutput))
#32 C:/laragon/www/05ArjunaSatria/vendor/symfony/console/Application.php(379): Symfony/Component/Console/Application->doRunCommand(Object(Symfony/Component/Console/Command/ListCommand), Object(Symfony/Component/Console/Input/ArgvInput), Object(Symfony/Component/Console/Output/ConsoleOutput))
#33 C:/laragon/www/05ArjunaSatria/vendor/symfony/console/Application.php(218): Symfony/Component/Console/Application->doRun(Object(Symfony/Component/Console/Input/ArgvInput), Object(Symfony/Component/Console/Output/ConsoleOutput))
#34 C:/laragon/www/05ArjunaSatria/vendor/laravel/framework/src/Illuminate/Foundation/Console/Kernel.php(198): Symfony/Component/Console/Application->run(Object(Symfony/Component/Console/Input/ArgvInput), Object(Symfony/Component/Console/Output/ConsoleOutput))
#35 Command line code(1): Illuminate/Foundation/Console/Kernel->handle(Object(Symfony/Component/Console/Input/ArgvInput), Object(Symfony/Component/Console/Output/ConsoleOutput))
#36 {main}
"} 
[2026-09-24 01:59:00] local.ERROR: The database configuration URL is malformed. {"exception":"[object] (InvalidArgumentException(code: 0): The database configuration URL is malformed. at C:/laragon/www/05ArjunaSatria/vendor/laravel/framework/src/Illuminate/Support/ConfigurationUrlParser.php:148)
[stacktrace]
#0 C:/laragon/www/05ArjunaSatria/vendor/laravel/framework/src/Illuminate/Support/ConfigurationUrlParser.php(51): Illuminate/Support/ConfigurationUrlParser->parseUrl('postgresql://po...')
#1 C:/laragon/www/05ArjunaSatria/vendor/laravel/framework/src/Illuminate/Database/DatabaseManager.php(230): Illuminate/Support/ConfigurationUrlParser->parseConfiguration(Array)
#2 C:/laragon/www/05ArjunaSatria/vendor/laravel/framework/src/Illuminate/Database/DatabaseManager.php(192): Illuminate/Database/DatabaseManager->configuration('pgsql')
#3 C:/laragon/www/05ArjunaSatria/vendor/laravel/framework/src/Illuminate/Database/DatabaseManager.php(103): Illuminate/Database/DatabaseManager->makeConnection('pgsql')
#4 C:/laragon/www/05ArjunaSatria/vendor/laravel/framework/src/Illuminate/Cache/CacheManager.php(200): Illuminate/Database/DatabaseManager->connection('pgsql')
#5 C:/laragon/www/05ArjunaSatria/vendor/laravel/framework/src/Illuminate/Cache/CacheManager.php(148): Illuminate/Cache/CacheManager->createDatabaseDriver(Array)
#6 C:/laragon/www/05ArjunaSatria/vendor/laravel/framework/src/Illuminate/Cache/CacheManager.php(126): Illuminate/Cache/CacheManager->build(Array)
#7 C:/laragon/www/05ArjunaSatria/vendor/laravel/framework/src/Illuminate/Cache/CacheManager.php(69): Illuminate/Cache/CacheManager->resolve('database')
#8 C:/laragon/www/05ArjunaSatria/vendor/laravel/framework/src/Illuminate/Cache/CacheManager.php(80): Illuminate/Cache/CacheManager->store('database')
#9 C:/laragon/www/05ArjunaSatria/vendor/laravel/framework/src/Illuminate/Cache/CacheServiceProvider.php(23): Illuminate/Cache/CacheManager->driver()
#10 C:/laragon/www/05ArjunaSatria/vendor/laravel/framework/src/Illuminate/Container/Container.php(1140): Illuminate/Cache/CacheServiceProvider->{closure:Illuminate/Cache/CacheServiceProvider::register():22}(Object(Illuminate/Foundation/Application), Array)
#11 C:/laragon/www/05ArjunaSatria/vendor/laravel/framework/src/Illuminate/Container/Container.php(939): Illuminate/Container/Container->build(Object(Closure))
#12 C:/laragon/www/05ArjunaSatria/vendor/laravel/framework/src/Illuminate/Foundation/Application.php(1085): Illuminate/Container/Container->resolve('cache.store', Array, true)
#13 C:/laragon/www/05ArjunaSatria/vendor/laravel/framework/src/Illuminate/Container/Container.php(867): Illuminate/Foundation/Application->resolve('cache.store', Array)
#14 C:/laragon/www/05ArjunaSatria/vendor/laravel/framework/src/Illuminate/Foundation/Application.php(1065): Illuminate/Container/Container->make('cache.store', Array)
#15 C:/laragon/www/05ArjunaSatria/vendor/laravel/framework/src/Illuminate/Container/Container.php(1846): Illuminate/Foundation/Application->make('cache.store')
#16 C:/laragon/www/05ArjunaSatria/vendor/laravel/framework/src/Illuminate/Foundation/Providers/ArtisanServiceProvider.php(735): Illuminate/Container/Container->offsetGet('cache.store')
#17 C:/laragon/www/05ArjunaSatria/vendor/laravel/framework/src/Illuminate/Container/Container.php(1140): Illuminate/Foundation/Providers/ArtisanServiceProvider->{closure:Illuminate/Foundation/Providers/ArtisanServiceProvider::registerQueueRestartCommand():734}(Object(Illuminate/Foundation/Application), Array)
#18 C:/laragon/www/05ArjunaSatria/vendor/laravel/framework/src/Illuminate/Container/Container.php(939): Illuminate/Container/Container->build(Object(Closure))
#19 C:/laragon/www/05ArjunaSatria/vendor/laravel/framework/src/Illuminate/Foundation/Application.php(1085): Illuminate/Container/Container->resolve('Illuminate//Queu...', Array, true)
#20 C:/laragon/www/05ArjunaSatria/vendor/laravel/framework/src/Illuminate/Container/Container.php(884): Illuminate/Foundation/Application->resolve('Illuminate//Queu...')
#21 C:/laragon/www/05ArjunaSatria/vendor/laravel/framework/src/Illuminate/Console/ContainerCommandLoader.php(52): Illuminate/Container/Container->get('Illuminate//Queu...')
#22 C:/laragon/www/05ArjunaSatria/vendor/symfony/console/Application.php(664): Illuminate/Console/ContainerCommandLoader->get('queue:restart')
#23 C:/laragon/www/05ArjunaSatria/vendor/symfony/console/Application.php(873): Symfony/Component/Console/Application->has('queue:restart')
#24 C:/laragon/www/05ArjunaSatria/vendor/symfony/console/Descriptor/ApplicationDescription.php(84): Symfony/Component/Console/Application->all(NULL)
#25 C:/laragon/www/05ArjunaSatria/vendor/symfony/console/Descriptor/ApplicationDescription.php(61): Symfony/Component/Console/Descriptor/ApplicationDescription->inspectApplication()
#26 C:/laragon/www/05ArjunaSatria/vendor/symfony/console/Descriptor/TextDescriptor.php(185): Symfony/Component/Console/Descriptor/ApplicationDescription->getCommands()
#27 C:/laragon/www/05ArjunaSatria/vendor/symfony/console/Descriptor/Descriptor.php(40): Symfony/Component/Console/Descriptor/TextDescriptor->describeApplication(Object(Illuminate/Console/Application), Array)
#28 C:/laragon/www/05ArjunaSatria/vendor/symfony/console/Helper/DescriptorHelper.php(67): Symfony/Component/Console/Descriptor/Descriptor->describe(Object(Symfony/Component/Console/Output/ConsoleOutput), Object(Illuminate/Console/Application), Array)
#29 C:/laragon/www/05ArjunaSatria/vendor/symfony/console/Command/ListCommand.php(63): Symfony/Component/Console/Helper/DescriptorHelper->describe(Object(Symfony/Component/Console/Output/ConsoleOutput), Object(Illuminate/Console/Application), Array)
#30 C:/laragon/www/05ArjunaSatria/vendor/symfony/console/Command/Command.php(285): Symfony/Component/Console/Command/ListCommand->execute(Object(Symfony/Component/Console/Input/ArgvInput), Object(Symfony/Component/Console/Output/ConsoleOutput))
#31 C:/laragon/www/05ArjunaSatria/vendor/symfony/console/Application.php(1144): Symfony/Component/Console/Command/Command->run(Object(Symfony/Component/Console/Input/ArgvInput), Object(Symfony/Component/Console/Output/ConsoleOutput))
#32 C:/laragon/www/05ArjunaSatria/vendor/symfony/console/Application.php(379): Symfony/Component/Console/Application->doRunCommand(Object(Symfony/Component/Console/Command/ListCommand), Object(Symfony/Component/Console/Input/ArgvInput), Object(Symfony/Component/Console/Output/ConsoleOutput))
#33 C:/laragon/www/05ArjunaSatria/vendor/symfony/console/Application.php(218): Symfony/Component/Console/Application->doRun(Object(Symfony/Component/Console/Input/ArgvInput), Object(Symfony/Component/Console/Output/ConsoleOutput))
#34 C:/laragon/www/05ArjunaSatria/vendor/laravel/framework/src/Illuminate/Foundation/Console/Kernel.php(198): Symfony/Component/Console/Application->run(Object(Symfony/Component/Console/Input/ArgvInput), Object(Symfony/Component/Console/Output/ConsoleOutput))
#35 Command line code(1): Illuminate/Foundation/Console/Kernel->handle(Object(Symfony/Component/Console/Input/ArgvInput), Object(Symfony/Component/Console/Output/ConsoleOutput))
#36 {main}
"} 
[2026-09-24 02:00:00] local.ERROR: The database configuration URL is malformed. {"exception":"[object] (InvalidArgumentException(code: 0): The database configuration URL is malformed. at C:/laragon/www/05ArjunaSatria/vendor/laravel/framework/src/Illuminate/Support/ConfigurationUrlParser.php:148)
[stacktrace]
#0 C:/laragon/www/05ArjunaSatria/vendor/laravel/framework/src/Illuminate/Support/ConfigurationUrlParser.php(51): Illuminate/Support/ConfigurationUrlParser->parseUrl('postgresql://po...')
#1 C:/laragon/www/05ArjunaSatria/vendor/laravel/framework/src/Illuminate/Database/DatabaseManager.php(230): Illuminate/Support/ConfigurationUrlParser->parseConfiguration(Array)
#2 C:/laragon/www/05ArjunaSatria/vendor/laravel/framework/src/Illuminate/Database/DatabaseManager.php(192): Illuminate/Database/DatabaseManager->configuration('pgsql')
#3 C:/laragon/www/05ArjunaSatria/vendor/laravel/framework/src/Illuminate/Database/DatabaseManager.php(103): Illuminate/Database/DatabaseManager->makeConnection('pgsql')
#4 C:/laragon/www/05ArjunaSatria/vendor/laravel/framework/src/Illuminate/Cache/CacheManager.php(200): Illuminate/Database/DatabaseManager->connection('pgsql')
#5 C:/laragon/www/05ArjunaSatria/vendor/laravel/framework/src/Illuminate/Cache/CacheManager.php(148): Illuminate/Cache/CacheManager->createDatabaseDriver(Array)
#6 C:/laragon/www/05ArjunaSatria/vendor/laravel/framework/src/Illuminate/Cache/CacheManager.php(126): Illuminate/Cache/CacheManager->build(Array)
#7 C:/laragon/www/05ArjunaSatria/vendor/laravel/framework/src/Illuminate/Cache/CacheManager.php(69): Illuminate/Cache/CacheManager->resolve('database')
#8 C:/laragon/www/05ArjunaSatria/vendor/laravel/framework/src/Illuminate/Cache/CacheManager.php(80): Illuminate/Cache/CacheManager->store('database')
#9 C:/laragon/www/05ArjunaSatria/vendor/laravel/framework/src/Illuminate/Cache/CacheServiceProvider.php(23): Illuminate/Cache/CacheManager->driver()
#10 C:/laragon/www/05ArjunaSatria/vendor/laravel/framework/src/Illuminate/Container/Container.php(1140): Illuminate/Cache/CacheServiceProvider->{closure:Illuminate/Cache/CacheServiceProvider::register():22}(Object(Illuminate/Foundation/Application), Array)
#11 C:/laragon/www/05ArjunaSatria/vendor/laravel/framework/src/Illuminate/Container/Container.php(939): Illuminate/Container/Container->build(Object(Closure))
#12 C:/laragon/www/05ArjunaSatria/vendor/laravel/framework/src/Illuminate/Foundation/Application.php(1085): Illuminate/Container/Container->resolve('cache.store', Array, true)
#13 C:/laragon/www/05ArjunaSatria/vendor/laravel/framework/src/Illuminate/Container/Container.php(867): Illuminate/Foundation/Application->resolve('cache.store', Array)
#14 C:/laragon/www/05ArjunaSatria/vendor/laravel/framework/src/Illuminate/Foundation/Application.php(1065): Illuminate/Container/Container->make('cache.store', Array)
#15 C:/laragon/www/05ArjunaSatria/vendor/laravel/framework/src/Illuminate/Container/Container.php(1846): Illuminate/Foundation/Application->make('cache.store')
#16 C:/laragon/www/05ArjunaSatria/vendor/laravel/framework/src/Illuminate/Foundation/Providers/ArtisanServiceProvider.php(735): Illuminate/Container/Container->offsetGet('cache.store')
#17 C:/laragon/www/05ArjunaSatria/vendor/laravel/framework/src/Illuminate/Container/Container.php(1140): Illuminate/Foundation/Providers/ArtisanServiceProvider->{closure:Illuminate/Foundation/Providers/ArtisanServiceProvider::registerQueueRestartCommand():734}(Object(Illuminate/Foundation/Application), Array)
#18 C:/laragon/www/05ArjunaSatria/vendor/laravel/framework/src/Illuminate/Container/Container.php(939): Illuminate/Container/Container->build(Object(Closure))
#19 C:/laragon/www/05ArjunaSatria/vendor/laravel/framework/src/Illuminate/Foundation/Application.php(1085): Illuminate/Container/Container->resolve('Illuminate//Queu...', Array, true)
#20 C:/laragon/www/05ArjunaSatria/vendor/laravel/framework/src/Illuminate/Container/Container.php(884): Illuminate/Foundation/Application->resolve('Illuminate//Queu...')
#21 C:/laragon/www/05ArjunaSatria/vendor/laravel/framework/src/Illuminate/Console/ContainerCommandLoader.php(52): Illuminate/Container/Container->get('Illuminate//Queu...')
#22 C:/laragon/www/05ArjunaSatria/vendor/symfony/console/Application.php(664): Illuminate/Console/ContainerCommandLoader->get('queue:restart')
#23 C:/laragon/www/05ArjunaSatria/vendor/symfony/console/Application.php(873): Symfony/Component/Console/Application->has('queue:restart')
#24 C:/laragon/www/05ArjunaSatria/vendor/symfony/console/Descriptor/ApplicationDescription.php(84): Symfony/Component/Console/Application->all(NULL)
#25 C:/laragon/www/05ArjunaSatria/vendor/symfony/console/Descriptor/ApplicationDescription.php(61): Symfony/Component/Console/Descriptor/ApplicationDescription->inspectApplication()
#26 C:/laragon/www/05ArjunaSatria/vendor/symfony/console/Descriptor/TextDescriptor.php(185): Symfony/Component/Console/Descriptor/ApplicationDescription->getCommands()
#27 C:/laragon/www/05ArjunaSatria/vendor/symfony/console/Descriptor/Descriptor.php(40): Symfony/Component/Console/Descriptor/TextDescriptor->describeApplication(Object(Illuminate/Console/Application), Array)
#28 C:/laragon/www/05ArjunaSatria/vendor/symfony/console/Helper/DescriptorHelper.php(67): Symfony/Component/Console/Descriptor/Descriptor->describe(Object(Symfony/Component/Console/Output/ConsoleOutput), Object(Illuminate/Console/Application), Array)
#29 C:/laragon/www/05ArjunaSatria/vendor/symfony/console/Command/ListCommand.php(63): Symfony/Component/Console/Helper/DescriptorHelper->describe(Object(Symfony/Component/Console/Output/ConsoleOutput), Object(Illuminate/Console/Application), Array)
#30 C:/laragon/www/05ArjunaSatria/vendor/symfony/console/Command/Command.php(285): Symfony/Component/Console/Command/ListCommand->execute(Object(Symfony/Component/Console/Input/ArgvInput), Object(Symfony/Component/Console/Output/ConsoleOutput))
#31 C:/laragon/www/05ArjunaSatria/vendor/symfony/console/Application.php(1144): Symfony/Component/Console/Command/Command->run(Object(Symfony/Component/Console/Input/ArgvInput), Object(Symfony/Component/Console/Output/ConsoleOutput))
#32 C:/laragon/www/05ArjunaSatria/vendor/symfony/console/Application.php(379): Symfony/Component/Console/Application->doRunCommand(Object(Symfony/Component/Console/Command/ListCommand), Object(Symfony/Component/Console/Input/ArgvInput), Object(Symfony/Component/Console/Output/ConsoleOutput))
#33 C:/laragon/www/05ArjunaSatria/vendor/symfony/console/Application.php(218): Symfony/Component/Console/Application->doRun(Object(Symfony/Component/Console/Input/ArgvInput), Object(Symfony/Component/Console/Output/ConsoleOutput))
#34 C:/laragon/www/05ArjunaSatria/vendor/laravel/framework/src/Illuminate/Foundation/Console/Kernel.php(198): Symfony/Component/Console/Application->run(Object(Symfony/Component/Console/Input/ArgvInput), Object(Symfony/Component/Console/Output/ConsoleOutput))
#35 Command line code(1): Illuminate/Foundation/Console/Kernel->handle(Object(Symfony/Component/Console/Input/ArgvInput), Object(Symfony/Component/Console/Output/ConsoleOutput))
#36 {main}
"} 
[2026-09-24 02:00:00] local.ERROR: The database configuration URL is malformed. {"exception":"[object] (InvalidArgumentException(code: 0): The database configuration URL is malformed. at C:/laragon/www/05ArjunaSatria/vendor/laravel/framework/src/Illuminate/Support/ConfigurationUrlParser.php:148)
[stacktrace]
#0 C:/laragon/www/05ArjunaSatria/vendor/laravel/framework/src/Illuminate/Support/ConfigurationUrlParser.php(51): Illuminate/Support/ConfigurationUrlParser->parseUrl('postgresql://po...')
#1 C:/laragon/www/05ArjunaSatria/vendor/laravel/framework/src/Illuminate/Database/DatabaseManager.php(230): Illuminate/Support/ConfigurationUrlParser->parseConfiguration(Array)
#2 C:/laragon/www/05ArjunaSatria/vendor/laravel/framework/src/Illuminate/Database/DatabaseManager.php(192): Illuminate/Database/DatabaseManager->configuration('pgsql')
#3 C:/laragon/www/05ArjunaSatria/vendor/laravel/framework/src/Illuminate/Database/DatabaseManager.php(103): Illuminate/Database/DatabaseManager->makeConnection('pgsql')
#4 C:/laragon/www/05ArjunaSatria/vendor/laravel/framework/src/Illuminate/Cache/CacheManager.php(200): Illuminate/Database/DatabaseManager->connection('pgsql')
#5 C:/laragon/www/05ArjunaSatria/vendor/laravel/framework/src/Illuminate/Cache/CacheManager.php(148): Illuminate/Cache/CacheManager->createDatabaseDriver(Array)
#6 C:/laragon/www/05ArjunaSatria/vendor/laravel/framework/src/Illuminate/Cache/CacheManager.php(126): Illuminate/Cache/CacheManager->build(Array)
#7 C:/laragon/www/05ArjunaSatria/vendor/laravel/framework/src/Illuminate/Cache/CacheManager.php(69): Illuminate/Cache/CacheManager->resolve('database')
#8 C:/laragon/www/05ArjunaSatria/vendor/laravel/framework/src/Illuminate/Cache/CacheManager.php(80): Illuminate/Cache/CacheManager->store('database')
#9 C:/laragon/www/05ArjunaSatria/vendor/laravel/framework/src/Illuminate/Cache/CacheServiceProvider.php(23): Illuminate/Cache/CacheManager->driver()
#10 C:/laragon/www/05ArjunaSatria/vendor/laravel/framework/src/Illuminate/Container/Container.php(1140): Illuminate/Cache/CacheServiceProvider->{closure:Illuminate/Cache/CacheServiceProvider::register():22}(Object(Illuminate/Foundation/Application), Array)
#11 C:/laragon/www/05ArjunaSatria/vendor/laravel/framework/src/Illuminate/Container/Container.php(939): Illuminate/Container/Container->build(Object(Closure))
#12 C:/laragon/www/05ArjunaSatria/vendor/laravel/framework/src/Illuminate/Foundation/Application.php(1085): Illuminate/Container/Container->resolve('cache.store', Array, true)
#13 C:/laragon/www/05ArjunaSatria/vendor/laravel/framework/src/Illuminate/Container/Container.php(867): Illuminate/Foundation/Application->resolve('cache.store', Array)
#14 C:/laragon/www/05ArjunaSatria/vendor/laravel/framework/src/Illuminate/Foundation/Application.php(1065): Illuminate/Container/Container->make('cache.store', Array)
#15 C:/laragon/www/05ArjunaSatria/vendor/laravel/framework/src/Illuminate/Container/Container.php(1846): Illuminate/Foundation/Application->make('cache.store')
#16 C:/laragon/www/05ArjunaSatria/vendor/laravel/framework/src/Illuminate/Foundation/Providers/ArtisanServiceProvider.php(735): Illuminate/Container/Container->offsetGet('cache.store')
#17 C:/laragon/www/05ArjunaSatria/vendor/laravel/framework/src/Illuminate/Container/Container.php(1140): Illuminate/Foundation/Providers/ArtisanServiceProvider->{closure:Illuminate/Foundation/Providers/ArtisanServiceProvider::registerQueueRestartCommand():734}(Object(Illuminate/Foundation/Application), Array)
#18 C:/laragon/www/05ArjunaSatria/vendor/laravel/framework/src/Illuminate/Container/Container.php(939): Illuminate/Container/Container->build(Object(Closure))
#19 C:/laragon/www/05ArjunaSatria/vendor/laravel/framework/src/Illuminate/Foundation/Application.php(1085): Illuminate/Container/Container->resolve('Illuminate//Queu...', Array, true)
#20 C:/laragon/www/05ArjunaSatria/vendor/laravel/framework/src/Illuminate/Container/Container.php(884): Illuminate/Foundation/Application->resolve('Illuminate//Queu...')
#21 C:/laragon/www/05ArjunaSatria/vendor/laravel/framework/src/Illuminate/Console/ContainerCommandLoader.php(52): Illuminate/Container/Container->get('Illuminate//Queu...')
#22 C:/laragon/www/05ArjunaSatria/vendor/symfony/console/Application.php(664): Illuminate/Console/ContainerCommandLoader->get('queue:restart')
#23 C:/laragon/www/05ArjunaSatria/vendor/symfony/console/Application.php(873): Symfony/Component/Console/Application->has('queue:restart')
#24 C:/laragon/www/05ArjunaSatria/vendor/symfony/console/Descriptor/ApplicationDescription.php(84): Symfony/Component/Console/Application->all(NULL)
#25 C:/laragon/www/05ArjunaSatria/vendor/symfony/console/Descriptor/ApplicationDescription.php(61): Symfony/Component/Console/Descriptor/ApplicationDescription->inspectApplication()
#26 C:/laragon/www/05ArjunaSatria/vendor/symfony/console/Descriptor/TextDescriptor.php(185): Symfony/Component/Console/Descriptor/ApplicationDescription->getCommands()
#27 C:/laragon/www/05ArjunaSatria/vendor/symfony/console/Descriptor/Descriptor.php(40): Symfony/Component/Console/Descriptor/TextDescriptor->describeApplication(Object(Illuminate/Console/Application), Array)
#28 C:/laragon/www/05ArjunaSatria/vendor/symfony/console/Helper/DescriptorHelper.php(67): Symfony/Component/Console/Descriptor/Descriptor->describe(Object(Symfony/Component/Console/Output/ConsoleOutput), Object(Illuminate/Console/Application), Array)
#29 C:/laragon/www/05ArjunaSatria/vendor/symfony/console/Command/ListCommand.php(63): Symfony/Component/Console/Helper/DescriptorHelper->describe(Object(Symfony/Component/Console/Output/ConsoleOutput), Object(Illuminate/Console/Application), Array)
#30 C:/laragon/www/05ArjunaSatria/vendor/symfony/console/Command/Command.php(285): Symfony/Component/Console/Command/ListCommand->execute(Object(Symfony/Component/Console/Input/ArgvInput), Object(Symfony/Component/Console/Output/ConsoleOutput))
#31 C:/laragon/www/05ArjunaSatria/vendor/symfony/console/Application.php(1144): Symfony/Component/Console/Command/Command->run(Object(Symfony/Component/Console/Input/ArgvInput), Object(Symfony/Component/Console/Output/ConsoleOutput))
#32 C:/laragon/www/05ArjunaSatria/vendor/symfony/console/Application.php(379): Symfony/Component/Console/Application->doRunCommand(Object(Symfony/Component/Console/Command/ListCommand), Object(Symfony/Component/Console/Input/ArgvInput), Object(Symfony/Component/Console/Output/ConsoleOutput))
#33 C:/laragon/www/05ArjunaSatria/vendor/symfony/console/Application.php(218): Symfony/Component/Console/Application->doRun(Object(Symfony/Component/Console/Input/ArgvInput), Object(Symfony/Component/Console/Output/ConsoleOutput))
#34 C:/laragon/www/05ArjunaSatria/vendor/laravel/framework/src/Illuminate/Foundation/Console/Kernel.php(198): Symfony/Component/Console/Application->run(Object(Symfony/Component/Console/Input/ArgvInput), Object(Symfony/Component/Console/Output/ConsoleOutput))
#35 Command line code(1): Illuminate/Foundation/Console/Kernel->handle(Object(Symfony/Component/Console/Input/ArgvInput), Object(Symfony/Component/Console/Output/ConsoleOutput))
#36 {main}
"} 
[2026-09-24 02:01:00] local.ERROR: The database configuration URL is malformed. {"exception":"[object] (InvalidArgumentException(code: 0): The database configuration URL is malformed. at C:/laragon/www/05ArjunaSatria/vendor/laravel/framework/src/Illuminate/Support/ConfigurationUrlParser.php:148)
[stacktrace]
#0 C:/laragon/www/05ArjunaSatria/vendor/laravel/framework/src/Illuminate/Support/ConfigurationUrlParser.php(51): Illuminate/Support/ConfigurationUrlParser->parseUrl('postgresql://po...')
#1 C:/laragon/www/05ArjunaSatria/vendor/laravel/framework/src/Illuminate/Database/DatabaseManager.php(230): Illuminate/Support/ConfigurationUrlParser->parseConfiguration(Array)
#2 C:/laragon/www/05ArjunaSatria/vendor/laravel/framework/src/Illuminate/Database/DatabaseManager.php(192): Illuminate/Database/DatabaseManager->configuration('pgsql')
#3 C:/laragon/www/05ArjunaSatria/vendor/laravel/framework/src/Illuminate/Database/DatabaseManager.php(103): Illuminate/Database/DatabaseManager->makeConnection('pgsql')
#4 C:/laragon/www/05ArjunaSatria/vendor/laravel/framework/src/Illuminate/Cache/CacheManager.php(200): Illuminate/Database/DatabaseManager->connection('pgsql')
#5 C:/laragon/www/05ArjunaSatria/vendor/laravel/framework/src/Illuminate/Cache/CacheManager.php(148): Illuminate/Cache/CacheManager->createDatabaseDriver(Array)
#6 C:/laragon/www/05ArjunaSatria/vendor/laravel/framework/src/Illuminate/Cache/CacheManager.php(126): Illuminate/Cache/CacheManager->build(Array)
#7 C:/laragon/www/05ArjunaSatria/vendor/laravel/framework/src/Illuminate/Cache/CacheManager.php(69): Illuminate/Cache/CacheManager->resolve('database')
#8 C:/laragon/www/05ArjunaSatria/vendor/laravel/framework/src/Illuminate/Cache/CacheManager.php(80): Illuminate/Cache/CacheManager->store('database')
#9 C:/laragon/www/05ArjunaSatria/vendor/laravel/framework/src/Illuminate/Cache/CacheServiceProvider.php(23): Illuminate/Cache/CacheManager->driver()
#10 C:/laragon/www/05ArjunaSatria/vendor/laravel/framework/src/Illuminate/Container/Container.php(1140): Illuminate/Cache/CacheServiceProvider->{closure:Illuminate/Cache/CacheServiceProvider::register():22}(Object(Illuminate/Foundation/Application), Array)
#11 C:/laragon/www/05ArjunaSatria/vendor/laravel/framework/src/Illuminate/Container/Container.php(939): Illuminate/Container/Container->build(Object(Closure))
#12 C:/laragon/www/05ArjunaSatria/vendor/laravel/framework/src/Illuminate/Foundation/Application.php(1085): Illuminate/Container/Container->resolve('cache.store', Array, true)
#13 C:/laragon/www/05ArjunaSatria/vendor/laravel/framework/src/Illuminate/Container/Container.php(867): Illuminate/Foundation/Application->resolve('cache.store', Array)
#14 C:/laragon/www/05ArjunaSatria/vendor/laravel/framework/src/Illuminate/Foundation/Application.php(1065): Illuminate/Container/Container->make('cache.store', Array)
#15 C:/laragon/www/05ArjunaSatria/vendor/laravel/framework/src/Illuminate/Container/Container.php(1846): Illuminate/Foundation/Application->make('cache.store')
#16 C:/laragon/www/05ArjunaSatria/vendor/laravel/framework/src/Illuminate/Foundation/Providers/ArtisanServiceProvider.php(735): Illuminate/Container/Container->offsetGet('cache.store')
#17 C:/laragon/www/05ArjunaSatria/vendor/laravel/framework/src/Illuminate/Container/Container.php(1140): Illuminate/Foundation/Providers/ArtisanServiceProvider->{closure:Illuminate/Foundation/Providers/ArtisanServiceProvider::registerQueueRestartCommand():734}(Object(Illuminate/Foundation/Application), Array)
#18 C:/laragon/www/05ArjunaSatria/vendor/laravel/framework/src/Illuminate/Container/Container.php(939): Illuminate/Container/Container->build(Object(Closure))
#19 C:/laragon/www/05ArjunaSatria/vendor/laravel/framework/src/Illuminate/Foundation/Application.php(1085): Illuminate/Container/Container->resolve('Illuminate//Queu...', Array, true)
#20 C:/laragon/www/05ArjunaSatria/vendor/laravel/framework/src/Illuminate/Container/Container.php(884): Illuminate/Foundation/Application->resolve('Illuminate//Queu...')
#21 C:/laragon/www/05ArjunaSatria/vendor/laravel/framework/src/Illuminate/Console/ContainerCommandLoader.php(52): Illuminate/Container/Container->get('Illuminate//Queu...')
#22 C:/laragon/www/05ArjunaSatria/vendor/symfony/console/Application.php(664): Illuminate/Console/ContainerCommandLoader->get('queue:restart')
#23 C:/laragon/www/05ArjunaSatria/vendor/symfony/console/Application.php(873): Symfony/Component/Console/Application->has('queue:restart')
#24 C:/laragon/www/05ArjunaSatria/vendor/symfony/console/Descriptor/ApplicationDescription.php(84): Symfony/Component/Console/Application->all(NULL)
#25 C:/laragon/www/05ArjunaSatria/vendor/symfony/console/Descriptor/ApplicationDescription.php(61): Symfony/Component/Console/Descriptor/ApplicationDescription->inspectApplication()
#26 C:/laragon/www/05ArjunaSatria/vendor/symfony/console/Descriptor/TextDescriptor.php(185): Symfony/Component/Console/Descriptor/ApplicationDescription->getCommands()
#27 C:/laragon/www/05ArjunaSatria/vendor/symfony/console/Descriptor/Descriptor.php(40): Symfony/Component/Console/Descriptor/TextDescriptor->describeApplication(Object(Illuminate/Console/Application), Array)
#28 C:/laragon/www/05ArjunaSatria/vendor/symfony/console/Helper/DescriptorHelper.php(67): Symfony/Component/Console/Descriptor/Descriptor->describe(Object(Symfony/Component/Console/Output/ConsoleOutput), Object(Illuminate/Console/Application), Array)
#29 C:/laragon/www/05ArjunaSatria/vendor/symfony/console/Command/ListCommand.php(63): Symfony/Component/Console/Helper/DescriptorHelper->describe(Object(Symfony/Component/Console/Output/ConsoleOutput), Object(Illuminate/Console/Application), Array)
#30 C:/laragon/www/05ArjunaSatria/vendor/symfony/console/Command/Command.php(285): Symfony/Component/Console/Command/ListCommand->execute(Object(Symfony/Component/Console/Input/ArgvInput), Object(Symfony/Component/Console/Output/ConsoleOutput))
#31 C:/laragon/www/05ArjunaSatria/vendor/symfony/console/Application.php(1144): Symfony/Component/Console/Command/Command->run(Object(Symfony/Component/Console/Input/ArgvInput), Object(Symfony/Component/Console/Output/ConsoleOutput))
#32 C:/laragon/www/05ArjunaSatria/vendor/symfony/console/Application.php(379): Symfony/Component/Console/Application->doRunCommand(Object(Symfony/Component/Console/Command/ListCommand), Object(Symfony/Component/Console/Input/ArgvInput), Object(Symfony/Component/Console/Output/ConsoleOutput))
#33 C:/laragon/www/05ArjunaSatria/vendor/symfony/console/Application.php(218): Symfony/Component/Console/Application->doRun(Object(Symfony/Component/Console/Input/ArgvInput), Object(Symfony/Component/Console/Output/ConsoleOutput))
#34 C:/laragon/www/05ArjunaSatria/vendor/laravel/framework/src/Illuminate/Foundation/Console/Kernel.php(198): Symfony/Component/Console/Application->run(Object(Symfony/Component/Console/Input/ArgvInput), Object(Symfony/Component/Console/Output/ConsoleOutput))
#35 Command line code(1): Illuminate/Foundation/Console/Kernel->handle(Object(Symfony/Component/Console/Input/ArgvInput), Object(Symfony/Component/Console/Output/ConsoleOutput))
#36 {main}
"} 
[2026-09-24 02:01:00] local.ERROR: The database configuration URL is malformed. {"exception":"[object] (InvalidArgumentException(code: 0): The database configuration URL is malformed. at C:/laragon/www/05ArjunaSatria/vendor/laravel/framework/src/Illuminate/Support/ConfigurationUrlParser.php:148)
[stacktrace]
#0 C:/laragon/www/05ArjunaSatria/vendor/laravel/framework/src/Illuminate/Support/ConfigurationUrlParser.php(51): Illuminate/Support/ConfigurationUrlParser->parseUrl('postgresql://po...')
#1 C:/laragon/www/05ArjunaSatria/vendor/laravel/framework/src/Illuminate/Database/DatabaseManager.php(230): Illuminate/Support/ConfigurationUrlParser->parseConfiguration(Array)
#2 C:/laragon/www/05ArjunaSatria/vendor/laravel/framework/src/Illuminate/Database/DatabaseManager.php(192): Illuminate/Database/DatabaseManager->configuration('pgsql')
#3 C:/laragon/www/05ArjunaSatria/vendor/laravel/framework/src/Illuminate/Database/DatabaseManager.php(103): Illuminate/Database/DatabaseManager->makeConnection('pgsql')
#4 C:/laragon/www/05ArjunaSatria/vendor/laravel/framework/src/Illuminate/Cache/CacheManager.php(200): Illuminate/Database/DatabaseManager->connection('pgsql')
#5 C:/laragon/www/05ArjunaSatria/vendor/laravel/framework/src/Illuminate/Cache/CacheManager.php(148): Illuminate/Cache/CacheManager->createDatabaseDriver(Array)
#6 C:/laragon/www/05ArjunaSatria/vendor/laravel/framework/src/Illuminate/Cache/CacheManager.php(126): Illuminate/Cache/CacheManager->build(Array)
#7 C:/laragon/www/05ArjunaSatria/vendor/laravel/framework/src/Illuminate/Cache/CacheManager.php(69): Illuminate/Cache/CacheManager->resolve('database')
#8 C:/laragon/www/05ArjunaSatria/vendor/laravel/framework/src/Illuminate/Cache/CacheManager.php(80): Illuminate/Cache/CacheManager->store('database')
#9 C:/laragon/www/05ArjunaSatria/vendor/laravel/framework/src/Illuminate/Cache/CacheServiceProvider.php(23): Illuminate/Cache/CacheManager->driver()
#10 C:/laragon/www/05ArjunaSatria/vendor/laravel/framework/src/Illuminate/Container/Container.php(1140): Illuminate/Cache/CacheServiceProvider->{closure:Illuminate/Cache/CacheServiceProvider::register():22}(Object(Illuminate/Foundation/Application), Array)
#11 C:/laragon/www/05ArjunaSatria/vendor/laravel/framework/src/Illuminate/Container/Container.php(939): Illuminate/Container/Container->build(Object(Closure))
#12 C:/laragon/www/05ArjunaSatria/vendor/laravel/framework/src/Illuminate/Foundation/Application.php(1085): Illuminate/Container/Container->resolve('cache.store', Array, true)
#13 C:/laragon/www/05ArjunaSatria/vendor/laravel/framework/src/Illuminate/Container/Container.php(867): Illuminate/Foundation/Application->resolve('cache.store', Array)
#14 C:/laragon/www/05ArjunaSatria/vendor/laravel/framework/src/Illuminate/Foundation/Application.php(1065): Illuminate/Container/Container->make('cache.store', Array)
#15 C:/laragon/www/05ArjunaSatria/vendor/laravel/framework/src/Illuminate/Container/Container.php(1846): Illuminate/Foundation/Application->make('cache.store')
#16 C:/laragon/www/05ArjunaSatria/vendor/laravel/framework/src/Illuminate/Foundation/Providers/ArtisanServiceProvider.php(735): Illuminate/Container/Container->offsetGet('cache.store')
#17 C:/laragon/www/05ArjunaSatria/vendor/laravel/framework/src/Illuminate/Container/Container.php(1140): Illuminate/Foundation/Providers/ArtisanServiceProvider->{closure:Illuminate/Foundation/Providers/ArtisanServiceProvider::registerQueueRestartCommand():734}(Object(Illuminate/Foundation/Application), Array)
#18 C:/laragon/www/05ArjunaSatria/vendor/laravel/framework/src/Illuminate/Container/Container.php(939): Illuminate/Container/Container->build(Object(Closure))
#19 C:/laragon/www/05ArjunaSatria/vendor/laravel/framework/src/Illuminate/Foundation/Application.php(1085): Illuminate/Container/Container->resolve('Illuminate//Queu...', Array, true)
#20 C:/laragon/www/05ArjunaSatria/vendor/laravel/framework/src/Illuminate/Container/Container.php(884): Illuminate/Foundation/Application->resolve('Illuminate//Queu...')
#21 C:/laragon/www/05ArjunaSatria/vendor/laravel/framework/src/Illuminate/Console/ContainerCommandLoader.php(52): Illuminate/Container/Container->get('Illuminate//Queu...')
#22 C:/laragon/www/05ArjunaSatria/vendor/symfony/console/Application.php(664): Illuminate/Console/ContainerCommandLoader->get('queue:restart')
#23 C:/laragon/www/05ArjunaSatria/vendor/symfony/console/Application.php(873): Symfony/Component/Console/Application->has('queue:restart')
#24 C:/laragon/www/05ArjunaSatria/vendor/symfony/console/Descriptor/ApplicationDescription.php(84): Symfony/Component/Console/Application->all(NULL)
#25 C:/laragon/www/05ArjunaSatria/vendor/symfony/console/Descriptor/ApplicationDescription.php(61): Symfony/Component/Console/Descriptor/ApplicationDescription->inspectApplication()
#26 C:/laragon/www/05ArjunaSatria/vendor/symfony/console/Descriptor/TextDescriptor.php(185): Symfony/Component/Console/Descriptor/ApplicationDescription->getCommands()
#27 C:/laragon/www/05ArjunaSatria/vendor/symfony/console/Descriptor/Descriptor.php(40): Symfony/Component/Console/Descriptor/TextDescriptor->describeApplication(Object(Illuminate/Console/Application), Array)
#28 C:/laragon/www/05ArjunaSatria/vendor/symfony/console/Helper/DescriptorHelper.php(67): Symfony/Component/Console/Descriptor/Descriptor->describe(Object(Symfony/Component/Console/Output/ConsoleOutput), Object(Illuminate/Console/Application), Array)
#29 C:/laragon/www/05ArjunaSatria/vendor/symfony/console/Command/ListCommand.php(63): Symfony/Component/Console/Helper/DescriptorHelper->describe(Object(Symfony/Component/Console/Output/ConsoleOutput), Object(Illuminate/Console/Application), Array)
#30 C:/laragon/www/05ArjunaSatria/vendor/symfony/console/Command/Command.php(285): Symfony/Component/Console/Command/ListCommand->execute(Object(Symfony/Component/Console/Input/ArgvInput), Object(Symfony/Component/Console/Output/ConsoleOutput))
#31 C:/laragon/www/05ArjunaSatria/vendor/symfony/console/Application.php(1144): Symfony/Component/Console/Command/Command->run(Object(Symfony/Component/Console/Input/ArgvInput), Object(Symfony/Component/Console/Output/ConsoleOutput))
#32 C:/laragon/www/05ArjunaSatria/vendor/symfony/console/Application.php(379): Symfony/Component/Console/Application->doRunCommand(Object(Symfony/Component/Console/Command/ListCommand), Object(Symfony/Component/Console/Input/ArgvInput), Object(Symfony/Component/Console/Output/ConsoleOutput))
#33 C:/laragon/www/05ArjunaSatria/vendor/symfony/console/Application.php(218): Symfony/Component/Console/Application->doRun(Object(Symfony/Component/Console/Input/ArgvInput), Object(Symfony/Component/Console/Output/ConsoleOutput))
#34 C:/laragon/www/05ArjunaSatria/vendor/laravel/framework/src/Illuminate/Foundation/Console/Kernel.php(198): Symfony/Component/Console/Application->run(Object(Symfony/Component/Console/Input/ArgvInput), Object(Symfony/Component/Console/Output/ConsoleOutput))
#35 Command line code(1): Illuminate/Foundation/Console/Kernel->handle(Object(Symfony/Component/Console/Input/ArgvInput), Object(Symfony/Component/Console/Output/ConsoleOutput))
#36 {main}
"} 
[2026-09-24 02:01:58] local.ERROR: The database configuration URL is malformed. {"exception":"[object] (InvalidArgumentException(code: 0): The database configuration URL is malformed. at C:/laragon/www/05ArjunaSatria/vendor/laravel/framework/src/Illuminate/Support/ConfigurationUrlParser.php:148)
[stacktrace]
#0 C:/laragon/www/05ArjunaSatria/vendor/laravel/framework/src/Illuminate/Support/ConfigurationUrlParser.php(51): Illuminate/Support/ConfigurationUrlParser->parseUrl('postgresql://po...')
#1 C:/laragon/www/05ArjunaSatria/vendor/laravel/framework/src/Illuminate/Database/DatabaseManager.php(230): Illuminate/Support/ConfigurationUrlParser->parseConfiguration(Array)
#2 C:/laragon/www/05ArjunaSatria/vendor/laravel/framework/src/Illuminate/Database/DatabaseManager.php(192): Illuminate/Database/DatabaseManager->configuration('pgsql')
#3 C:/laragon/www/05ArjunaSatria/vendor/laravel/framework/src/Illuminate/Database/DatabaseManager.php(103): Illuminate/Database/DatabaseManager->makeConnection('pgsql')
#4 C:/laragon/www/05ArjunaSatria/vendor/laravel/framework/src/Illuminate/Cache/CacheManager.php(200): Illuminate/Database/DatabaseManager->connection('pgsql')
#5 C:/laragon/www/05ArjunaSatria/vendor/laravel/framework/src/Illuminate/Cache/CacheManager.php(148): Illuminate/Cache/CacheManager->createDatabaseDriver(Array)
#6 C:/laragon/www/05ArjunaSatria/vendor/laravel/framework/src/Illuminate/Cache/CacheManager.php(126): Illuminate/Cache/CacheManager->build(Array)
#7 C:/laragon/www/05ArjunaSatria/vendor/laravel/framework/src/Illuminate/Cache/CacheManager.php(69): Illuminate/Cache/CacheManager->resolve('database')
#8 C:/laragon/www/05ArjunaSatria/vendor/laravel/framework/src/Illuminate/Cache/CacheManager.php(80): Illuminate/Cache/CacheManager->store('database')
#9 C:/laragon/www/05ArjunaSatria/vendor/laravel/framework/src/Illuminate/Cache/CacheServiceProvider.php(23): Illuminate/Cache/CacheManager->driver()
#10 C:/laragon/www/05ArjunaSatria/vendor/laravel/framework/src/Illuminate/Container/Container.php(1140): Illuminate/Cache/CacheServiceProvider->{closure:Illuminate/Cache/CacheServiceProvider::register():22}(Object(Illuminate/Foundation/Application), Array)
#11 C:/laragon/www/05ArjunaSatria/vendor/laravel/framework/src/Illuminate/Container/Container.php(939): Illuminate/Container/Container->build(Object(Closure))
#12 C:/laragon/www/05ArjunaSatria/vendor/laravel/framework/src/Illuminate/Foundation/Application.php(1085): Illuminate/Container/Container->resolve('cache.store', Array, true)
#13 C:/laragon/www/05ArjunaSatria/vendor/laravel/framework/src/Illuminate/Container/Container.php(867): Illuminate/Foundation/Application->resolve('cache.store', Array)
#14 C:/laragon/www/05ArjunaSatria/vendor/laravel/framework/src/Illuminate/Foundation/Application.php(1065): Illuminate/Container/Container->make('cache.store', Array)
#15 C:/laragon/www/05ArjunaSatria/vendor/laravel/framework/src/Illuminate/Container/Container.php(1846): Illuminate/Foundation/Application->make('cache.store')
#16 C:/laragon/www/05ArjunaSatria/vendor/laravel/framework/src/Illuminate/Foundation/Providers/ArtisanServiceProvider.php(735): Illuminate/Container/Container->offsetGet('cache.store')
#17 C:/laragon/www/05ArjunaSatria/vendor/laravel/framework/src/Illuminate/Container/Container.php(1140): Illuminate/Foundation/Providers/ArtisanServiceProvider->{closure:Illuminate/Foundation/Providers/ArtisanServiceProvider::registerQueueRestartCommand():734}(Object(Illuminate/Foundation/Application), Array)
#18 C:/laragon/www/05ArjunaSatria/vendor/laravel/framework/src/Illuminate/Container/Container.php(939): Illuminate/Container/Container->build(Object(Closure))
#19 C:/laragon/www/05ArjunaSatria/vendor/laravel/framework/src/Illuminate/Foundation/Application.php(1085): Illuminate/Container/Container->resolve('Illuminate//Queu...', Array, true)
#20 C:/laragon/www/05ArjunaSatria/vendor/laravel/framework/src/Illuminate/Container/Container.php(884): Illuminate/Foundation/Application->resolve('Illuminate//Queu...')
#21 C:/laragon/www/05ArjunaSatria/vendor/laravel/framework/src/Illuminate/Console/ContainerCommandLoader.php(52): Illuminate/Container/Container->get('Illuminate//Queu...')
#22 C:/laragon/www/05ArjunaSatria/vendor/symfony/console/Application.php(664): Illuminate/Console/ContainerCommandLoader->get('queue:restart')
#23 C:/laragon/www/05ArjunaSatria/vendor/symfony/console/Application.php(873): Symfony/Component/Console/Application->has('queue:restart')
#24 C:/laragon/www/05ArjunaSatria/vendor/symfony/console/Descriptor/ApplicationDescription.php(84): Symfony/Component/Console/Application->all(NULL)
#25 C:/laragon/www/05ArjunaSatria/vendor/symfony/console/Descriptor/ApplicationDescription.php(61): Symfony/Component/Console/Descriptor/ApplicationDescription->inspectApplication()
#26 C:/laragon/www/05ArjunaSatria/vendor/symfony/console/Descriptor/TextDescriptor.php(185): Symfony/Component/Console/Descriptor/ApplicationDescription->getCommands()
#27 C:/laragon/www/05ArjunaSatria/vendor/symfony/console/Descriptor/Descriptor.php(40): Symfony/Component/Console/Descriptor/TextDescriptor->describeApplication(Object(Illuminate/Console/Application), Array)
#28 C:/laragon/www/05ArjunaSatria/vendor/symfony/console/Helper/DescriptorHelper.php(67): Symfony/Component/Console/Descriptor/Descriptor->describe(Object(Symfony/Component/Console/Output/ConsoleOutput), Object(Illuminate/Console/Application), Array)
#29 C:/laragon/www/05ArjunaSatria/vendor/symfony/console/Command/ListCommand.php(63): Symfony/Component/Console/Helper/DescriptorHelper->describe(Object(Symfony/Component/Console/Output/ConsoleOutput), Object(Illuminate/Console/Application), Array)
#30 C:/laragon/www/05ArjunaSatria/vendor/symfony/console/Command/Command.php(285): Symfony/Component/Console/Command/ListCommand->execute(Object(Symfony/Component/Console/Input/ArgvInput), Object(Symfony/Component/Console/Output/ConsoleOutput))
#31 C:/laragon/www/05ArjunaSatria/vendor/symfony/console/Application.php(1144): Symfony/Component/Console/Command/Command->run(Object(Symfony/Component/Console/Input/ArgvInput), Object(Symfony/Component/Console/Output/ConsoleOutput))
#32 C:/laragon/www/05ArjunaSatria/vendor/symfony/console/Application.php(379): Symfony/Component/Console/Application->doRunCommand(Object(Symfony/Component/Console/Command/ListCommand), Object(Symfony/Component/Console/Input/ArgvInput), Object(Symfony/Component/Console/Output/ConsoleOutput))
#33 C:/laragon/www/05ArjunaSatria/vendor/symfony/console/Application.php(218): Symfony/Component/Console/Application->doRun(Object(Symfony/Component/Console/Input/ArgvInput), Object(Symfony/Component/Console/Output/ConsoleOutput))
#34 C:/laragon/www/05ArjunaSatria/vendor/laravel/framework/src/Illuminate/Foundation/Console/Kernel.php(198): Symfony/Component/Console/Application->run(Object(Symfony/Component/Console/Input/ArgvInput), Object(Symfony/Component/Console/Output/ConsoleOutput))
#35 Command line code(1): Illuminate/Foundation/Console/Kernel->handle(Object(Symfony/Component/Console/Input/ArgvInput), Object(Symfony/Component/Console/Output/ConsoleOutput))
#36 {main}
"} 
[2026-09-24 02:02:00] local.ERROR: The database configuration URL is malformed. {"exception":"[object] (InvalidArgumentException(code: 0): The database configuration URL is malformed. at C:/laragon/www/05ArjunaSatria/vendor/laravel/framework/src/Illuminate/Support/ConfigurationUrlParser.php:148)
[stacktrace]
#0 C:/laragon/www/05ArjunaSatria/vendor/laravel/framework/src/Illuminate/Support/ConfigurationUrlParser.php(51): Illuminate/Support/ConfigurationUrlParser->parseUrl('postgresql://po...')
#1 C:/laragon/www/05ArjunaSatria/vendor/laravel/framework/src/Illuminate/Database/DatabaseManager.php(230): Illuminate/Support/ConfigurationUrlParser->parseConfiguration(Array)
#2 C:/laragon/www/05ArjunaSatria/vendor/laravel/framework/src/Illuminate/Database/DatabaseManager.php(192): Illuminate/Database/DatabaseManager->configuration('pgsql')
#3 C:/laragon/www/05ArjunaSatria/vendor/laravel/framework/src/Illuminate/Database/DatabaseManager.php(103): Illuminate/Database/DatabaseManager->makeConnection('pgsql')
#4 C:/laragon/www/05ArjunaSatria/vendor/laravel/framework/src/Illuminate/Cache/CacheManager.php(200): Illuminate/Database/DatabaseManager->connection('pgsql')
#5 C:/laragon/www/05ArjunaSatria/vendor/laravel/framework/src/Illuminate/Cache/CacheManager.php(148): Illuminate/Cache/CacheManager->createDatabaseDriver(Array)
#6 C:/laragon/www/05ArjunaSatria/vendor/laravel/framework/src/Illuminate/Cache/CacheManager.php(126): Illuminate/Cache/CacheManager->build(Array)
#7 C:/laragon/www/05ArjunaSatria/vendor/laravel/framework/src/Illuminate/Cache/CacheManager.php(69): Illuminate/Cache/CacheManager->resolve('database')
#8 C:/laragon/www/05ArjunaSatria/vendor/laravel/framework/src/Illuminate/Cache/CacheManager.php(80): Illuminate/Cache/CacheManager->store('database')
#9 C:/laragon/www/05ArjunaSatria/vendor/laravel/framework/src/Illuminate/Cache/CacheServiceProvider.php(23): Illuminate/Cache/CacheManager->driver()
#10 C:/laragon/www/05ArjunaSatria/vendor/laravel/framework/src/Illuminate/Container/Container.php(1140): Illuminate/Cache/CacheServiceProvider->{closure:Illuminate/Cache/CacheServiceProvider::register():22}(Object(Illuminate/Foundation/Application), Array)
#11 C:/laragon/www/05ArjunaSatria/vendor/laravel/framework/src/Illuminate/Container/Container.php(939): Illuminate/Container/Container->build(Object(Closure))
#12 C:/laragon/www/05ArjunaSatria/vendor/laravel/framework/src/Illuminate/Foundation/Application.php(1085): Illuminate/Container/Container->resolve('cache.store', Array, true)
#13 C:/laragon/www/05ArjunaSatria/vendor/laravel/framework/src/Illuminate/Container/Container.php(867): Illuminate/Foundation/Application->resolve('cache.store', Array)
#14 C:/laragon/www/05ArjunaSatria/vendor/laravel/framework/src/Illuminate/Foundation/Application.php(1065): Illuminate/Container/Container->make('cache.store', Array)
#15 C:/laragon/www/05ArjunaSatria/vendor/laravel/framework/src/Illuminate/Container/Container.php(1846): Illuminate/Foundation/Application->make('cache.store')
#16 C:/laragon/www/05ArjunaSatria/vendor/laravel/framework/src/Illuminate/Foundation/Providers/ArtisanServiceProvider.php(735): Illuminate/Container/Container->offsetGet('cache.store')
#17 C:/laragon/www/05ArjunaSatria/vendor/laravel/framework/src/Illuminate/Container/Container.php(1140): Illuminate/Foundation/Providers/ArtisanServiceProvider->{closure:Illuminate/Foundation/Providers/ArtisanServiceProvider::registerQueueRestartCommand():734}(Object(Illuminate/Foundation/Application), Array)
#18 C:/laragon/www/05ArjunaSatria/vendor/laravel/framework/src/Illuminate/Container/Container.php(939): Illuminate/Container/Container->build(Object(Closure))
#19 C:/laragon/www/05ArjunaSatria/vendor/laravel/framework/src/Illuminate/Foundation/Application.php(1085): Illuminate/Container/Container->resolve('Illuminate//Queu...', Array, true)
#20 C:/laragon/www/05ArjunaSatria/vendor/laravel/framework/src/Illuminate/Container/Container.php(884): Illuminate/Foundation/Application->resolve('Illuminate//Queu...')
#21 C:/laragon/www/05ArjunaSatria/vendor/laravel/framework/src/Illuminate/Console/ContainerCommandLoader.php(52): Illuminate/Container/Container->get('Illuminate//Queu...')
#22 C:/laragon/www/05ArjunaSatria/vendor/symfony/console/Application.php(664): Illuminate/Console/ContainerCommandLoader->get('queue:restart')
#23 C:/laragon/www/05ArjunaSatria/vendor/symfony/console/Application.php(873): Symfony/Component/Console/Application->has('queue:restart')
#24 C:/laragon/www/05ArjunaSatria/vendor/symfony/console/Descriptor/ApplicationDescription.php(84): Symfony/Component/Console/Application->all(NULL)
#25 C:/laragon/www/05ArjunaSatria/vendor/symfony/console/Descriptor/ApplicationDescription.php(61): Symfony/Component/Console/Descriptor/ApplicationDescription->inspectApplication()
#26 C:/laragon/www/05ArjunaSatria/vendor/symfony/console/Descriptor/TextDescriptor.php(185): Symfony/Component/Console/Descriptor/ApplicationDescription->getCommands()
#27 C:/laragon/www/05ArjunaSatria/vendor/symfony/console/Descriptor/Descriptor.php(40): Symfony/Component/Console/Descriptor/TextDescriptor->describeApplication(Object(Illuminate/Console/Application), Array)
#28 C:/laragon/www/05ArjunaSatria/vendor/symfony/console/Helper/DescriptorHelper.php(67): Symfony/Component/Console/Descriptor/Descriptor->describe(Object(Symfony/Component/Console/Output/ConsoleOutput), Object(Illuminate/Console/Application), Array)
#29 C:/laragon/www/05ArjunaSatria/vendor/symfony/console/Command/ListCommand.php(63): Symfony/Component/Console/Helper/DescriptorHelper->describe(Object(Symfony/Component/Console/Output/ConsoleOutput), Object(Illuminate/Console/Application), Array)
#30 C:/laragon/www/05ArjunaSatria/vendor/symfony/console/Command/Command.php(285): Symfony/Component/Console/Command/ListCommand->execute(Object(Symfony/Component/Console/Input/ArgvInput), Object(Symfony/Component/Console/Output/ConsoleOutput))
#31 C:/laragon/www/05ArjunaSatria/vendor/symfony/console/Application.php(1144): Symfony/Component/Console/Command/Command->run(Object(Symfony/Component/Console/Input/ArgvInput), Object(Symfony/Component/Console/Output/ConsoleOutput))
#32 C:/laragon/www/05ArjunaSatria/vendor/symfony/console/Application.php(379): Symfony/Component/Console/Application->doRunCommand(Object(Symfony/Component/Console/Command/ListCommand), Object(Symfony/Component/Console/Input/ArgvInput), Object(Symfony/Component/Console/Output/ConsoleOutput))
#33 C:/laragon/www/05ArjunaSatria/vendor/symfony/console/Application.php(218): Symfony/Component/Console/Application->doRun(Object(Symfony/Component/Console/Input/ArgvInput), Object(Symfony/Component/Console/Output/ConsoleOutput))
#34 C:/laragon/www/05ArjunaSatria/vendor/laravel/framework/src/Illuminate/Foundation/Console/Kernel.php(198): Symfony/Component/Console/Application->run(Object(Symfony/Component/Console/Input/ArgvInput), Object(Symfony/Component/Console/Output/ConsoleOutput))
#35 Command line code(1): Illuminate/Foundation/Console/Kernel->handle(Object(Symfony/Component/Console/Input/ArgvInput), Object(Symfony/Component/Console/Output/ConsoleOutput))
#36 {main}
"} 
[2026-09-24 02:02:00] local.ERROR: The database configuration URL is malformed. {"exception":"[object] (InvalidArgumentException(code: 0): The database configuration URL is malformed. at C:/laragon/www/05ArjunaSatria/vendor/laravel/framework/src/Illuminate/Support/ConfigurationUrlParser.php:148)
[stacktrace]
#0 C:/laragon/www/05ArjunaSatria/vendor/laravel/framework/src/Illuminate/Support/ConfigurationUrlParser.php(51): Illuminate/Support/ConfigurationUrlParser->parseUrl('postgresql://po...')
#1 C:/laragon/www/05ArjunaSatria/vendor/laravel/framework/src/Illuminate/Database/DatabaseManager.php(230): Illuminate/Support/ConfigurationUrlParser->parseConfiguration(Array)
#2 C:/laragon/www/05ArjunaSatria/vendor/laravel/framework/src/Illuminate/Database/DatabaseManager.php(192): Illuminate/Database/DatabaseManager->configuration('pgsql')
#3 C:/laragon/www/05ArjunaSatria/vendor/laravel/framework/src/Illuminate/Database/DatabaseManager.php(103): Illuminate/Database/DatabaseManager->makeConnection('pgsql')
#4 C:/laragon/www/05ArjunaSatria/vendor/laravel/framework/src/Illuminate/Cache/CacheManager.php(200): Illuminate/Database/DatabaseManager->connection('pgsql')
#5 C:/laragon/www/05ArjunaSatria/vendor/laravel/framework/src/Illuminate/Cache/CacheManager.php(148): Illuminate/Cache/CacheManager->createDatabaseDriver(Array)
#6 C:/laragon/www/05ArjunaSatria/vendor/laravel/framework/src/Illuminate/Cache/CacheManager.php(126): Illuminate/Cache/CacheManager->build(Array)
#7 C:/laragon/www/05ArjunaSatria/vendor/laravel/framework/src/Illuminate/Cache/CacheManager.php(69): Illuminate/Cache/CacheManager->resolve('database')
#8 C:/laragon/www/05ArjunaSatria/vendor/laravel/framework/src/Illuminate/Cache/CacheManager.php(80): Illuminate/Cache/CacheManager->store('database')
#9 C:/laragon/www/05ArjunaSatria/vendor/laravel/framework/src/Illuminate/Cache/CacheServiceProvider.php(23): Illuminate/Cache/CacheManager->driver()
#10 C:/laragon/www/05ArjunaSatria/vendor/laravel/framework/src/Illuminate/Container/Container.php(1140): Illuminate/Cache/CacheServiceProvider->{closure:Illuminate/Cache/CacheServiceProvider::register():22}(Object(Illuminate/Foundation/Application), Array)
#11 C:/laragon/www/05ArjunaSatria/vendor/laravel/framework/src/Illuminate/Container/Container.php(939): Illuminate/Container/Container->build(Object(Closure))
#12 C:/laragon/www/05ArjunaSatria/vendor/laravel/framework/src/Illuminate/Foundation/Application.php(1085): Illuminate/Container/Container->resolve('cache.store', Array, true)
#13 C:/laragon/www/05ArjunaSatria/vendor/laravel/framework/src/Illuminate/Container/Container.php(867): Illuminate/Foundation/Application->resolve('cache.store', Array)
#14 C:/laragon/www/05ArjunaSatria/vendor/laravel/framework/src/Illuminate/Foundation/Application.php(1065): Illuminate/Container/Container->make('cache.store', Array)
#15 C:/laragon/www/05ArjunaSatria/vendor/laravel/framework/src/Illuminate/Container/Container.php(1846): Illuminate/Foundation/Application->make('cache.store')
#16 C:/laragon/www/05ArjunaSatria/vendor/laravel/framework/src/Illuminate/Foundation/Providers/ArtisanServiceProvider.php(735): Illuminate/Container/Container->offsetGet('cache.store')
#17 C:/laragon/www/05ArjunaSatria/vendor/laravel/framework/src/Illuminate/Container/Container.php(1140): Illuminate/Foundation/Providers/ArtisanServiceProvider->{closure:Illuminate/Foundation/Providers/ArtisanServiceProvider::registerQueueRestartCommand():734}(Object(Illuminate/Foundation/Application), Array)
#18 C:/laragon/www/05ArjunaSatria/vendor/laravel/framework/src/Illuminate/Container/Container.php(939): Illuminate/Container/Container->build(Object(Closure))
#19 C:/laragon/www/05ArjunaSatria/vendor/laravel/framework/src/Illuminate/Foundation/Application.php(1085): Illuminate/Container/Container->resolve('Illuminate//Queu...', Array, true)
#20 C:/laragon/www/05ArjunaSatria/vendor/laravel/framework/src/Illuminate/Container/Container.php(884): Illuminate/Foundation/Application->resolve('Illuminate//Queu...')
#21 C:/laragon/www/05ArjunaSatria/vendor/laravel/framework/src/Illuminate/Console/ContainerCommandLoader.php(52): Illuminate/Container/Container->get('Illuminate//Queu...')
#22 C:/laragon/www/05ArjunaSatria/vendor/symfony/console/Application.php(664): Illuminate/Console/ContainerCommandLoader->get('queue:restart')
#23 C:/laragon/www/05ArjunaSatria/vendor/symfony/console/Application.php(873): Symfony/Component/Console/Application->has('queue:restart')
#24 C:/laragon/www/05ArjunaSatria/vendor/symfony/console/Descriptor/ApplicationDescription.php(84): Symfony/Component/Console/Application->all(NULL)
#25 C:/laragon/www/05ArjunaSatria/vendor/symfony/console/Descriptor/ApplicationDescription.php(61): Symfony/Component/Console/Descriptor/ApplicationDescription->inspectApplication()
#26 C:/laragon/www/05ArjunaSatria/vendor/symfony/console/Descriptor/TextDescriptor.php(185): Symfony/Component/Console/Descriptor/ApplicationDescription->getCommands()
#27 C:/laragon/www/05ArjunaSatria/vendor/symfony/console/Descriptor/Descriptor.php(40): Symfony/Component/Console/Descriptor/TextDescriptor->describeApplication(Object(Illuminate/Console/Application), Array)
#28 C:/laragon/www/05ArjunaSatria/vendor/symfony/console/Helper/DescriptorHelper.php(67): Symfony/Component/Console/Descriptor/Descriptor->describe(Object(Symfony/Component/Console/Output/ConsoleOutput), Object(Illuminate/Console/Application), Array)
#29 C:/laragon/www/05ArjunaSatria/vendor/symfony/console/Command/ListCommand.php(63): Symfony/Component/Console/Helper/DescriptorHelper->describe(Object(Symfony/Component/Console/Output/ConsoleOutput), Object(Illuminate/Console/Application), Array)
#30 C:/laragon/www/05ArjunaSatria/vendor/symfony/console/Command/Command.php(285): Symfony/Component/Console/Command/ListCommand->execute(Object(Symfony/Component/Console/Input/ArgvInput), Object(Symfony/Component/Console/Output/ConsoleOutput))
#31 C:/laragon/www/05ArjunaSatria/vendor/symfony/console/Application.php(1144): Symfony/Component/Console/Command/Command->run(Object(Symfony/Component/Console/Input/ArgvInput), Object(Symfony/Component/Console/Output/ConsoleOutput))
#32 C:/laragon/www/05ArjunaSatria/vendor/symfony/console/Application.php(379): Symfony/Component/Console/Application->doRunCommand(Object(Symfony/Component/Console/Command/ListCommand), Object(Symfony/Component/Console/Input/ArgvInput), Object(Symfony/Component/Console/Output/ConsoleOutput))
#33 C:/laragon/www/05ArjunaSatria/vendor/symfony/console/Application.php(218): Symfony/Component/Console/Application->doRun(Object(Symfony/Component/Console/Input/ArgvInput), Object(Symfony/Component/Console/Output/ConsoleOutput))
#34 C:/laragon/www/05ArjunaSatria/vendor/laravel/framework/src/Illuminate/Foundation/Console/Kernel.php(198): Symfony/Component/Console/Application->run(Object(Symfony/Component/Console/Input/ArgvInput), Object(Symfony/Component/Console/Output/ConsoleOutput))
#35 Command line code(1): Illuminate/Foundation/Console/Kernel->handle(Object(Symfony/Component/Console/Input/ArgvInput), Object(Symfony/Component/Console/Output/ConsoleOutput))
#36 {main}
"} 
[2026-09-24 02:02:14] local.ERROR: The database configuration URL is malformed. {"exception":"[object] (InvalidArgumentException(code: 0): The database configuration URL is malformed. at C:/laragon/www/05ArjunaSatria/vendor/laravel/framework/src/Illuminate/Support/ConfigurationUrlParser.php:148)
[stacktrace]
#0 C:/laragon/www/05ArjunaSatria/vendor/laravel/framework/src/Illuminate/Support/ConfigurationUrlParser.php(51): Illuminate/Support/ConfigurationUrlParser->parseUrl('postgresql://po...')
#1 C:/laragon/www/05ArjunaSatria/vendor/laravel/framework/src/Illuminate/Database/DatabaseManager.php(230): Illuminate/Support/ConfigurationUrlParser->parseConfiguration(Array)
#2 C:/laragon/www/05ArjunaSatria/vendor/laravel/framework/src/Illuminate/Database/DatabaseManager.php(192): Illuminate/Database/DatabaseManager->configuration('pgsql')
#3 C:/laragon/www/05ArjunaSatria/vendor/laravel/framework/src/Illuminate/Database/DatabaseManager.php(103): Illuminate/Database/DatabaseManager->makeConnection('pgsql')
#4 C:/laragon/www/05ArjunaSatria/vendor/laravel/framework/src/Illuminate/Cache/CacheManager.php(200): Illuminate/Database/DatabaseManager->connection('pgsql')
#5 C:/laragon/www/05ArjunaSatria/vendor/laravel/framework/src/Illuminate/Cache/CacheManager.php(148): Illuminate/Cache/CacheManager->createDatabaseDriver(Array)
#6 C:/laragon/www/05ArjunaSatria/vendor/laravel/framework/src/Illuminate/Cache/CacheManager.php(126): Illuminate/Cache/CacheManager->build(Array)
#7 C:/laragon/www/05ArjunaSatria/vendor/laravel/framework/src/Illuminate/Cache/CacheManager.php(69): Illuminate/Cache/CacheManager->resolve('database')
#8 C:/laragon/www/05ArjunaSatria/vendor/laravel/framework/src/Illuminate/Cache/CacheManager.php(80): Illuminate/Cache/CacheManager->store('database')
#9 C:/laragon/www/05ArjunaSatria/vendor/laravel/framework/src/Illuminate/Cache/CacheServiceProvider.php(23): Illuminate/Cache/CacheManager->driver()
#10 C:/laragon/www/05ArjunaSatria/vendor/laravel/framework/src/Illuminate/Container/Container.php(1140): Illuminate/Cache/CacheServiceProvider->{closure:Illuminate/Cache/CacheServiceProvider::register():22}(Object(Illuminate/Foundation/Application), Array)
#11 C:/laragon/www/05ArjunaSatria/vendor/laravel/framework/src/Illuminate/Container/Container.php(939): Illuminate/Container/Container->build(Object(Closure))
#12 C:/laragon/www/05ArjunaSatria/vendor/laravel/framework/src/Illuminate/Foundation/Application.php(1085): Illuminate/Container/Container->resolve('cache.store', Array, true)
#13 C:/laragon/www/05ArjunaSatria/vendor/laravel/framework/src/Illuminate/Container/Container.php(867): Illuminate/Foundation/Application->resolve('cache.store', Array)
#14 C:/laragon/www/05ArjunaSatria/vendor/laravel/framework/src/Illuminate/Foundation/Application.php(1065): Illuminate/Container/Container->make('cache.store', Array)
#15 C:/laragon/www/05ArjunaSatria/vendor/laravel/framework/src/Illuminate/Container/Container.php(1846): Illuminate/Foundation/Application->make('cache.store')
#16 C:/laragon/www/05ArjunaSatria/vendor/laravel/framework/src/Illuminate/Foundation/Providers/ArtisanServiceProvider.php(735): Illuminate/Container/Container->offsetGet('cache.store')
#17 C:/laragon/www/05ArjunaSatria/vendor/laravel/framework/src/Illuminate/Container/Container.php(1140): Illuminate/Foundation/Providers/ArtisanServiceProvider->{closure:Illuminate/Foundation/Providers/ArtisanServiceProvider::registerQueueRestartCommand():734}(Object(Illuminate/Foundation/Application), Array)
#18 C:/laragon/www/05ArjunaSatria/vendor/laravel/framework/src/Illuminate/Container/Container.php(939): Illuminate/Container/Container->build(Object(Closure))
#19 C:/laragon/www/05ArjunaSatria/vendor/laravel/framework/src/Illuminate/Foundation/Application.php(1085): Illuminate/Container/Container->resolve('Illuminate//Queu...', Array, true)
#20 C:/laragon/www/05ArjunaSatria/vendor/laravel/framework/src/Illuminate/Container/Container.php(884): Illuminate/Foundation/Application->resolve('Illuminate//Queu...')
#21 C:/laragon/www/05ArjunaSatria/vendor/laravel/framework/src/Illuminate/Console/ContainerCommandLoader.php(52): Illuminate/Container/Container->get('Illuminate//Queu...')
#22 C:/laragon/www/05ArjunaSatria/vendor/symfony/console/Application.php(664): Illuminate/Console/ContainerCommandLoader->get('queue:restart')
#23 C:/laragon/www/05ArjunaSatria/vendor/symfony/console/Application.php(873): Symfony/Component/Console/Application->has('queue:restart')
#24 C:/laragon/www/05ArjunaSatria/vendor/symfony/console/Descriptor/ApplicationDescription.php(84): Symfony/Component/Console/Application->all(NULL)
#25 C:/laragon/www/05ArjunaSatria/vendor/symfony/console/Descriptor/ApplicationDescription.php(61): Symfony/Component/Console/Descriptor/ApplicationDescription->inspectApplication()
#26 C:/laragon/www/05ArjunaSatria/vendor/symfony/console/Descriptor/TextDescriptor.php(185): Symfony/Component/Console/Descriptor/ApplicationDescription->getCommands()
#27 C:/laragon/www/05ArjunaSatria/vendor/symfony/console/Descriptor/Descriptor.php(40): Symfony/Component/Console/Descriptor/TextDescriptor->describeApplication(Object(Illuminate/Console/Application), Array)
#28 C:/laragon/www/05ArjunaSatria/vendor/symfony/console/Helper/DescriptorHelper.php(67): Symfony/Component/Console/Descriptor/Descriptor->describe(Object(Symfony/Component/Console/Output/ConsoleOutput), Object(Illuminate/Console/Application), Array)
#29 C:/laragon/www/05ArjunaSatria/vendor/symfony/console/Command/ListCommand.php(63): Symfony/Component/Console/Helper/DescriptorHelper->describe(Object(Symfony/Component/Console/Output/ConsoleOutput), Object(Illuminate/Console/Application), Array)
#30 C:/laragon/www/05ArjunaSatria/vendor/symfony/console/Command/Command.php(285): Symfony/Component/Console/Command/ListCommand->execute(Object(Symfony/Component/Console/Input/ArgvInput), Object(Symfony/Component/Console/Output/ConsoleOutput))
#31 C:/laragon/www/05ArjunaSatria/vendor/symfony/console/Application.php(1144): Symfony/Component/Console/Command/Command->run(Object(Symfony/Component/Console/Input/ArgvInput), Object(Symfony/Component/Console/Output/ConsoleOutput))
#32 C:/laragon/www/05ArjunaSatria/vendor/symfony/console/Application.php(379): Symfony/Component/Console/Application->doRunCommand(Object(Symfony/Component/Console/Command/ListCommand), Object(Symfony/Component/Console/Input/ArgvInput), Object(Symfony/Component/Console/Output/ConsoleOutput))
#33 C:/laragon/www/05ArjunaSatria/vendor/symfony/console/Application.php(218): Symfony/Component/Console/Application->doRun(Object(Symfony/Component/Console/Input/ArgvInput), Object(Symfony/Component/Console/Output/ConsoleOutput))
#34 C:/laragon/www/05ArjunaSatria/vendor/laravel/framework/src/Illuminate/Foundation/Console/Kernel.php(198): Symfony/Component/Console/Application->run(Object(Symfony/Component/Console/Input/ArgvInput), Object(Symfony/Component/Console/Output/ConsoleOutput))
#35 Command line code(1): Illuminate/Foundation/Console/Kernel->handle(Object(Symfony/Component/Console/Input/ArgvInput), Object(Symfony/Component/Console/Output/ConsoleOutput))
#36 {main}
"} 
[2026-09-24 02:02:30] local.ERROR: The database configuration URL is malformed. {"exception":"[object] (InvalidArgumentException(code: 0): The database configuration URL is malformed. at C:/laragon/www/05ArjunaSatria/vendor/laravel/framework/src/Illuminate/Support/ConfigurationUrlParser.php:148)
[stacktrace]
#0 C:/laragon/www/05ArjunaSatria/vendor/laravel/framework/src/Illuminate/Support/ConfigurationUrlParser.php(51): Illuminate/Support/ConfigurationUrlParser->parseUrl('postgresql://po...')
#1 C:/laragon/www/05ArjunaSatria/vendor/laravel/framework/src/Illuminate/Database/DatabaseManager.php(230): Illuminate/Support/ConfigurationUrlParser->parseConfiguration(Array)
#2 C:/laragon/www/05ArjunaSatria/vendor/laravel/framework/src/Illuminate/Database/DatabaseManager.php(192): Illuminate/Database/DatabaseManager->configuration('pgsql')
#3 C:/laragon/www/05ArjunaSatria/vendor/laravel/framework/src/Illuminate/Database/DatabaseManager.php(103): Illuminate/Database/DatabaseManager->makeConnection('pgsql')
#4 C:/laragon/www/05ArjunaSatria/vendor/laravel/framework/src/Illuminate/Cache/CacheManager.php(200): Illuminate/Database/DatabaseManager->connection('pgsql')
#5 C:/laragon/www/05ArjunaSatria/vendor/laravel/framework/src/Illuminate/Cache/CacheManager.php(148): Illuminate/Cache/CacheManager->createDatabaseDriver(Array)
#6 C:/laragon/www/05ArjunaSatria/vendor/laravel/framework/src/Illuminate/Cache/CacheManager.php(126): Illuminate/Cache/CacheManager->build(Array)
#7 C:/laragon/www/05ArjunaSatria/vendor/laravel/framework/src/Illuminate/Cache/CacheManager.php(69): Illuminate/Cache/CacheManager->resolve('database')
#8 C:/laragon/www/05ArjunaSatria/vendor/laravel/framework/src/Illuminate/Cache/CacheManager.php(80): Illuminate/Cache/CacheManager->store('database')
#9 C:/laragon/www/05ArjunaSatria/vendor/laravel/framework/src/Illuminate/Cache/CacheServiceProvider.php(23): Illuminate/Cache/CacheManager->driver()
#10 C:/laragon/www/05ArjunaSatria/vendor/laravel/framework/src/Illuminate/Container/Container.php(1140): Illuminate/Cache/CacheServiceProvider->{closure:Illuminate/Cache/CacheServiceProvider::register():22}(Object(Illuminate/Foundation/Application), Array)
#11 C:/laragon/www/05ArjunaSatria/vendor/laravel/framework/src/Illuminate/Container/Container.php(939): Illuminate/Container/Container->build(Object(Closure))
#12 C:/laragon/www/05ArjunaSatria/vendor/laravel/framework/src/Illuminate/Foundation/Application.php(1085): Illuminate/Container/Container->resolve('cache.store', Array, true)
#13 C:/laragon/www/05ArjunaSatria/vendor/laravel/framework/src/Illuminate/Container/Container.php(867): Illuminate/Foundation/Application->resolve('cache.store', Array)
#14 C:/laragon/www/05ArjunaSatria/vendor/laravel/framework/src/Illuminate/Foundation/Application.php(1065): Illuminate/Container/Container->make('cache.store', Array)
#15 C:/laragon/www/05ArjunaSatria/vendor/laravel/framework/src/Illuminate/Container/Container.php(1846): Illuminate/Foundation/Application->make('cache.store')
#16 C:/laragon/www/05ArjunaSatria/vendor/laravel/framework/src/Illuminate/Foundation/Providers/ArtisanServiceProvider.php(735): Illuminate/Container/Container->offsetGet('cache.store')
#17 C:/laragon/www/05ArjunaSatria/vendor/laravel/framework/src/Illuminate/Container/Container.php(1140): Illuminate/Foundation/Providers/ArtisanServiceProvider->{closure:Illuminate/Foundation/Providers/ArtisanServiceProvider::registerQueueRestartCommand():734}(Object(Illuminate/Foundation/Application), Array)
#18 C:/laragon/www/05ArjunaSatria/vendor/laravel/framework/src/Illuminate/Container/Container.php(939): Illuminate/Container/Container->build(Object(Closure))
#19 C:/laragon/www/05ArjunaSatria/vendor/laravel/framework/src/Illuminate/Foundation/Application.php(1085): Illuminate/Container/Container->resolve('Illuminate//Queu...', Array, true)
#20 C:/laragon/www/05ArjunaSatria/vendor/laravel/framework/src/Illuminate/Container/Container.php(884): Illuminate/Foundation/Application->resolve('Illuminate//Queu...')
#21 C:/laragon/www/05ArjunaSatria/vendor/laravel/framework/src/Illuminate/Console/ContainerCommandLoader.php(52): Illuminate/Container/Container->get('Illuminate//Queu...')
#22 C:/laragon/www/05ArjunaSatria/vendor/symfony/console/Application.php(664): Illuminate/Console/ContainerCommandLoader->get('queue:restart')
#23 C:/laragon/www/05ArjunaSatria/vendor/symfony/console/Application.php(873): Symfony/Component/Console/Application->has('queue:restart')
#24 C:/laragon/www/05ArjunaSatria/vendor/symfony/console/Application.php(677): Symfony/Component/Console/Application->all()
#25 C:/laragon/www/05ArjunaSatria/vendor/symfony/console/Application.php(699): Symfony/Component/Console/Application->getNamespaces()
#26 C:/laragon/www/05ArjunaSatria/vendor/symfony/console/Application.php(355): Symfony/Component/Console/Application->findNamespace('migrate:')
#27 C:/laragon/www/05ArjunaSatria/vendor/symfony/console/Application.php(218): Symfony/Component/Console/Application->doRun(Object(Symfony/Component/Console/Input/ArgvInput), Object(Symfony/Component/Console/Output/ConsoleOutput))
#28 C:/laragon/www/05ArjunaSatria/vendor/laravel/framework/src/Illuminate/Foundation/Console/Kernel.php(198): Symfony/Component/Console/Application->run(Object(Symfony/Component/Console/Input/ArgvInput), Object(Symfony/Component/Console/Output/ConsoleOutput))
#29 C:/laragon/www/05ArjunaSatria/vendor/laravel/framework/src/Illuminate/Foundation/Application.php(1242): Illuminate/Foundation/Console/Kernel->handle(Object(Symfony/Component/Console/Input/ArgvInput), Object(Symfony/Component/Console/Output/ConsoleOutput))
#30 C:/laragon/www/05ArjunaSatria/artisan(16): Illuminate/Foundation/Application->handleCommand(Object(Symfony/Component/Console/Input/ArgvInput))
#31 {main}
"} 
[2026-09-24 02:03:00] local.ERROR: The database configuration URL is malformed. {"exception":"[object] (InvalidArgumentException(code: 0): The database configuration URL is malformed. at C:/laragon/www/05ArjunaSatria/vendor/laravel/framework/src/Illuminate/Support/ConfigurationUrlParser.php:148)
[stacktrace]
#0 C:/laragon/www/05ArjunaSatria/vendor/laravel/framework/src/Illuminate/Support/ConfigurationUrlParser.php(51): Illuminate/Support/ConfigurationUrlParser->parseUrl('postgresql://po...')
#1 C:/laragon/www/05ArjunaSatria/vendor/laravel/framework/src/Illuminate/Database/DatabaseManager.php(230): Illuminate/Support/ConfigurationUrlParser->parseConfiguration(Array)
#2 C:/laragon/www/05ArjunaSatria/vendor/laravel/framework/src/Illuminate/Database/DatabaseManager.php(192): Illuminate/Database/DatabaseManager->configuration('pgsql')
#3 C:/laragon/www/05ArjunaSatria/vendor/laravel/framework/src/Illuminate/Database/DatabaseManager.php(103): Illuminate/Database/DatabaseManager->makeConnection('pgsql')
#4 C:/laragon/www/05ArjunaSatria/vendor/laravel/framework/src/Illuminate/Cache/CacheManager.php(200): Illuminate/Database/DatabaseManager->connection('pgsql')
#5 C:/laragon/www/05ArjunaSatria/vendor/laravel/framework/src/Illuminate/Cache/CacheManager.php(148): Illuminate/Cache/CacheManager->createDatabaseDriver(Array)
#6 C:/laragon/www/05ArjunaSatria/vendor/laravel/framework/src/Illuminate/Cache/CacheManager.php(126): Illuminate/Cache/CacheManager->build(Array)
#7 C:/laragon/www/05ArjunaSatria/vendor/laravel/framework/src/Illuminate/Cache/CacheManager.php(69): Illuminate/Cache/CacheManager->resolve('database')
#8 C:/laragon/www/05ArjunaSatria/vendor/laravel/framework/src/Illuminate/Cache/CacheManager.php(80): Illuminate/Cache/CacheManager->store('database')
#9 C:/laragon/www/05ArjunaSatria/vendor/laravel/framework/src/Illuminate/Cache/CacheServiceProvider.php(23): Illuminate/Cache/CacheManager->driver()
#10 C:/laragon/www/05ArjunaSatria/vendor/laravel/framework/src/Illuminate/Container/Container.php(1140): Illuminate/Cache/CacheServiceProvider->{closure:Illuminate/Cache/CacheServiceProvider::register():22}(Object(Illuminate/Foundation/Application), Array)
#11 C:/laragon/www/05ArjunaSatria/vendor/laravel/framework/src/Illuminate/Container/Container.php(939): Illuminate/Container/Container->build(Object(Closure))
#12 C:/laragon/www/05ArjunaSatria/vendor/laravel/framework/src/Illuminate/Foundation/Application.php(1085): Illuminate/Container/Container->resolve('cache.store', Array, true)
#13 C:/laragon/www/05ArjunaSatria/vendor/laravel/framework/src/Illuminate/Container/Container.php(867): Illuminate/Foundation/Application->resolve('cache.store', Array)
#14 C:/laragon/www/05ArjunaSatria/vendor/laravel/framework/src/Illuminate/Foundation/Application.php(1065): Illuminate/Container/Container->make('cache.store', Array)
#15 C:/laragon/www/05ArjunaSatria/vendor/laravel/framework/src/Illuminate/Container/Container.php(1846): Illuminate/Foundation/Application->make('cache.store')
#16 C:/laragon/www/05ArjunaSatria/vendor/laravel/framework/src/Illuminate/Foundation/Providers/ArtisanServiceProvider.php(735): Illuminate/Container/Container->offsetGet('cache.store')
#17 C:/laragon/www/05ArjunaSatria/vendor/laravel/framework/src/Illuminate/Container/Container.php(1140): Illuminate/Foundation/Providers/ArtisanServiceProvider->{closure:Illuminate/Foundation/Providers/ArtisanServiceProvider::registerQueueRestartCommand():734}(Object(Illuminate/Foundation/Application), Array)
#18 C:/laragon/www/05ArjunaSatria/vendor/laravel/framework/src/Illuminate/Container/Container.php(939): Illuminate/Container/Container->build(Object(Closure))
#19 C:/laragon/www/05ArjunaSatria/vendor/laravel/framework/src/Illuminate/Foundation/Application.php(1085): Illuminate/Container/Container->resolve('Illuminate//Queu...', Array, true)
#20 C:/laragon/www/05ArjunaSatria/vendor/laravel/framework/src/Illuminate/Container/Container.php(884): Illuminate/Foundation/Application->resolve('Illuminate//Queu...')
#21 C:/laragon/www/05ArjunaSatria/vendor/laravel/framework/src/Illuminate/Console/ContainerCommandLoader.php(52): Illuminate/Container/Container->get('Illuminate//Queu...')
#22 C:/laragon/www/05ArjunaSatria/vendor/symfony/console/Application.php(664): Illuminate/Console/ContainerCommandLoader->get('queue:restart')
#23 C:/laragon/www/05ArjunaSatria/vendor/symfony/console/Application.php(873): Symfony/Component/Console/Application->has('queue:restart')
#24 C:/laragon/www/05ArjunaSatria/vendor/symfony/console/Descriptor/ApplicationDescription.php(84): Symfony/Component/Console/Application->all(NULL)
#25 C:/laragon/www/05ArjunaSatria/vendor/symfony/console/Descriptor/ApplicationDescription.php(61): Symfony/Component/Console/Descriptor/ApplicationDescription->inspectApplication()
#26 C:/laragon/www/05ArjunaSatria/vendor/symfony/console/Descriptor/TextDescriptor.php(185): Symfony/Component/Console/Descriptor/ApplicationDescription->getCommands()
#27 C:/laragon/www/05ArjunaSatria/vendor/symfony/console/Descriptor/Descriptor.php(40): Symfony/Component/Console/Descriptor/TextDescriptor->describeApplication(Object(Illuminate/Console/Application), Array)
#28 C:/laragon/www/05ArjunaSatria/vendor/symfony/console/Helper/DescriptorHelper.php(67): Symfony/Component/Console/Descriptor/Descriptor->describe(Object(Symfony/Component/Console/Output/ConsoleOutput), Object(Illuminate/Console/Application), Array)
#29 C:/laragon/www/05ArjunaSatria/vendor/symfony/console/Command/ListCommand.php(63): Symfony/Component/Console/Helper/DescriptorHelper->describe(Object(Symfony/Component/Console/Output/ConsoleOutput), Object(Illuminate/Console/Application), Array)
#30 C:/laragon/www/05ArjunaSatria/vendor/symfony/console/Command/Command.php(285): Symfony/Component/Console/Command/ListCommand->execute(Object(Symfony/Component/Console/Input/ArgvInput), Object(Symfony/Component/Console/Output/ConsoleOutput))
#31 C:/laragon/www/05ArjunaSatria/vendor/symfony/console/Application.php(1144): Symfony/Component/Console/Command/Command->run(Object(Symfony/Component/Console/Input/ArgvInput), Object(Symfony/Component/Console/Output/ConsoleOutput))
#32 C:/laragon/www/05ArjunaSatria/vendor/symfony/console/Application.php(379): Symfony/Component/Console/Application->doRunCommand(Object(Symfony/Component/Console/Command/ListCommand), Object(Symfony/Component/Console/Input/ArgvInput), Object(Symfony/Component/Console/Output/ConsoleOutput))
#33 C:/laragon/www/05ArjunaSatria/vendor/symfony/console/Application.php(218): Symfony/Component/Console/Application->doRun(Object(Symfony/Component/Console/Input/ArgvInput), Object(Symfony/Component/Console/Output/ConsoleOutput))
#34 C:/laragon/www/05ArjunaSatria/vendor/laravel/framework/src/Illuminate/Foundation/Console/Kernel.php(198): Symfony/Component/Console/Application->run(Object(Symfony/Component/Console/Input/ArgvInput), Object(Symfony/Component/Console/Output/ConsoleOutput))
#35 Command line code(1): Illuminate/Foundation/Console/Kernel->handle(Object(Symfony/Component/Console/Input/ArgvInput), Object(Symfony/Component/Console/Output/ConsoleOutput))
#36 {main}
"} 
[2026-09-24 02:03:00] local.ERROR: The database configuration URL is malformed. {"exception":"[object] (InvalidArgumentException(code: 0): The database configuration URL is malformed. at C:/laragon/www/05ArjunaSatria/vendor/laravel/framework/src/Illuminate/Support/ConfigurationUrlParser.php:148)
[stacktrace]
#0 C:/laragon/www/05ArjunaSatria/vendor/laravel/framework/src/Illuminate/Support/ConfigurationUrlParser.php(51): Illuminate/Support/ConfigurationUrlParser->parseUrl('postgresql://po...')
#1 C:/laragon/www/05ArjunaSatria/vendor/laravel/framework/src/Illuminate/Database/DatabaseManager.php(230): Illuminate/Support/ConfigurationUrlParser->parseConfiguration(Array)
#2 C:/laragon/www/05ArjunaSatria/vendor/laravel/framework/src/Illuminate/Database/DatabaseManager.php(192): Illuminate/Database/DatabaseManager->configuration('pgsql')
#3 C:/laragon/www/05ArjunaSatria/vendor/laravel/framework/src/Illuminate/Database/DatabaseManager.php(103): Illuminate/Database/DatabaseManager->makeConnection('pgsql')
#4 C:/laragon/www/05ArjunaSatria/vendor/laravel/framework/src/Illuminate/Cache/CacheManager.php(200): Illuminate/Database/DatabaseManager->connection('pgsql')
#5 C:/laragon/www/05ArjunaSatria/vendor/laravel/framework/src/Illuminate/Cache/CacheManager.php(148): Illuminate/Cache/CacheManager->createDatabaseDriver(Array)
#6 C:/laragon/www/05ArjunaSatria/vendor/laravel/framework/src/Illuminate/Cache/CacheManager.php(126): Illuminate/Cache/CacheManager->build(Array)
#7 C:/laragon/www/05ArjunaSatria/vendor/laravel/framework/src/Illuminate/Cache/CacheManager.php(69): Illuminate/Cache/CacheManager->resolve('database')
#8 C:/laragon/www/05ArjunaSatria/vendor/laravel/framework/src/Illuminate/Cache/CacheManager.php(80): Illuminate/Cache/CacheManager->store('database')
#9 C:/laragon/www/05ArjunaSatria/vendor/laravel/framework/src/Illuminate/Cache/CacheServiceProvider.php(23): Illuminate/Cache/CacheManager->driver()
#10 C:/laragon/www/05ArjunaSatria/vendor/laravel/framework/src/Illuminate/Container/Container.php(1140): Illuminate/Cache/CacheServiceProvider->{closure:Illuminate/Cache/CacheServiceProvider::register():22}(Object(Illuminate/Foundation/Application), Array)
#11 C:/laragon/www/05ArjunaSatria/vendor/laravel/framework/src/Illuminate/Container/Container.php(939): Illuminate/Container/Container->build(Object(Closure))
#12 C:/laragon/www/05ArjunaSatria/vendor/laravel/framework/src/Illuminate/Foundation/Application.php(1085): Illuminate/Container/Container->resolve('cache.store', Array, true)
#13 C:/laragon/www/05ArjunaSatria/vendor/laravel/framework/src/Illuminate/Container/Container.php(867): Illuminate/Foundation/Application->resolve('cache.store', Array)
#14 C:/laragon/www/05ArjunaSatria/vendor/laravel/framework/src/Illuminate/Foundation/Application.php(1065): Illuminate/Container/Container->make('cache.store', Array)
#15 C:/laragon/www/05ArjunaSatria/vendor/laravel/framework/src/Illuminate/Container/Container.php(1846): Illuminate/Foundation/Application->make('cache.store')
#16 C:/laragon/www/05ArjunaSatria/vendor/laravel/framework/src/Illuminate/Foundation/Providers/ArtisanServiceProvider.php(735): Illuminate/Container/Container->offsetGet('cache.store')
#17 C:/laragon/www/05ArjunaSatria/vendor/laravel/framework/src/Illuminate/Container/Container.php(1140): Illuminate/Foundation/Providers/ArtisanServiceProvider->{closure:Illuminate/Foundation/Providers/ArtisanServiceProvider::registerQueueRestartCommand():734}(Object(Illuminate/Foundation/Application), Array)
#18 C:/laragon/www/05ArjunaSatria/vendor/laravel/framework/src/Illuminate/Container/Container.php(939): Illuminate/Container/Container->build(Object(Closure))
#19 C:/laragon/www/05ArjunaSatria/vendor/laravel/framework/src/Illuminate/Foundation/Application.php(1085): Illuminate/Container/Container->resolve('Illuminate//Queu...', Array, true)
#20 C:/laragon/www/05ArjunaSatria/vendor/laravel/framework/src/Illuminate/Container/Container.php(884): Illuminate/Foundation/Application->resolve('Illuminate//Queu...')
#21 C:/laragon/www/05ArjunaSatria/vendor/laravel/framework/src/Illuminate/Console/ContainerCommandLoader.php(52): Illuminate/Container/Container->get('Illuminate//Queu...')
#22 C:/laragon/www/05ArjunaSatria/vendor/symfony/console/Application.php(664): Illuminate/Console/ContainerCommandLoader->get('queue:restart')
#23 C:/laragon/www/05ArjunaSatria/vendor/symfony/console/Application.php(873): Symfony/Component/Console/Application->has('queue:restart')
#24 C:/laragon/www/05ArjunaSatria/vendor/symfony/console/Descriptor/ApplicationDescription.php(84): Symfony/Component/Console/Application->all(NULL)
#25 C:/laragon/www/05ArjunaSatria/vendor/symfony/console/Descriptor/ApplicationDescription.php(61): Symfony/Component/Console/Descriptor/ApplicationDescription->inspectApplication()
#26 C:/laragon/www/05ArjunaSatria/vendor/symfony/console/Descriptor/TextDescriptor.php(185): Symfony/Component/Console/Descriptor/ApplicationDescription->getCommands()
#27 C:/laragon/www/05ArjunaSatria/vendor/symfony/console/Descriptor/Descriptor.php(40): Symfony/Component/Console/Descriptor/TextDescriptor->describeApplication(Object(Illuminate/Console/Application), Array)
#28 C:/laragon/www/05ArjunaSatria/vendor/symfony/console/Helper/DescriptorHelper.php(67): Symfony/Component/Console/Descriptor/Descriptor->describe(Object(Symfony/Component/Console/Output/ConsoleOutput), Object(Illuminate/Console/Application), Array)
#29 C:/laragon/www/05ArjunaSatria/vendor/symfony/console/Command/ListCommand.php(63): Symfony/Component/Console/Helper/DescriptorHelper->describe(Object(Symfony/Component/Console/Output/ConsoleOutput), Object(Illuminate/Console/Application), Array)
#30 C:/laragon/www/05ArjunaSatria/vendor/symfony/console/Command/Command.php(285): Symfony/Component/Console/Command/ListCommand->execute(Object(Symfony/Component/Console/Input/ArgvInput), Object(Symfony/Component/Console/Output/ConsoleOutput))
#31 C:/laragon/www/05ArjunaSatria/vendor/symfony/console/Application.php(1144): Symfony/Component/Console/Command/Command->run(Object(Symfony/Component/Console/Input/ArgvInput), Object(Symfony/Component/Console/Output/ConsoleOutput))
#32 C:/laragon/www/05ArjunaSatria/vendor/symfony/console/Application.php(379): Symfony/Component/Console/Application->doRunCommand(Object(Symfony/Component/Console/Command/ListCommand), Object(Symfony/Component/Console/Input/ArgvInput), Object(Symfony/Component/Console/Output/ConsoleOutput))
#33 C:/laragon/www/05ArjunaSatria/vendor/symfony/console/Application.php(218): Symfony/Component/Console/Application->doRun(Object(Symfony/Component/Console/Input/ArgvInput), Object(Symfony/Component/Console/Output/ConsoleOutput))
#34 C:/laragon/www/05ArjunaSatria/vendor/laravel/framework/src/Illuminate/Foundation/Console/Kernel.php(198): Symfony/Component/Console/Application->run(Object(Symfony/Component/Console/Input/ArgvInput), Object(Symfony/Component/Console/Output/ConsoleOutput))
#35 Command line code(1): Illuminate/Foundation/Console/Kernel->handle(Object(Symfony/Component/Console/Input/ArgvInput), Object(Symfony/Component/Console/Output/ConsoleOutput))
#36 {main}
"} 
[2026-09-24 02:03:42] local.ERROR: The database configuration URL is malformed. {"exception":"[object] (InvalidArgumentException(code: 0): The database configuration URL is malformed. at C:/laragon/www/05ArjunaSatria/vendor/laravel/framework/src/Illuminate/Support/ConfigurationUrlParser.php:148)
[stacktrace]
#0 C:/laragon/www/05ArjunaSatria/vendor/laravel/framework/src/Illuminate/Support/ConfigurationUrlParser.php(51): Illuminate/Support/ConfigurationUrlParser->parseUrl('postgresql://po...')
#1 C:/laragon/www/05ArjunaSatria/vendor/laravel/framework/src/Illuminate/Database/DatabaseManager.php(230): Illuminate/Support/ConfigurationUrlParser->parseConfiguration(Array)
#2 C:/laragon/www/05ArjunaSatria/vendor/laravel/framework/src/Illuminate/Database/DatabaseManager.php(192): Illuminate/Database/DatabaseManager->configuration('pgsql')
#3 C:/laragon/www/05ArjunaSatria/vendor/laravel/framework/src/Illuminate/Database/DatabaseManager.php(103): Illuminate/Database/DatabaseManager->makeConnection('pgsql')
#4 C:/laragon/www/05ArjunaSatria/vendor/laravel/framework/src/Illuminate/Cache/CacheManager.php(200): Illuminate/Database/DatabaseManager->connection('pgsql')
#5 C:/laragon/www/05ArjunaSatria/vendor/laravel/framework/src/Illuminate/Cache/CacheManager.php(148): Illuminate/Cache/CacheManager->createDatabaseDriver(Array)
#6 C:/laragon/www/05ArjunaSatria/vendor/laravel/framework/src/Illuminate/Cache/CacheManager.php(126): Illuminate/Cache/CacheManager->build(Array)
#7 C:/laragon/www/05ArjunaSatria/vendor/laravel/framework/src/Illuminate/Cache/CacheManager.php(69): Illuminate/Cache/CacheManager->resolve('database')
#8 C:/laragon/www/05ArjunaSatria/vendor/laravel/framework/src/Illuminate/Cache/CacheManager.php(80): Illuminate/Cache/CacheManager->store('database')
#9 C:/laragon/www/05ArjunaSatria/vendor/laravel/framework/src/Illuminate/Cache/CacheServiceProvider.php(23): Illuminate/Cache/CacheManager->driver()
#10 C:/laragon/www/05ArjunaSatria/vendor/laravel/framework/src/Illuminate/Container/Container.php(1140): Illuminate/Cache/CacheServiceProvider->{closure:Illuminate/Cache/CacheServiceProvider::register():22}(Object(Illuminate/Foundation/Application), Array)
#11 C:/laragon/www/05ArjunaSatria/vendor/laravel/framework/src/Illuminate/Container/Container.php(939): Illuminate/Container/Container->build(Object(Closure))
#12 C:/laragon/www/05ArjunaSatria/vendor/laravel/framework/src/Illuminate/Foundation/Application.php(1085): Illuminate/Container/Container->resolve('cache.store', Array, true)
#13 C:/laragon/www/05ArjunaSatria/vendor/laravel/framework/src/Illuminate/Container/Container.php(867): Illuminate/Foundation/Application->resolve('cache.store', Array)
#14 C:/laragon/www/05ArjunaSatria/vendor/laravel/framework/src/Illuminate/Foundation/Application.php(1065): Illuminate/Container/Container->make('cache.store', Array)
#15 C:/laragon/www/05ArjunaSatria/vendor/laravel/framework/src/Illuminate/Container/Container.php(1846): Illuminate/Foundation/Application->make('cache.store')
#16 C:/laragon/www/05ArjunaSatria/vendor/laravel/framework/src/Illuminate/Foundation/Providers/ArtisanServiceProvider.php(735): Illuminate/Container/Container->offsetGet('cache.store')
#17 C:/laragon/www/05ArjunaSatria/vendor/laravel/framework/src/Illuminate/Container/Container.php(1140): Illuminate/Foundation/Providers/ArtisanServiceProvider->{closure:Illuminate/Foundation/Providers/ArtisanServiceProvider::registerQueueRestartCommand():734}(Object(Illuminate/Foundation/Application), Array)
#18 C:/laragon/www/05ArjunaSatria/vendor/laravel/framework/src/Illuminate/Container/Container.php(939): Illuminate/Container/Container->build(Object(Closure))
#19 C:/laragon/www/05ArjunaSatria/vendor/laravel/framework/src/Illuminate/Foundation/Application.php(1085): Illuminate/Container/Container->resolve('Illuminate//Queu...', Array, true)
#20 C:/laragon/www/05ArjunaSatria/vendor/laravel/framework/src/Illuminate/Container/Container.php(884): Illuminate/Foundation/Application->resolve('Illuminate//Queu...')
#21 C:/laragon/www/05ArjunaSatria/vendor/laravel/framework/src/Illuminate/Console/ContainerCommandLoader.php(52): Illuminate/Container/Container->get('Illuminate//Queu...')
#22 C:/laragon/www/05ArjunaSatria/vendor/symfony/console/Application.php(664): Illuminate/Console/ContainerCommandLoader->get('queue:restart')
#23 C:/laragon/www/05ArjunaSatria/vendor/symfony/console/Application.php(873): Symfony/Component/Console/Application->has('queue:restart')
#24 C:/laragon/www/05ArjunaSatria/vendor/symfony/console/Application.php(677): Symfony/Component/Console/Application->all()
#25 C:/laragon/www/05ArjunaSatria/vendor/symfony/console/Application.php(699): Symfony/Component/Console/Application->getNamespaces()
#26 C:/laragon/www/05ArjunaSatria/vendor/symfony/console/Application.php(355): Symfony/Component/Console/Application->findNamespace('migrate:')
#27 C:/laragon/www/05ArjunaSatria/vendor/symfony/console/Application.php(218): Symfony/Component/Console/Application->doRun(Object(Symfony/Component/Console/Input/ArgvInput), Object(Symfony/Component/Console/Output/ConsoleOutput))
#28 C:/laragon/www/05ArjunaSatria/vendor/laravel/framework/src/Illuminate/Foundation/Console/Kernel.php(198): Symfony/Component/Console/Application->run(Object(Symfony/Component/Console/Input/ArgvInput), Object(Symfony/Component/Console/Output/ConsoleOutput))
#29 C:/laragon/www/05ArjunaSatria/vendor/laravel/framework/src/Illuminate/Foundation/Application.php(1242): Illuminate/Foundation/Console/Kernel->handle(Object(Symfony/Component/Console/Input/ArgvInput), Object(Symfony/Component/Console/Output/ConsoleOutput))
#30 C:/laragon/www/05ArjunaSatria/artisan(16): Illuminate/Foundation/Application->handleCommand(Object(Symfony/Component/Console/Input/ArgvInput))
#31 {main}
"} 
[2026-09-24 02:04:00] local.ERROR: The database configuration URL is malformed. {"exception":"[object] (InvalidArgumentException(code: 0): The database configuration URL is malformed. at C:/laragon/www/05ArjunaSatria/vendor/laravel/framework/src/Illuminate/Support/ConfigurationUrlParser.php:148)
[stacktrace]
#0 C:/laragon/www/05ArjunaSatria/vendor/laravel/framework/src/Illuminate/Support/ConfigurationUrlParser.php(51): Illuminate/Support/ConfigurationUrlParser->parseUrl('postgresql://po...')
#1 C:/laragon/www/05ArjunaSatria/vendor/laravel/framework/src/Illuminate/Database/DatabaseManager.php(230): Illuminate/Support/ConfigurationUrlParser->parseConfiguration(Array)
#2 C:/laragon/www/05ArjunaSatria/vendor/laravel/framework/src/Illuminate/Database/DatabaseManager.php(192): Illuminate/Database/DatabaseManager->configuration('pgsql')
#3 C:/laragon/www/05ArjunaSatria/vendor/laravel/framework/src/Illuminate/Database/DatabaseManager.php(103): Illuminate/Database/DatabaseManager->makeConnection('pgsql')
#4 C:/laragon/www/05ArjunaSatria/vendor/laravel/framework/src/Illuminate/Cache/CacheManager.php(200): Illuminate/Database/DatabaseManager->connection('pgsql')
#5 C:/laragon/www/05ArjunaSatria/vendor/laravel/framework/src/Illuminate/Cache/CacheManager.php(148): Illuminate/Cache/CacheManager->createDatabaseDriver(Array)
#6 C:/laragon/www/05ArjunaSatria/vendor/laravel/framework/src/Illuminate/Cache/CacheManager.php(126): Illuminate/Cache/CacheManager->build(Array)
#7 C:/laragon/www/05ArjunaSatria/vendor/laravel/framework/src/Illuminate/Cache/CacheManager.php(69): Illuminate/Cache/CacheManager->resolve('database')
#8 C:/laragon/www/05ArjunaSatria/vendor/laravel/framework/src/Illuminate/Cache/CacheManager.php(80): Illuminate/Cache/CacheManager->store('database')
#9 C:/laragon/www/05ArjunaSatria/vendor/laravel/framework/src/Illuminate/Cache/CacheServiceProvider.php(23): Illuminate/Cache/CacheManager->driver()
#10 C:/laragon/www/05ArjunaSatria/vendor/laravel/framework/src/Illuminate/Container/Container.php(1140): Illuminate/Cache/CacheServiceProvider->{closure:Illuminate/Cache/CacheServiceProvider::register():22}(Object(Illuminate/Foundation/Application), Array)
#11 C:/laragon/www/05ArjunaSatria/vendor/laravel/framework/src/Illuminate/Container/Container.php(939): Illuminate/Container/Container->build(Object(Closure))
#12 C:/laragon/www/05ArjunaSatria/vendor/laravel/framework/src/Illuminate/Foundation/Application.php(1085): Illuminate/Container/Container->resolve('cache.store', Array, true)
#13 C:/laragon/www/05ArjunaSatria/vendor/laravel/framework/src/Illuminate/Container/Container.php(867): Illuminate/Foundation/Application->resolve('cache.store', Array)
#14 C:/laragon/www/05ArjunaSatria/vendor/laravel/framework/src/Illuminate/Foundation/Application.php(1065): Illuminate/Container/Container->make('cache.store', Array)
#15 C:/laragon/www/05ArjunaSatria/vendor/laravel/framework/src/Illuminate/Container/Container.php(1846): Illuminate/Foundation/Application->make('cache.store')
#16 C:/laragon/www/05ArjunaSatria/vendor/laravel/framework/src/Illuminate/Foundation/Providers/ArtisanServiceProvider.php(735): Illuminate/Container/Container->offsetGet('cache.store')
#17 C:/laragon/www/05ArjunaSatria/vendor/laravel/framework/src/Illuminate/Container/Container.php(1140): Illuminate/Foundation/Providers/ArtisanServiceProvider->{closure:Illuminate/Foundation/Providers/ArtisanServiceProvider::registerQueueRestartCommand():734}(Object(Illuminate/Foundation/Application), Array)
#18 C:/laragon/www/05ArjunaSatria/vendor/laravel/framework/src/Illuminate/Container/Container.php(939): Illuminate/Container/Container->build(Object(Closure))
#19 C:/laragon/www/05ArjunaSatria/vendor/laravel/framework/src/Illuminate/Foundation/Application.php(1085): Illuminate/Container/Container->resolve('Illuminate//Queu...', Array, true)
#20 C:/laragon/www/05ArjunaSatria/vendor/laravel/framework/src/Illuminate/Container/Container.php(884): Illuminate/Foundation/Application->resolve('Illuminate//Queu...')
#21 C:/laragon/www/05ArjunaSatria/vendor/laravel/framework/src/Illuminate/Console/ContainerCommandLoader.php(52): Illuminate/Container/Container->get('Illuminate//Queu...')
#22 C:/laragon/www/05ArjunaSatria/vendor/symfony/console/Application.php(664): Illuminate/Console/ContainerCommandLoader->get('queue:restart')
#23 C:/laragon/www/05ArjunaSatria/vendor/symfony/console/Application.php(873): Symfony/Component/Console/Application->has('queue:restart')
#24 C:/laragon/www/05ArjunaSatria/vendor/symfony/console/Descriptor/ApplicationDescription.php(84): Symfony/Component/Console/Application->all(NULL)
#25 C:/laragon/www/05ArjunaSatria/vendor/symfony/console/Descriptor/ApplicationDescription.php(61): Symfony/Component/Console/Descriptor/ApplicationDescription->inspectApplication()
#26 C:/laragon/www/05ArjunaSatria/vendor/symfony/console/Descriptor/TextDescriptor.php(185): Symfony/Component/Console/Descriptor/ApplicationDescription->getCommands()
#27 C:/laragon/www/05ArjunaSatria/vendor/symfony/console/Descriptor/Descriptor.php(40): Symfony/Component/Console/Descriptor/TextDescriptor->describeApplication(Object(Illuminate/Console/Application), Array)
#28 C:/laragon/www/05ArjunaSatria/vendor/symfony/console/Helper/DescriptorHelper.php(67): Symfony/Component/Console/Descriptor/Descriptor->describe(Object(Symfony/Component/Console/Output/ConsoleOutput), Object(Illuminate/Console/Application), Array)
#29 C:/laragon/www/05ArjunaSatria/vendor/symfony/console/Command/ListCommand.php(63): Symfony/Component/Console/Helper/DescriptorHelper->describe(Object(Symfony/Component/Console/Output/ConsoleOutput), Object(Illuminate/Console/Application), Array)
#30 C:/laragon/www/05ArjunaSatria/vendor/symfony/console/Command/Command.php(285): Symfony/Component/Console/Command/ListCommand->execute(Object(Symfony/Component/Console/Input/ArgvInput), Object(Symfony/Component/Console/Output/ConsoleOutput))
#31 C:/laragon/www/05ArjunaSatria/vendor/symfony/console/Application.php(1144): Symfony/Component/Console/Command/Command->run(Object(Symfony/Component/Console/Input/ArgvInput), Object(Symfony/Component/Console/Output/ConsoleOutput))
#32 C:/laragon/www/05ArjunaSatria/vendor/symfony/console/Application.php(379): Symfony/Component/Console/Application->doRunCommand(Object(Symfony/Component/Console/Command/ListCommand), Object(Symfony/Component/Console/Input/ArgvInput), Object(Symfony/Component/Console/Output/ConsoleOutput))
#33 C:/laragon/www/05ArjunaSatria/vendor/symfony/console/Application.php(218): Symfony/Component/Console/Application->doRun(Object(Symfony/Component/Console/Input/ArgvInput), Object(Symfony/Component/Console/Output/ConsoleOutput))
#34 C:/laragon/www/05ArjunaSatria/vendor/laravel/framework/src/Illuminate/Foundation/Console/Kernel.php(198): Symfony/Component/Console/Application->run(Object(Symfony/Component/Console/Input/ArgvInput), Object(Symfony/Component/Console/Output/ConsoleOutput))
#35 Command line code(1): Illuminate/Foundation/Console/Kernel->handle(Object(Symfony/Component/Console/Input/ArgvInput), Object(Symfony/Component/Console/Output/ConsoleOutput))
#36 {main}
"} 
[2026-09-24 02:04:00] local.ERROR: The database configuration URL is malformed. {"exception":"[object] (InvalidArgumentException(code: 0): The database configuration URL is malformed. at C:/laragon/www/05ArjunaSatria/vendor/laravel/framework/src/Illuminate/Support/ConfigurationUrlParser.php:148)
[stacktrace]
#0 C:/laragon/www/05ArjunaSatria/vendor/laravel/framework/src/Illuminate/Support/ConfigurationUrlParser.php(51): Illuminate/Support/ConfigurationUrlParser->parseUrl('postgresql://po...')
#1 C:/laragon/www/05ArjunaSatria/vendor/laravel/framework/src/Illuminate/Database/DatabaseManager.php(230): Illuminate/Support/ConfigurationUrlParser->parseConfiguration(Array)
#2 C:/laragon/www/05ArjunaSatria/vendor/laravel/framework/src/Illuminate/Database/DatabaseManager.php(192): Illuminate/Database/DatabaseManager->configuration('pgsql')
#3 C:/laragon/www/05ArjunaSatria/vendor/laravel/framework/src/Illuminate/Database/DatabaseManager.php(103): Illuminate/Database/DatabaseManager->makeConnection('pgsql')
#4 C:/laragon/www/05ArjunaSatria/vendor/laravel/framework/src/Illuminate/Cache/CacheManager.php(200): Illuminate/Database/DatabaseManager->connection('pgsql')
#5 C:/laragon/www/05ArjunaSatria/vendor/laravel/framework/src/Illuminate/Cache/CacheManager.php(148): Illuminate/Cache/CacheManager->createDatabaseDriver(Array)
#6 C:/laragon/www/05ArjunaSatria/vendor/laravel/framework/src/Illuminate/Cache/CacheManager.php(126): Illuminate/Cache/CacheManager->build(Array)
#7 C:/laragon/www/05ArjunaSatria/vendor/laravel/framework/src/Illuminate/Cache/CacheManager.php(69): Illuminate/Cache/CacheManager->resolve('database')
#8 C:/laragon/www/05ArjunaSatria/vendor/laravel/framework/src/Illuminate/Cache/CacheManager.php(80): Illuminate/Cache/CacheManager->store('database')
#9 C:/laragon/www/05ArjunaSatria/vendor/laravel/framework/src/Illuminate/Cache/CacheServiceProvider.php(23): Illuminate/Cache/CacheManager->driver()
#10 C:/laragon/www/05ArjunaSatria/vendor/laravel/framework/src/Illuminate/Container/Container.php(1140): Illuminate/Cache/CacheServiceProvider->{closure:Illuminate/Cache/CacheServiceProvider::register():22}(Object(Illuminate/Foundation/Application), Array)
#11 C:/laragon/www/05ArjunaSatria/vendor/laravel/framework/src/Illuminate/Container/Container.php(939): Illuminate/Container/Container->build(Object(Closure))
#12 C:/laragon/www/05ArjunaSatria/vendor/laravel/framework/src/Illuminate/Foundation/Application.php(1085): Illuminate/Container/Container->resolve('cache.store', Array, true)
#13 C:/laragon/www/05ArjunaSatria/vendor/laravel/framework/src/Illuminate/Container/Container.php(867): Illuminate/Foundation/Application->resolve('cache.store', Array)
#14 C:/laragon/www/05ArjunaSatria/vendor/laravel/framework/src/Illuminate/Foundation/Application.php(1065): Illuminate/Container/Container->make('cache.store', Array)
#15 C:/laragon/www/05ArjunaSatria/vendor/laravel/framework/src/Illuminate/Container/Container.php(1846): Illuminate/Foundation/Application->make('cache.store')
#16 C:/laragon/www/05ArjunaSatria/vendor/laravel/framework/src/Illuminate/Foundation/Providers/ArtisanServiceProvider.php(735): Illuminate/Container/Container->offsetGet('cache.store')
#17 C:/laragon/www/05ArjunaSatria/vendor/laravel/framework/src/Illuminate/Container/Container.php(1140): Illuminate/Foundation/Providers/ArtisanServiceProvider->{closure:Illuminate/Foundation/Providers/ArtisanServiceProvider::registerQueueRestartCommand():734}(Object(Illuminate/Foundation/Application), Array)
#18 C:/laragon/www/05ArjunaSatria/vendor/laravel/framework/src/Illuminate/Container/Container.php(939): Illuminate/Container/Container->build(Object(Closure))
#19 C:/laragon/www/05ArjunaSatria/vendor/laravel/framework/src/Illuminate/Foundation/Application.php(1085): Illuminate/Container/Container->resolve('Illuminate//Queu...', Array, true)
#20 C:/laragon/www/05ArjunaSatria/vendor/laravel/framework/src/Illuminate/Container/Container.php(884): Illuminate/Foundation/Application->resolve('Illuminate//Queu...')
#21 C:/laragon/www/05ArjunaSatria/vendor/laravel/framework/src/Illuminate/Console/ContainerCommandLoader.php(52): Illuminate/Container/Container->get('Illuminate//Queu...')
#22 C:/laragon/www/05ArjunaSatria/vendor/symfony/console/Application.php(664): Illuminate/Console/ContainerCommandLoader->get('queue:restart')
#23 C:/laragon/www/05ArjunaSatria/vendor/symfony/console/Application.php(873): Symfony/Component/Console/Application->has('queue:restart')
#24 C:/laragon/www/05ArjunaSatria/vendor/symfony/console/Descriptor/ApplicationDescription.php(84): Symfony/Component/Console/Application->all(NULL)
#25 C:/laragon/www/05ArjunaSatria/vendor/symfony/console/Descriptor/ApplicationDescription.php(61): Symfony/Component/Console/Descriptor/ApplicationDescription->inspectApplication()
#26 C:/laragon/www/05ArjunaSatria/vendor/symfony/console/Descriptor/TextDescriptor.php(185): Symfony/Component/Console/Descriptor/ApplicationDescription->getCommands()
#27 C:/laragon/www/05ArjunaSatria/vendor/symfony/console/Descriptor/Descriptor.php(40): Symfony/Component/Console/Descriptor/TextDescriptor->describeApplication(Object(Illuminate/Console/Application), Array)
#28 C:/laragon/www/05ArjunaSatria/vendor/symfony/console/Helper/DescriptorHelper.php(67): Symfony/Component/Console/Descriptor/Descriptor->describe(Object(Symfony/Component/Console/Output/ConsoleOutput), Object(Illuminate/Console/Application), Array)
#29 C:/laragon/www/05ArjunaSatria/vendor/symfony/console/Command/ListCommand.php(63): Symfony/Component/Console/Helper/DescriptorHelper->describe(Object(Symfony/Component/Console/Output/ConsoleOutput), Object(Illuminate/Console/Application), Array)
#30 C:/laragon/www/05ArjunaSatria/vendor/symfony/console/Command/Command.php(285): Symfony/Component/Console/Command/ListCommand->execute(Object(Symfony/Component/Console/Input/ArgvInput), Object(Symfony/Component/Console/Output/ConsoleOutput))
#31 C:/laragon/www/05ArjunaSatria/vendor/symfony/console/Application.php(1144): Symfony/Component/Console/Command/Command->run(Object(Symfony/Component/Console/Input/ArgvInput), Object(Symfony/Component/Console/Output/ConsoleOutput))
#32 C:/laragon/www/05ArjunaSatria/vendor/symfony/console/Application.php(379): Symfony/Component/Console/Application->doRunCommand(Object(Symfony/Component/Console/Command/ListCommand), Object(Symfony/Component/Console/Input/ArgvInput), Object(Symfony/Component/Console/Output/ConsoleOutput))
#33 C:/laragon/www/05ArjunaSatria/vendor/symfony/console/Application.php(218): Symfony/Component/Console/Application->doRun(Object(Symfony/Component/Console/Input/ArgvInput), Object(Symfony/Component/Console/Output/ConsoleOutput))
#34 C:/laragon/www/05ArjunaSatria/vendor/laravel/framework/src/Illuminate/Foundation/Console/Kernel.php(198): Symfony/Component/Console/Application->run(Object(Symfony/Component/Console/Input/ArgvInput), Object(Symfony/Component/Console/Output/ConsoleOutput))
#35 Command line code(1): Illuminate/Foundation/Console/Kernel->handle(Object(Symfony/Component/Console/Input/ArgvInput), Object(Symfony/Component/Console/Output/ConsoleOutput))
#36 {main}
"} 
[2026-09-24 02:04:50] local.ERROR: The database configuration URL is malformed. {"exception":"[object] (InvalidArgumentException(code: 0): The database configuration URL is malformed. at C:/laragon/www/05ArjunaSatria/vendor/laravel/framework/src/Illuminate/Support/ConfigurationUrlParser.php:148)
[stacktrace]
#0 C:/laragon/www/05ArjunaSatria/vendor/laravel/framework/src/Illuminate/Support/ConfigurationUrlParser.php(51): Illuminate/Support/ConfigurationUrlParser->parseUrl('postgresql://po...')
#1 C:/laragon/www/05ArjunaSatria/vendor/laravel/framework/src/Illuminate/Database/DatabaseManager.php(230): Illuminate/Support/ConfigurationUrlParser->parseConfiguration(Array)
#2 C:/laragon/www/05ArjunaSatria/vendor/laravel/framework/src/Illuminate/Database/DatabaseManager.php(192): Illuminate/Database/DatabaseManager->configuration('pgsql')
#3 C:/laragon/www/05ArjunaSatria/vendor/laravel/framework/src/Illuminate/Database/DatabaseManager.php(103): Illuminate/Database/DatabaseManager->makeConnection('pgsql')
#4 C:/laragon/www/05ArjunaSatria/vendor/laravel/framework/src/Illuminate/Database/Migrations/Migrator.php(747): Illuminate/Database/DatabaseManager->connection('pgsql')
#5 C:/laragon/www/05ArjunaSatria/vendor/laravel/framework/src/Illuminate/Database/Migrations/Migrator.php(691): Illuminate/Database/Migrations/Migrator->directConnectionName('pgsql')
#6 C:/laragon/www/05ArjunaSatria/vendor/laravel/framework/src/Illuminate/Database/Migrations/Migrator.php(669): Illuminate/Database/Migrations/Migrator->setConnection(NULL)
#7 C:/laragon/www/05ArjunaSatria/vendor/laravel/framework/src/Illuminate/Database/Console/Migrations/FreshCommand.php(75): Illuminate/Database/Migrations/Migrator->usingConnection(NULL, Object(Closure))
#8 C:/laragon/www/05ArjunaSatria/vendor/laravel/framework/src/Illuminate/Container/BoundMethod.php(36): Illuminate/Database/Console/Migrations/FreshCommand->handle()
#9 C:/laragon/www/05ArjunaSatria/vendor/laravel/framework/src/Illuminate/Container/Util.php(43): Illuminate/Container/BoundMethod::{closure:Illuminate/Container/BoundMethod::call():35}()
#10 C:/laragon/www/05ArjunaSatria/vendor/laravel/framework/src/Illuminate/Container/BoundMethod.php(96): Illuminate/Container/Util::unwrapIfClosure(Object(Closure))
#11 C:/laragon/www/05ArjunaSatria/vendor/laravel/framework/src/Illuminate/Container/BoundMethod.php(35): Illuminate/Container/BoundMethod::callBoundMethod(Object(Illuminate/Foundation/Application), Array, Object(Closure))
#12 C:/laragon/www/05ArjunaSatria/vendor/laravel/framework/src/Illuminate/Container/Container.php(803): Illuminate/Container/BoundMethod::call(Object(Illuminate/Foundation/Application), Array, Array, NULL)
#13 C:/laragon/www/05ArjunaSatria/vendor/laravel/framework/src/Illuminate/Console/Command.php(292): Illuminate/Container/Container->call(Array)
#14 C:/laragon/www/05ArjunaSatria/vendor/symfony/console/Command/Command.php(285): Illuminate/Console/Command->execute(Object(Symfony/Component/Console/Input/ArgvInput), Object(Laravel/Pao/Laravel/PaoOutputStyle))
#15 C:/laragon/www/05ArjunaSatria/vendor/laravel/framework/src/Illuminate/Console/Command.php(261): Symfony/Component/Console/Command/Command->run(Object(Symfony/Component/Console/Input/ArgvInput), Object(Laravel/Pao/Laravel/PaoOutputStyle))
#16 C:/laragon/www/05ArjunaSatria/vendor/symfony/console/Application.php(1144): Illuminate/Console/Command->run(Object(Symfony/Component/Console/Input/ArgvInput), Object(Symfony/Component/Console/Output/ConsoleOutput))
#17 C:/laragon/www/05ArjunaSatria/vendor/symfony/console/Application.php(379): Symfony/Component/Console/Application->doRunCommand(Object(Illuminate/Database/Console/Migrations/FreshCommand), Object(Symfony/Component/Console/Input/ArgvInput), Object(Symfony/Component/Console/Output/ConsoleOutput))
#18 C:/laragon/www/05ArjunaSatria/vendor/symfony/console/Application.php(218): Symfony/Component/Console/Application->doRun(Object(Symfony/Component/Console/Input/ArgvInput), Object(Symfony/Component/Console/Output/ConsoleOutput))
#19 C:/laragon/www/05ArjunaSatria/vendor/laravel/framework/src/Illuminate/Foundation/Console/Kernel.php(198): Symfony/Component/Console/Application->run(Object(Symfony/Component/Console/Input/ArgvInput), Object(Symfony/Component/Console/Output/ConsoleOutput))
#20 C:/laragon/www/05ArjunaSatria/vendor/laravel/framework/src/Illuminate/Foundation/Application.php(1242): Illuminate/Foundation/Console/Kernel->handle(Object(Symfony/Component/Console/Input/ArgvInput), Object(Symfony/Component/Console/Output/ConsoleOutput))
#21 C:/laragon/www/05ArjunaSatria/artisan(16): Illuminate/Foundation/Application->handleCommand(Object(Symfony/Component/Console/Input/ArgvInput))
#22 {main}
"} 
[2026-09-24 02:05:01] local.ERROR: The database configuration URL is malformed. {"exception":"[object] (InvalidArgumentException(code: 0): The database configuration URL is malformed. at C:/laragon/www/05ArjunaSatria/vendor/laravel/framework/src/Illuminate/Support/ConfigurationUrlParser.php:148)
[stacktrace]
#0 C:/laragon/www/05ArjunaSatria/vendor/laravel/framework/src/Illuminate/Support/ConfigurationUrlParser.php(51): Illuminate/Support/ConfigurationUrlParser->parseUrl('postgresql://po...')
#1 C:/laragon/www/05ArjunaSatria/vendor/laravel/framework/src/Illuminate/Database/DatabaseManager.php(230): Illuminate/Support/ConfigurationUrlParser->parseConfiguration(Array)
#2 C:/laragon/www/05ArjunaSatria/vendor/laravel/framework/src/Illuminate/Database/DatabaseManager.php(192): Illuminate/Database/DatabaseManager->configuration('pgsql')
#3 C:/laragon/www/05ArjunaSatria/vendor/laravel/framework/src/Illuminate/Database/DatabaseManager.php(103): Illuminate/Database/DatabaseManager->makeConnection('pgsql')
#4 C:/laragon/www/05ArjunaSatria/vendor/laravel/framework/src/Illuminate/Cache/CacheManager.php(200): Illuminate/Database/DatabaseManager->connection('pgsql')
#5 C:/laragon/www/05ArjunaSatria/vendor/laravel/framework/src/Illuminate/Cache/CacheManager.php(148): Illuminate/Cache/CacheManager->createDatabaseDriver(Array)
#6 C:/laragon/www/05ArjunaSatria/vendor/laravel/framework/src/Illuminate/Cache/CacheManager.php(126): Illuminate/Cache/CacheManager->build(Array)
#7 C:/laragon/www/05ArjunaSatria/vendor/laravel/framework/src/Illuminate/Cache/CacheManager.php(69): Illuminate/Cache/CacheManager->resolve('database')
#8 C:/laragon/www/05ArjunaSatria/vendor/laravel/framework/src/Illuminate/Cache/CacheManager.php(80): Illuminate/Cache/CacheManager->store('database')
#9 C:/laragon/www/05ArjunaSatria/vendor/laravel/framework/src/Illuminate/Cache/CacheServiceProvider.php(23): Illuminate/Cache/CacheManager->driver()
#10 C:/laragon/www/05ArjunaSatria/vendor/laravel/framework/src/Illuminate/Container/Container.php(1140): Illuminate/Cache/CacheServiceProvider->{closure:Illuminate/Cache/CacheServiceProvider::register():22}(Object(Illuminate/Foundation/Application), Array)
#11 C:/laragon/www/05ArjunaSatria/vendor/laravel/framework/src/Illuminate/Container/Container.php(939): Illuminate/Container/Container->build(Object(Closure))
#12 C:/laragon/www/05ArjunaSatria/vendor/laravel/framework/src/Illuminate/Foundation/Application.php(1085): Illuminate/Container/Container->resolve('cache.store', Array, true)
#13 C:/laragon/www/05ArjunaSatria/vendor/laravel/framework/src/Illuminate/Container/Container.php(867): Illuminate/Foundation/Application->resolve('cache.store', Array)
#14 C:/laragon/www/05ArjunaSatria/vendor/laravel/framework/src/Illuminate/Foundation/Application.php(1065): Illuminate/Container/Container->make('cache.store', Array)
#15 C:/laragon/www/05ArjunaSatria/vendor/laravel/framework/src/Illuminate/Container/Container.php(1846): Illuminate/Foundation/Application->make('cache.store')
#16 C:/laragon/www/05ArjunaSatria/vendor/laravel/framework/src/Illuminate/Foundation/Providers/ArtisanServiceProvider.php(735): Illuminate/Container/Container->offsetGet('cache.store')
#17 C:/laragon/www/05ArjunaSatria/vendor/laravel/framework/src/Illuminate/Container/Container.php(1140): Illuminate/Foundation/Providers/ArtisanServiceProvider->{closure:Illuminate/Foundation/Providers/ArtisanServiceProvider::registerQueueRestartCommand():734}(Object(Illuminate/Foundation/Application), Array)
#18 C:/laragon/www/05ArjunaSatria/vendor/laravel/framework/src/Illuminate/Container/Container.php(939): Illuminate/Container/Container->build(Object(Closure))
#19 C:/laragon/www/05ArjunaSatria/vendor/laravel/framework/src/Illuminate/Foundation/Application.php(1085): Illuminate/Container/Container->resolve('Illuminate//Queu...', Array, true)
#20 C:/laragon/www/05ArjunaSatria/vendor/laravel/framework/src/Illuminate/Container/Container.php(884): Illuminate/Foundation/Application->resolve('Illuminate//Queu...')
#21 C:/laragon/www/05ArjunaSatria/vendor/laravel/framework/src/Illuminate/Console/ContainerCommandLoader.php(52): Illuminate/Container/Container->get('Illuminate//Queu...')
#22 C:/laragon/www/05ArjunaSatria/vendor/symfony/console/Application.php(664): Illuminate/Console/ContainerCommandLoader->get('queue:restart')
#23 C:/laragon/www/05ArjunaSatria/vendor/symfony/console/Application.php(873): Symfony/Component/Console/Application->has('queue:restart')
#24 C:/laragon/www/05ArjunaSatria/vendor/symfony/console/Descriptor/ApplicationDescription.php(84): Symfony/Component/Console/Application->all(NULL)
#25 C:/laragon/www/05ArjunaSatria/vendor/symfony/console/Descriptor/ApplicationDescription.php(61): Symfony/Component/Console/Descriptor/ApplicationDescription->inspectApplication()
#26 C:/laragon/www/05ArjunaSatria/vendor/symfony/console/Descriptor/TextDescriptor.php(185): Symfony/Component/Console/Descriptor/ApplicationDescription->getCommands()
#27 C:/laragon/www/05ArjunaSatria/vendor/symfony/console/Descriptor/Descriptor.php(40): Symfony/Component/Console/Descriptor/TextDescriptor->describeApplication(Object(Illuminate/Console/Application), Array)
#28 C:/laragon/www/05ArjunaSatria/vendor/symfony/console/Helper/DescriptorHelper.php(67): Symfony/Component/Console/Descriptor/Descriptor->describe(Object(Symfony/Component/Console/Output/ConsoleOutput), Object(Illuminate/Console/Application), Array)
#29 C:/laragon/www/05ArjunaSatria/vendor/symfony/console/Command/ListCommand.php(63): Symfony/Component/Console/Helper/DescriptorHelper->describe(Object(Symfony/Component/Console/Output/ConsoleOutput), Object(Illuminate/Console/Application), Array)
#30 C:/laragon/www/05ArjunaSatria/vendor/symfony/console/Command/Command.php(285): Symfony/Component/Console/Command/ListCommand->execute(Object(Symfony/Component/Console/Input/ArgvInput), Object(Symfony/Component/Console/Output/ConsoleOutput))
#31 C:/laragon/www/05ArjunaSatria/vendor/symfony/console/Application.php(1144): Symfony/Component/Console/Command/Command->run(Object(Symfony/Component/Console/Input/ArgvInput), Object(Symfony/Component/Console/Output/ConsoleOutput))
#32 C:/laragon/www/05ArjunaSatria/vendor/symfony/console/Application.php(379): Symfony/Component/Console/Application->doRunCommand(Object(Symfony/Component/Console/Command/ListCommand), Object(Symfony/Component/Console/Input/ArgvInput), Object(Symfony/Component/Console/Output/ConsoleOutput))
#33 C:/laragon/www/05ArjunaSatria/vendor/symfony/console/Application.php(218): Symfony/Component/Console/Application->doRun(Object(Symfony/Component/Console/Input/ArgvInput), Object(Symfony/Component/Console/Output/ConsoleOutput))
#34 C:/laragon/www/05ArjunaSatria/vendor/laravel/framework/src/Illuminate/Foundation/Console/Kernel.php(198): Symfony/Component/Console/Application->run(Object(Symfony/Component/Console/Input/ArgvInput), Object(Symfony/Component/Console/Output/ConsoleOutput))
#35 Command line code(1): Illuminate/Foundation/Console/Kernel->handle(Object(Symfony/Component/Console/Input/ArgvInput), Object(Symfony/Component/Console/Output/ConsoleOutput))
#36 {main}
"} 
[2026-09-24 02:05:27] local.ERROR: The database configuration URL is malformed. {"exception":"[object] (InvalidArgumentException(code: 0): The database configuration URL is malformed. at C:/laragon/www/05ArjunaSatria/vendor/laravel/framework/src/Illuminate/Support/ConfigurationUrlParser.php:148)
[stacktrace]
#0 C:/laragon/www/05ArjunaSatria/vendor/laravel/framework/src/Illuminate/Support/ConfigurationUrlParser.php(51): Illuminate/Support/ConfigurationUrlParser->parseUrl('postgresql://po...')
#1 C:/laragon/www/05ArjunaSatria/vendor/laravel/framework/src/Illuminate/Database/DatabaseManager.php(230): Illuminate/Support/ConfigurationUrlParser->parseConfiguration(Array)
#2 C:/laragon/www/05ArjunaSatria/vendor/laravel/framework/src/Illuminate/Database/DatabaseManager.php(192): Illuminate/Database/DatabaseManager->configuration('pgsql')
#3 C:/laragon/www/05ArjunaSatria/vendor/laravel/framework/src/Illuminate/Database/DatabaseManager.php(103): Illuminate/Database/DatabaseManager->makeConnection('pgsql')
#4 C:/laragon/www/05ArjunaSatria/vendor/laravel/framework/src/Illuminate/Cache/CacheManager.php(200): Illuminate/Database/DatabaseManager->connection('pgsql')
#5 C:/laragon/www/05ArjunaSatria/vendor/laravel/framework/src/Illuminate/Cache/CacheManager.php(148): Illuminate/Cache/CacheManager->createDatabaseDriver(Array)
#6 C:/laragon/www/05ArjunaSatria/vendor/laravel/framework/src/Illuminate/Cache/CacheManager.php(126): Illuminate/Cache/CacheManager->build(Array)
#7 C:/laragon/www/05ArjunaSatria/vendor/laravel/framework/src/Illuminate/Cache/CacheManager.php(69): Illuminate/Cache/CacheManager->resolve('database')
#8 C:/laragon/www/05ArjunaSatria/vendor/laravel/framework/src/Illuminate/Cache/CacheManager.php(80): Illuminate/Cache/CacheManager->store('database')
#9 C:/laragon/www/05ArjunaSatria/vendor/laravel/framework/src/Illuminate/Cache/CacheServiceProvider.php(23): Illuminate/Cache/CacheManager->driver()
#10 C:/laragon/www/05ArjunaSatria/vendor/laravel/framework/src/Illuminate/Container/Container.php(1140): Illuminate/Cache/CacheServiceProvider->{closure:Illuminate/Cache/CacheServiceProvider::register():22}(Object(Illuminate/Foundation/Application), Array)
#11 C:/laragon/www/05ArjunaSatria/vendor/laravel/framework/src/Illuminate/Container/Container.php(939): Illuminate/Container/Container->build(Object(Closure))
#12 C:/laragon/www/05ArjunaSatria/vendor/laravel/framework/src/Illuminate/Foundation/Application.php(1085): Illuminate/Container/Container->resolve('cache.store', Array, true)
#13 C:/laragon/www/05ArjunaSatria/vendor/laravel/framework/src/Illuminate/Container/Container.php(867): Illuminate/Foundation/Application->resolve('cache.store', Array)
#14 C:/laragon/www/05ArjunaSatria/vendor/laravel/framework/src/Illuminate/Foundation/Application.php(1065): Illuminate/Container/Container->make('cache.store', Array)
#15 C:/laragon/www/05ArjunaSatria/vendor/laravel/framework/src/Illuminate/Container/Container.php(1846): Illuminate/Foundation/Application->make('cache.store')
#16 C:/laragon/www/05ArjunaSatria/vendor/laravel/framework/src/Illuminate/Foundation/Providers/ArtisanServiceProvider.php(735): Illuminate/Container/Container->offsetGet('cache.store')
#17 C:/laragon/www/05ArjunaSatria/vendor/laravel/framework/src/Illuminate/Container/Container.php(1140): Illuminate/Foundation/Providers/ArtisanServiceProvider->{closure:Illuminate/Foundation/Providers/ArtisanServiceProvider::registerQueueRestartCommand():734}(Object(Illuminate/Foundation/Application), Array)
#18 C:/laragon/www/05ArjunaSatria/vendor/laravel/framework/src/Illuminate/Container/Container.php(939): Illuminate/Container/Container->build(Object(Closure))
#19 C:/laragon/www/05ArjunaSatria/vendor/laravel/framework/src/Illuminate/Foundation/Application.php(1085): Illuminate/Container/Container->resolve('Illuminate//Queu...', Array, true)
#20 C:/laragon/www/05ArjunaSatria/vendor/laravel/framework/src/Illuminate/Container/Container.php(884): Illuminate/Foundation/Application->resolve('Illuminate//Queu...')
#21 C:/laragon/www/05ArjunaSatria/vendor/laravel/framework/src/Illuminate/Console/ContainerCommandLoader.php(52): Illuminate/Container/Container->get('Illuminate//Queu...')
#22 C:/laragon/www/05ArjunaSatria/vendor/symfony/console/Application.php(664): Illuminate/Console/ContainerCommandLoader->get('queue:restart')
#23 C:/laragon/www/05ArjunaSatria/vendor/symfony/console/Application.php(873): Symfony/Component/Console/Application->has('queue:restart')
#24 C:/laragon/www/05ArjunaSatria/vendor/symfony/console/Application.php(677): Symfony/Component/Console/Application->all()
#25 C:/laragon/www/05ArjunaSatria/vendor/symfony/console/Application.php(699): Symfony/Component/Console/Application->getNamespaces()
#26 C:/laragon/www/05ArjunaSatria/vendor/symfony/console/Application.php(355): Symfony/Component/Console/Application->findNamespace('migrate:')
#27 C:/laragon/www/05ArjunaSatria/vendor/symfony/console/Application.php(218): Symfony/Component/Console/Application->doRun(Object(Symfony/Component/Console/Input/ArgvInput), Object(Symfony/Component/Console/Output/ConsoleOutput))
#28 C:/laragon/www/05ArjunaSatria/vendor/laravel/framework/src/Illuminate/Foundation/Console/Kernel.php(198): Symfony/Component/Console/Application->run(Object(Symfony/Component/Console/Input/ArgvInput), Object(Symfony/Component/Console/Output/ConsoleOutput))
#29 C:/laragon/www/05ArjunaSatria/vendor/laravel/framework/src/Illuminate/Foundation/Application.php(1242): Illuminate/Foundation/Console/Kernel->handle(Object(Symfony/Component/Console/Input/ArgvInput), Object(Symfony/Component/Console/Output/ConsoleOutput))
#30 C:/laragon/www/05ArjunaSatria/artisan(16): Illuminate/Foundation/Application->handleCommand(Object(Symfony/Component/Console/Input/ArgvInput))
#31 {main}
"} 
[2026-09-24 02:06:01] local.ERROR: The database configuration URL is malformed. {"exception":"[object] (InvalidArgumentException(code: 0): The database configuration URL is malformed. at C:/laragon/www/05ArjunaSatria/vendor/laravel/framework/src/Illuminate/Support/ConfigurationUrlParser.php:148)
[stacktrace]
#0 C:/laragon/www/05ArjunaSatria/vendor/laravel/framework/src/Illuminate/Support/ConfigurationUrlParser.php(51): Illuminate/Support/ConfigurationUrlParser->parseUrl('postgresql://po...')
#1 C:/laragon/www/05ArjunaSatria/vendor/laravel/framework/src/Illuminate/Database/DatabaseManager.php(230): Illuminate/Support/ConfigurationUrlParser->parseConfiguration(Array)
#2 C:/laragon/www/05ArjunaSatria/vendor/laravel/framework/src/Illuminate/Database/DatabaseManager.php(192): Illuminate/Database/DatabaseManager->configuration('pgsql')
#3 C:/laragon/www/05ArjunaSatria/vendor/laravel/framework/src/Illuminate/Database/DatabaseManager.php(103): Illuminate/Database/DatabaseManager->makeConnection('pgsql')
#4 C:/laragon/www/05ArjunaSatria/vendor/laravel/framework/src/Illuminate/Cache/CacheManager.php(200): Illuminate/Database/DatabaseManager->connection('pgsql')
#5 C:/laragon/www/05ArjunaSatria/vendor/laravel/framework/src/Illuminate/Cache/CacheManager.php(148): Illuminate/Cache/CacheManager->createDatabaseDriver(Array)
#6 C:/laragon/www/05ArjunaSatria/vendor/laravel/framework/src/Illuminate/Cache/CacheManager.php(126): Illuminate/Cache/CacheManager->build(Array)
#7 C:/laragon/www/05ArjunaSatria/vendor/laravel/framework/src/Illuminate/Cache/CacheManager.php(69): Illuminate/Cache/CacheManager->resolve('database')
#8 C:/laragon/www/05ArjunaSatria/vendor/laravel/framework/src/Illuminate/Cache/CacheManager.php(80): Illuminate/Cache/CacheManager->store('database')
#9 C:/laragon/www/05ArjunaSatria/vendor/laravel/framework/src/Illuminate/Cache/CacheServiceProvider.php(23): Illuminate/Cache/CacheManager->driver()
#10 C:/laragon/www/05ArjunaSatria/vendor/laravel/framework/src/Illuminate/Container/Container.php(1140): Illuminate/Cache/CacheServiceProvider->{closure:Illuminate/Cache/CacheServiceProvider::register():22}(Object(Illuminate/Foundation/Application), Array)
#11 C:/laragon/www/05ArjunaSatria/vendor/laravel/framework/src/Illuminate/Container/Container.php(939): Illuminate/Container/Container->build(Object(Closure))
#12 C:/laragon/www/05ArjunaSatria/vendor/laravel/framework/src/Illuminate/Foundation/Application.php(1085): Illuminate/Container/Container->resolve('cache.store', Array, true)
#13 C:/laragon/www/05ArjunaSatria/vendor/laravel/framework/src/Illuminate/Container/Container.php(867): Illuminate/Foundation/Application->resolve('cache.store', Array)
#14 C:/laragon/www/05ArjunaSatria/vendor/laravel/framework/src/Illuminate/Foundation/Application.php(1065): Illuminate/Container/Container->make('cache.store', Array)
#15 C:/laragon/www/05ArjunaSatria/vendor/laravel/framework/src/Illuminate/Container/Container.php(1846): Illuminate/Foundation/Application->make('cache.store')
#16 C:/laragon/www/05ArjunaSatria/vendor/laravel/framework/src/Illuminate/Foundation/Providers/ArtisanServiceProvider.php(735): Illuminate/Container/Container->offsetGet('cache.store')
#17 C:/laragon/www/05ArjunaSatria/vendor/laravel/framework/src/Illuminate/Container/Container.php(1140): Illuminate/Foundation/Providers/ArtisanServiceProvider->{closure:Illuminate/Foundation/Providers/ArtisanServiceProvider::registerQueueRestartCommand():734}(Object(Illuminate/Foundation/Application), Array)
#18 C:/laragon/www/05ArjunaSatria/vendor/laravel/framework/src/Illuminate/Container/Container.php(939): Illuminate/Container/Container->build(Object(Closure))
#19 C:/laragon/www/05ArjunaSatria/vendor/laravel/framework/src/Illuminate/Foundation/Application.php(1085): Illuminate/Container/Container->resolve('Illuminate//Queu...', Array, true)
#20 C:/laragon/www/05ArjunaSatria/vendor/laravel/framework/src/Illuminate/Container/Container.php(884): Illuminate/Foundation/Application->resolve('Illuminate//Queu...')
#21 C:/laragon/www/05ArjunaSatria/vendor/laravel/framework/src/Illuminate/Console/ContainerCommandLoader.php(52): Illuminate/Container/Container->get('Illuminate//Queu...')
#22 C:/laragon/www/05ArjunaSatria/vendor/symfony/console/Application.php(664): Illuminate/Console/ContainerCommandLoader->get('queue:restart')
#23 C:/laragon/www/05ArjunaSatria/vendor/symfony/console/Application.php(873): Symfony/Component/Console/Application->has('queue:restart')
#24 C:/laragon/www/05ArjunaSatria/vendor/symfony/console/Descriptor/ApplicationDescription.php(84): Symfony/Component/Console/Application->all(NULL)
#25 C:/laragon/www/05ArjunaSatria/vendor/symfony/console/Descriptor/ApplicationDescription.php(61): Symfony/Component/Console/Descriptor/ApplicationDescription->inspectApplication()
#26 C:/laragon/www/05ArjunaSatria/vendor/symfony/console/Descriptor/TextDescriptor.php(185): Symfony/Component/Console/Descriptor/ApplicationDescription->getCommands()
#27 C:/laragon/www/05ArjunaSatria/vendor/symfony/console/Descriptor/Descriptor.php(40): Symfony/Component/Console/Descriptor/TextDescriptor->describeApplication(Object(Illuminate/Console/Application), Array)
#28 C:/laragon/www/05ArjunaSatria/vendor/symfony/console/Helper/DescriptorHelper.php(67): Symfony/Component/Console/Descriptor/Descriptor->describe(Object(Symfony/Component/Console/Output/ConsoleOutput), Object(Illuminate/Console/Application), Array)
#29 C:/laragon/www/05ArjunaSatria/vendor/symfony/console/Command/ListCommand.php(63): Symfony/Component/Console/Helper/DescriptorHelper->describe(Object(Symfony/Component/Console/Output/ConsoleOutput), Object(Illuminate/Console/Application), Array)
#30 C:/laragon/www/05ArjunaSatria/vendor/symfony/console/Command/Command.php(285): Symfony/Component/Console/Command/ListCommand->execute(Object(Symfony/Component/Console/Input/ArgvInput), Object(Symfony/Component/Console/Output/ConsoleOutput))
#31 C:/laragon/www/05ArjunaSatria/vendor/symfony/console/Application.php(1144): Symfony/Component/Console/Command/Command->run(Object(Symfony/Component/Console/Input/ArgvInput), Object(Symfony/Component/Console/Output/ConsoleOutput))
#32 C:/laragon/www/05ArjunaSatria/vendor/symfony/console/Application.php(379): Symfony/Component/Console/Application->doRunCommand(Object(Symfony/Component/Console/Command/ListCommand), Object(Symfony/Component/Console/Input/ArgvInput), Object(Symfony/Component/Console/Output/ConsoleOutput))
#33 C:/laragon/www/05ArjunaSatria/vendor/symfony/console/Application.php(218): Symfony/Component/Console/Application->doRun(Object(Symfony/Component/Console/Input/ArgvInput), Object(Symfony/Component/Console/Output/ConsoleOutput))
#34 C:/laragon/www/05ArjunaSatria/vendor/laravel/framework/src/Illuminate/Foundation/Console/Kernel.php(198): Symfony/Component/Console/Application->run(Object(Symfony/Component/Console/Input/ArgvInput), Object(Symfony/Component/Console/Output/ConsoleOutput))
#35 Command line code(1): Illuminate/Foundation/Console/Kernel->handle(Object(Symfony/Component/Console/Input/ArgvInput), Object(Symfony/Component/Console/Output/ConsoleOutput))
#36 {main}
"} 
[2026-09-24 02:06:01] local.ERROR: The database configuration URL is malformed. {"exception":"[object] (InvalidArgumentException(code: 0): The database configuration URL is malformed. at C:/laragon/www/05ArjunaSatria/vendor/laravel/framework/src/Illuminate/Support/ConfigurationUrlParser.php:148)
[stacktrace]
#0 C:/laragon/www/05ArjunaSatria/vendor/laravel/framework/src/Illuminate/Support/ConfigurationUrlParser.php(51): Illuminate/Support/ConfigurationUrlParser->parseUrl('postgresql://po...')
#1 C:/laragon/www/05ArjunaSatria/vendor/laravel/framework/src/Illuminate/Database/DatabaseManager.php(230): Illuminate/Support/ConfigurationUrlParser->parseConfiguration(Array)
#2 C:/laragon/www/05ArjunaSatria/vendor/laravel/framework/src/Illuminate/Database/DatabaseManager.php(192): Illuminate/Database/DatabaseManager->configuration('pgsql')
#3 C:/laragon/www/05ArjunaSatria/vendor/laravel/framework/src/Illuminate/Database/DatabaseManager.php(103): Illuminate/Database/DatabaseManager->makeConnection('pgsql')
#4 C:/laragon/www/05ArjunaSatria/vendor/laravel/framework/src/Illuminate/Cache/CacheManager.php(200): Illuminate/Database/DatabaseManager->connection('pgsql')
#5 C:/laragon/www/05ArjunaSatria/vendor/laravel/framework/src/Illuminate/Cache/CacheManager.php(148): Illuminate/Cache/CacheManager->createDatabaseDriver(Array)
#6 C:/laragon/www/05ArjunaSatria/vendor/laravel/framework/src/Illuminate/Cache/CacheManager.php(126): Illuminate/Cache/CacheManager->build(Array)
#7 C:/laragon/www/05ArjunaSatria/vendor/laravel/framework/src/Illuminate/Cache/CacheManager.php(69): Illuminate/Cache/CacheManager->resolve('database')
#8 C:/laragon/www/05ArjunaSatria/vendor/laravel/framework/src/Illuminate/Cache/CacheManager.php(80): Illuminate/Cache/CacheManager->store('database')
#9 C:/laragon/www/05ArjunaSatria/vendor/laravel/framework/src/Illuminate/Cache/CacheServiceProvider.php(23): Illuminate/Cache/CacheManager->driver()
#10 C:/laragon/www/05ArjunaSatria/vendor/laravel/framework/src/Illuminate/Container/Container.php(1140): Illuminate/Cache/CacheServiceProvider->{closure:Illuminate/Cache/CacheServiceProvider::register():22}(Object(Illuminate/Foundation/Application), Array)
#11 C:/laragon/www/05ArjunaSatria/vendor/laravel/framework/src/Illuminate/Container/Container.php(939): Illuminate/Container/Container->build(Object(Closure))
#12 C:/laragon/www/05ArjunaSatria/vendor/laravel/framework/src/Illuminate/Foundation/Application.php(1085): Illuminate/Container/Container->resolve('cache.store', Array, true)
#13 C:/laragon/www/05ArjunaSatria/vendor/laravel/framework/src/Illuminate/Container/Container.php(867): Illuminate/Foundation/Application->resolve('cache.store', Array)
#14 C:/laragon/www/05ArjunaSatria/vendor/laravel/framework/src/Illuminate/Foundation/Application.php(1065): Illuminate/Container/Container->make('cache.store', Array)
#15 C:/laragon/www/05ArjunaSatria/vendor/laravel/framework/src/Illuminate/Container/Container.php(1846): Illuminate/Foundation/Application->make('cache.store')
#16 C:/laragon/www/05ArjunaSatria/vendor/laravel/framework/src/Illuminate/Foundation/Providers/ArtisanServiceProvider.php(735): Illuminate/Container/Container->offsetGet('cache.store')
#17 C:/laragon/www/05ArjunaSatria/vendor/laravel/framework/src/Illuminate/Container/Container.php(1140): Illuminate/Foundation/Providers/ArtisanServiceProvider->{closure:Illuminate/Foundation/Providers/ArtisanServiceProvider::registerQueueRestartCommand():734}(Object(Illuminate/Foundation/Application), Array)
#18 C:/laragon/www/05ArjunaSatria/vendor/laravel/framework/src/Illuminate/Container/Container.php(939): Illuminate/Container/Container->build(Object(Closure))
#19 C:/laragon/www/05ArjunaSatria/vendor/laravel/framework/src/Illuminate/Foundation/Application.php(1085): Illuminate/Container/Container->resolve('Illuminate//Queu...', Array, true)
#20 C:/laragon/www/05ArjunaSatria/vendor/laravel/framework/src/Illuminate/Container/Container.php(884): Illuminate/Foundation/Application->resolve('Illuminate//Queu...')
#21 C:/laragon/www/05ArjunaSatria/vendor/laravel/framework/src/Illuminate/Console/ContainerCommandLoader.php(52): Illuminate/Container/Container->get('Illuminate//Queu...')
#22 C:/laragon/www/05ArjunaSatria/vendor/symfony/console/Application.php(664): Illuminate/Console/ContainerCommandLoader->get('queue:restart')
#23 C:/laragon/www/05ArjunaSatria/vendor/symfony/console/Application.php(873): Symfony/Component/Console/Application->has('queue:restart')
#24 C:/laragon/www/05ArjunaSatria/vendor/symfony/console/Descriptor/ApplicationDescription.php(84): Symfony/Component/Console/Application->all(NULL)
#25 C:/laragon/www/05ArjunaSatria/vendor/symfony/console/Descriptor/ApplicationDescription.php(61): Symfony/Component/Console/Descriptor/ApplicationDescription->inspectApplication()
#26 C:/laragon/www/05ArjunaSatria/vendor/symfony/console/Descriptor/TextDescriptor.php(185): Symfony/Component/Console/Descriptor/ApplicationDescription->getCommands()
#27 C:/laragon/www/05ArjunaSatria/vendor/symfony/console/Descriptor/Descriptor.php(40): Symfony/Component/Console/Descriptor/TextDescriptor->describeApplication(Object(Illuminate/Console/Application), Array)
#28 C:/laragon/www/05ArjunaSatria/vendor/symfony/console/Helper/DescriptorHelper.php(67): Symfony/Component/Console/Descriptor/Descriptor->describe(Object(Symfony/Component/Console/Output/ConsoleOutput), Object(Illuminate/Console/Application), Array)
#29 C:/laragon/www/05ArjunaSatria/vendor/symfony/console/Command/ListCommand.php(63): Symfony/Component/Console/Helper/DescriptorHelper->describe(Object(Symfony/Component/Console/Output/ConsoleOutput), Object(Illuminate/Console/Application), Array)
#30 C:/laragon/www/05ArjunaSatria/vendor/symfony/console/Command/Command.php(285): Symfony/Component/Console/Command/ListCommand->execute(Object(Symfony/Component/Console/Input/ArgvInput), Object(Symfony/Component/Console/Output/ConsoleOutput))
#31 C:/laragon/www/05ArjunaSatria/vendor/symfony/console/Application.php(1144): Symfony/Component/Console/Command/Command->run(Object(Symfony/Component/Console/Input/ArgvInput), Object(Symfony/Component/Console/Output/ConsoleOutput))
#32 C:/laragon/www/05ArjunaSatria/vendor/symfony/console/Application.php(379): Symfony/Component/Console/Application->doRunCommand(Object(Symfony/Component/Console/Command/ListCommand), Object(Symfony/Component/Console/Input/ArgvInput), Object(Symfony/Component/Console/Output/ConsoleOutput))
#33 C:/laragon/www/05ArjunaSatria/vendor/symfony/console/Application.php(218): Symfony/Component/Console/Application->doRun(Object(Symfony/Component/Console/Input/ArgvInput), Object(Symfony/Component/Console/Output/ConsoleOutput))
#34 C:/laragon/www/05ArjunaSatria/vendor/laravel/framework/src/Illuminate/Foundation/Console/Kernel.php(198): Symfony/Component/Console/Application->run(Object(Symfony/Component/Console/Input/ArgvInput), Object(Symfony/Component/Console/Output/ConsoleOutput))
#35 Command line code(1): Illuminate/Foundation/Console/Kernel->handle(Object(Symfony/Component/Console/Input/ArgvInput), Object(Symfony/Component/Console/Output/ConsoleOutput))
#36 {main}
"} 
[2026-09-24 02:06:45] local.ERROR: The database configuration URL is malformed. {"exception":"[object] (InvalidArgumentException(code: 0): The database configuration URL is malformed. at C:/laragon/www/05ArjunaSatria/vendor/laravel/framework/src/Illuminate/Support/ConfigurationUrlParser.php:148)
[stacktrace]
#0 C:/laragon/www/05ArjunaSatria/vendor/laravel/framework/src/Illuminate/Support/ConfigurationUrlParser.php(51): Illuminate/Support/ConfigurationUrlParser->parseUrl('postgresql://po...')
#1 C:/laragon/www/05ArjunaSatria/vendor/laravel/framework/src/Illuminate/Database/DatabaseManager.php(230): Illuminate/Support/ConfigurationUrlParser->parseConfiguration(Array)
#2 C:/laragon/www/05ArjunaSatria/vendor/laravel/framework/src/Illuminate/Database/DatabaseManager.php(192): Illuminate/Database/DatabaseManager->configuration('pgsql')
#3 C:/laragon/www/05ArjunaSatria/vendor/laravel/framework/src/Illuminate/Database/DatabaseManager.php(103): Illuminate/Database/DatabaseManager->makeConnection('pgsql')
#4 C:/laragon/www/05ArjunaSatria/vendor/laravel/framework/src/Illuminate/Cache/CacheManager.php(200): Illuminate/Database/DatabaseManager->connection('pgsql')
#5 C:/laragon/www/05ArjunaSatria/vendor/laravel/framework/src/Illuminate/Cache/CacheManager.php(148): Illuminate/Cache/CacheManager->createDatabaseDriver(Array)
#6 C:/laragon/www/05ArjunaSatria/vendor/laravel/framework/src/Illuminate/Cache/CacheManager.php(126): Illuminate/Cache/CacheManager->build(Array)
#7 C:/laragon/www/05ArjunaSatria/vendor/laravel/framework/src/Illuminate/Cache/CacheManager.php(69): Illuminate/Cache/CacheManager->resolve('database')
#8 C:/laragon/www/05ArjunaSatria/vendor/laravel/framework/src/Illuminate/Cache/CacheManager.php(80): Illuminate/Cache/CacheManager->store('database')
#9 C:/laragon/www/05ArjunaSatria/vendor/laravel/framework/src/Illuminate/Cache/CacheServiceProvider.php(23): Illuminate/Cache/CacheManager->driver()
#10 C:/laragon/www/05ArjunaSatria/vendor/laravel/framework/src/Illuminate/Container/Container.php(1140): Illuminate/Cache/CacheServiceProvider->{closure:Illuminate/Cache/CacheServiceProvider::register():22}(Object(Illuminate/Foundation/Application), Array)
#11 C:/laragon/www/05ArjunaSatria/vendor/laravel/framework/src/Illuminate/Container/Container.php(939): Illuminate/Container/Container->build(Object(Closure))
#12 C:/laragon/www/05ArjunaSatria/vendor/laravel/framework/src/Illuminate/Foundation/Application.php(1085): Illuminate/Container/Container->resolve('cache.store', Array, true)
#13 C:/laragon/www/05ArjunaSatria/vendor/laravel/framework/src/Illuminate/Container/Container.php(867): Illuminate/Foundation/Application->resolve('cache.store', Array)
#14 C:/laragon/www/05ArjunaSatria/vendor/laravel/framework/src/Illuminate/Foundation/Application.php(1065): Illuminate/Container/Container->make('cache.store', Array)
#15 C:/laragon/www/05ArjunaSatria/vendor/laravel/framework/src/Illuminate/Container/Container.php(1846): Illuminate/Foundation/Application->make('cache.store')
#16 C:/laragon/www/05ArjunaSatria/vendor/laravel/framework/src/Illuminate/Foundation/Providers/ArtisanServiceProvider.php(735): Illuminate/Container/Container->offsetGet('cache.store')
#17 C:/laragon/www/05ArjunaSatria/vendor/laravel/framework/src/Illuminate/Container/Container.php(1140): Illuminate/Foundation/Providers/ArtisanServiceProvider->{closure:Illuminate/Foundation/Providers/ArtisanServiceProvider::registerQueueRestartCommand():734}(Object(Illuminate/Foundation/Application), Array)
#18 C:/laragon/www/05ArjunaSatria/vendor/laravel/framework/src/Illuminate/Container/Container.php(939): Illuminate/Container/Container->build(Object(Closure))
#19 C:/laragon/www/05ArjunaSatria/vendor/laravel/framework/src/Illuminate/Foundation/Application.php(1085): Illuminate/Container/Container->resolve('Illuminate//Queu...', Array, true)
#20 C:/laragon/www/05ArjunaSatria/vendor/laravel/framework/src/Illuminate/Container/Container.php(884): Illuminate/Foundation/Application->resolve('Illuminate//Queu...')
#21 C:/laragon/www/05ArjunaSatria/vendor/laravel/framework/src/Illuminate/Console/ContainerCommandLoader.php(52): Illuminate/Container/Container->get('Illuminate//Queu...')
#22 C:/laragon/www/05ArjunaSatria/vendor/symfony/console/Application.php(664): Illuminate/Console/ContainerCommandLoader->get('queue:restart')
#23 C:/laragon/www/05ArjunaSatria/vendor/symfony/console/Application.php(873): Symfony/Component/Console/Application->has('queue:restart')
#24 C:/laragon/www/05ArjunaSatria/vendor/symfony/console/Application.php(677): Symfony/Component/Console/Application->all()
#25 C:/laragon/www/05ArjunaSatria/vendor/symfony/console/Application.php(699): Symfony/Component/Console/Application->getNamespaces()
#26 C:/laragon/www/05ArjunaSatria/vendor/symfony/console/Application.php(355): Symfony/Component/Console/Application->findNamespace('migrate:')
#27 C:/laragon/www/05ArjunaSatria/vendor/symfony/console/Application.php(218): Symfony/Component/Console/Application->doRun(Object(Symfony/Component/Console/Input/ArgvInput), Object(Symfony/Component/Console/Output/ConsoleOutput))
#28 C:/laragon/www/05ArjunaSatria/vendor/laravel/framework/src/Illuminate/Foundation/Console/Kernel.php(198): Symfony/Component/Console/Application->run(Object(Symfony/Component/Console/Input/ArgvInput), Object(Symfony/Component/Console/Output/ConsoleOutput))
#29 C:/laragon/www/05ArjunaSatria/vendor/laravel/framework/src/Illuminate/Foundation/Application.php(1242): Illuminate/Foundation/Console/Kernel->handle(Object(Symfony/Component/Console/Input/ArgvInput), Object(Symfony/Component/Console/Output/ConsoleOutput))
#30 C:/laragon/www/05ArjunaSatria/artisan(16): Illuminate/Foundation/Application->handleCommand(Object(Symfony/Component/Console/Input/ArgvInput))
#31 {main}
"} 
[2026-09-24 02:06:46] local.ERROR: The database configuration URL is malformed. {"exception":"[object] (InvalidArgumentException(code: 0): The database configuration URL is malformed. at C:/laragon/www/05ArjunaSatria/vendor/laravel/framework/src/Illuminate/Support/ConfigurationUrlParser.php:148)
[stacktrace]
#0 C:/laragon/www/05ArjunaSatria/vendor/laravel/framework/src/Illuminate/Support/ConfigurationUrlParser.php(51): Illuminate/Support/ConfigurationUrlParser->parseUrl('postgresql://po...')
#1 C:/laragon/www/05ArjunaSatria/vendor/laravel/framework/src/Illuminate/Database/DatabaseManager.php(230): Illuminate/Support/ConfigurationUrlParser->parseConfiguration(Array)
#2 C:/laragon/www/05ArjunaSatria/vendor/laravel/framework/src/Illuminate/Database/DatabaseManager.php(192): Illuminate/Database/DatabaseManager->configuration('pgsql')
#3 C:/laragon/www/05ArjunaSatria/vendor/laravel/framework/src/Illuminate/Database/DatabaseManager.php(103): Illuminate/Database/DatabaseManager->makeConnection('pgsql')
#4 C:/laragon/www/05ArjunaSatria/vendor/laravel/framework/src/Illuminate/Cache/CacheManager.php(200): Illuminate/Database/DatabaseManager->connection('pgsql')
#5 C:/laragon/www/05ArjunaSatria/vendor/laravel/framework/src/Illuminate/Cache/CacheManager.php(148): Illuminate/Cache/CacheManager->createDatabaseDriver(Array)
#6 C:/laragon/www/05ArjunaSatria/vendor/laravel/framework/src/Illuminate/Cache/CacheManager.php(126): Illuminate/Cache/CacheManager->build(Array)
#7 C:/laragon/www/05ArjunaSatria/vendor/laravel/framework/src/Illuminate/Cache/CacheManager.php(69): Illuminate/Cache/CacheManager->resolve('database')
#8 C:/laragon/www/05ArjunaSatria/vendor/laravel/framework/src/Illuminate/Cache/CacheManager.php(80): Illuminate/Cache/CacheManager->store('database')
#9 C:/laragon/www/05ArjunaSatria/vendor/laravel/framework/src/Illuminate/Cache/CacheServiceProvider.php(23): Illuminate/Cache/CacheManager->driver()
#10 C:/laragon/www/05ArjunaSatria/vendor/laravel/framework/src/Illuminate/Container/Container.php(1140): Illuminate/Cache/CacheServiceProvider->{closure:Illuminate/Cache/CacheServiceProvider::register():22}(Object(Illuminate/Foundation/Application), Array)
#11 C:/laragon/www/05ArjunaSatria/vendor/laravel/framework/src/Illuminate/Container/Container.php(939): Illuminate/Container/Container->build(Object(Closure))
#12 C:/laragon/www/05ArjunaSatria/vendor/laravel/framework/src/Illuminate/Foundation/Application.php(1085): Illuminate/Container/Container->resolve('cache.store', Array, true)
#13 C:/laragon/www/05ArjunaSatria/vendor/laravel/framework/src/Illuminate/Container/Container.php(867): Illuminate/Foundation/Application->resolve('cache.store', Array)
#14 C:/laragon/www/05ArjunaSatria/vendor/laravel/framework/src/Illuminate/Foundation/Application.php(1065): Illuminate/Container/Container->make('cache.store', Array)
#15 C:/laragon/www/05ArjunaSatria/vendor/laravel/framework/src/Illuminate/Container/Container.php(1846): Illuminate/Foundation/Application->make('cache.store')
#16 C:/laragon/www/05ArjunaSatria/vendor/laravel/framework/src/Illuminate/Foundation/Providers/ArtisanServiceProvider.php(735): Illuminate/Container/Container->offsetGet('cache.store')
#17 C:/laragon/www/05ArjunaSatria/vendor/laravel/framework/src/Illuminate/Container/Container.php(1140): Illuminate/Foundation/Providers/ArtisanServiceProvider->{closure:Illuminate/Foundation/Providers/ArtisanServiceProvider::registerQueueRestartCommand():734}(Object(Illuminate/Foundation/Application), Array)
#18 C:/laragon/www/05ArjunaSatria/vendor/laravel/framework/src/Illuminate/Container/Container.php(939): Illuminate/Container/Container->build(Object(Closure))
#19 C:/laragon/www/05ArjunaSatria/vendor/laravel/framework/src/Illuminate/Foundation/Application.php(1085): Illuminate/Container/Container->resolve('Illuminate//Queu...', Array, true)
#20 C:/laragon/www/05ArjunaSatria/vendor/laravel/framework/src/Illuminate/Container/Container.php(884): Illuminate/Foundation/Application->resolve('Illuminate//Queu...')
#21 C:/laragon/www/05ArjunaSatria/vendor/laravel/framework/src/Illuminate/Console/ContainerCommandLoader.php(52): Illuminate/Container/Container->get('Illuminate//Queu...')
#22 C:/laragon/www/05ArjunaSatria/vendor/symfony/console/Application.php(664): Illuminate/Console/ContainerCommandLoader->get('queue:restart')
#23 C:/laragon/www/05ArjunaSatria/vendor/symfony/console/Application.php(873): Symfony/Component/Console/Application->has('queue:restart')
#24 C:/laragon/www/05ArjunaSatria/vendor/symfony/console/Descriptor/ApplicationDescription.php(84): Symfony/Component/Console/Application->all(NULL)
#25 C:/laragon/www/05ArjunaSatria/vendor/symfony/console/Descriptor/ApplicationDescription.php(61): Symfony/Component/Console/Descriptor/ApplicationDescription->inspectApplication()
#26 C:/laragon/www/05ArjunaSatria/vendor/symfony/console/Descriptor/TextDescriptor.php(185): Symfony/Component/Console/Descriptor/ApplicationDescription->getCommands()
#27 C:/laragon/www/05ArjunaSatria/vendor/symfony/console/Descriptor/Descriptor.php(40): Symfony/Component/Console/Descriptor/TextDescriptor->describeApplication(Object(Illuminate/Console/Application), Array)
#28 C:/laragon/www/05ArjunaSatria/vendor/symfony/console/Helper/DescriptorHelper.php(67): Symfony/Component/Console/Descriptor/Descriptor->describe(Object(Symfony/Component/Console/Output/ConsoleOutput), Object(Illuminate/Console/Application), Array)
#29 C:/laragon/www/05ArjunaSatria/vendor/symfony/console/Command/ListCommand.php(63): Symfony/Component/Console/Helper/DescriptorHelper->describe(Object(Symfony/Component/Console/Output/ConsoleOutput), Object(Illuminate/Console/Application), Array)
#30 C:/laragon/www/05ArjunaSatria/vendor/symfony/console/Command/Command.php(285): Symfony/Component/Console/Command/ListCommand->execute(Object(Symfony/Component/Console/Input/ArgvInput), Object(Symfony/Component/Console/Output/ConsoleOutput))
#31 C:/laragon/www/05ArjunaSatria/vendor/symfony/console/Application.php(1144): Symfony/Component/Console/Command/Command->run(Object(Symfony/Component/Console/Input/ArgvInput), Object(Symfony/Component/Console/Output/ConsoleOutput))
#32 C:/laragon/www/05ArjunaSatria/vendor/symfony/console/Application.php(379): Symfony/Component/Console/Application->doRunCommand(Object(Symfony/Component/Console/Command/ListCommand), Object(Symfony/Component/Console/Input/ArgvInput), Object(Symfony/Component/Console/Output/ConsoleOutput))
#33 C:/laragon/www/05ArjunaSatria/vendor/symfony/console/Application.php(218): Symfony/Component/Console/Application->doRun(Object(Symfony/Component/Console/Input/ArgvInput), Object(Symfony/Component/Console/Output/ConsoleOutput))
#34 C:/laragon/www/05ArjunaSatria/vendor/laravel/framework/src/Illuminate/Foundation/Console/Kernel.php(198): Symfony/Component/Console/Application->run(Object(Symfony/Component/Console/Input/ArgvInput), Object(Symfony/Component/Console/Output/ConsoleOutput))
#35 Command line code(1): Illuminate/Foundation/Console/Kernel->handle(Object(Symfony/Component/Console/Input/ArgvInput), Object(Symfony/Component/Console/Output/ConsoleOutput))
#36 {main}
"} 
[2026-09-24 02:07:01] local.ERROR: The database configuration URL is malformed. {"exception":"[object] (InvalidArgumentException(code: 0): The database configuration URL is malformed. at C:/laragon/www/05ArjunaSatria/vendor/laravel/framework/src/Illuminate/Support/ConfigurationUrlParser.php:148)
[stacktrace]
#0 C:/laragon/www/05ArjunaSatria/vendor/laravel/framework/src/Illuminate/Support/ConfigurationUrlParser.php(51): Illuminate/Support/ConfigurationUrlParser->parseUrl('postgresql://po...')
#1 C:/laragon/www/05ArjunaSatria/vendor/laravel/framework/src/Illuminate/Database/DatabaseManager.php(230): Illuminate/Support/ConfigurationUrlParser->parseConfiguration(Array)
#2 C:/laragon/www/05ArjunaSatria/vendor/laravel/framework/src/Illuminate/Database/DatabaseManager.php(192): Illuminate/Database/DatabaseManager->configuration('pgsql')
#3 C:/laragon/www/05ArjunaSatria/vendor/laravel/framework/src/Illuminate/Database/DatabaseManager.php(103): Illuminate/Database/DatabaseManager->makeConnection('pgsql')
#4 C:/laragon/www/05ArjunaSatria/vendor/laravel/framework/src/Illuminate/Cache/CacheManager.php(200): Illuminate/Database/DatabaseManager->connection('pgsql')
#5 C:/laragon/www/05ArjunaSatria/vendor/laravel/framework/src/Illuminate/Cache/CacheManager.php(148): Illuminate/Cache/CacheManager->createDatabaseDriver(Array)
#6 C:/laragon/www/05ArjunaSatria/vendor/laravel/framework/src/Illuminate/Cache/CacheManager.php(126): Illuminate/Cache/CacheManager->build(Array)
#7 C:/laragon/www/05ArjunaSatria/vendor/laravel/framework/src/Illuminate/Cache/CacheManager.php(69): Illuminate/Cache/CacheManager->resolve('database')
#8 C:/laragon/www/05ArjunaSatria/vendor/laravel/framework/src/Illuminate/Cache/CacheManager.php(80): Illuminate/Cache/CacheManager->store('database')
#9 C:/laragon/www/05ArjunaSatria/vendor/laravel/framework/src/Illuminate/Cache/CacheServiceProvider.php(23): Illuminate/Cache/CacheManager->driver()
#10 C:/laragon/www/05ArjunaSatria/vendor/laravel/framework/src/Illuminate/Container/Container.php(1140): Illuminate/Cache/CacheServiceProvider->{closure:Illuminate/Cache/CacheServiceProvider::register():22}(Object(Illuminate/Foundation/Application), Array)
#11 C:/laragon/www/05ArjunaSatria/vendor/laravel/framework/src/Illuminate/Container/Container.php(939): Illuminate/Container/Container->build(Object(Closure))
#12 C:/laragon/www/05ArjunaSatria/vendor/laravel/framework/src/Illuminate/Foundation/Application.php(1085): Illuminate/Container/Container->resolve('cache.store', Array, true)
#13 C:/laragon/www/05ArjunaSatria/vendor/laravel/framework/src/Illuminate/Container/Container.php(867): Illuminate/Foundation/Application->resolve('cache.store', Array)
#14 C:/laragon/www/05ArjunaSatria/vendor/laravel/framework/src/Illuminate/Foundation/Application.php(1065): Illuminate/Container/Container->make('cache.store', Array)
#15 C:/laragon/www/05ArjunaSatria/vendor/laravel/framework/src/Illuminate/Container/Container.php(1846): Illuminate/Foundation/Application->make('cache.store')
#16 C:/laragon/www/05ArjunaSatria/vendor/laravel/framework/src/Illuminate/Foundation/Providers/ArtisanServiceProvider.php(735): Illuminate/Container/Container->offsetGet('cache.store')
#17 C:/laragon/www/05ArjunaSatria/vendor/laravel/framework/src/Illuminate/Container/Container.php(1140): Illuminate/Foundation/Providers/ArtisanServiceProvider->{closure:Illuminate/Foundation/Providers/ArtisanServiceProvider::registerQueueRestartCommand():734}(Object(Illuminate/Foundation/Application), Array)
#18 C:/laragon/www/05ArjunaSatria/vendor/laravel/framework/src/Illuminate/Container/Container.php(939): Illuminate/Container/Container->build(Object(Closure))
#19 C:/laragon/www/05ArjunaSatria/vendor/laravel/framework/src/Illuminate/Foundation/Application.php(1085): Illuminate/Container/Container->resolve('Illuminate//Queu...', Array, true)
#20 C:/laragon/www/05ArjunaSatria/vendor/laravel/framework/src/Illuminate/Container/Container.php(884): Illuminate/Foundation/Application->resolve('Illuminate//Queu...')
#21 C:/laragon/www/05ArjunaSatria/vendor/laravel/framework/src/Illuminate/Console/ContainerCommandLoader.php(52): Illuminate/Container/Container->get('Illuminate//Queu...')
#22 C:/laragon/www/05ArjunaSatria/vendor/symfony/console/Application.php(664): Illuminate/Console/ContainerCommandLoader->get('queue:restart')
#23 C:/laragon/www/05ArjunaSatria/vendor/symfony/console/Application.php(873): Symfony/Component/Console/Application->has('queue:restart')
#24 C:/laragon/www/05ArjunaSatria/vendor/symfony/console/Descriptor/ApplicationDescription.php(84): Symfony/Component/Console/Application->all(NULL)
#25 C:/laragon/www/05ArjunaSatria/vendor/symfony/console/Descriptor/ApplicationDescription.php(61): Symfony/Component/Console/Descriptor/ApplicationDescription->inspectApplication()
#26 C:/laragon/www/05ArjunaSatria/vendor/symfony/console/Descriptor/TextDescriptor.php(185): Symfony/Component/Console/Descriptor/ApplicationDescription->getCommands()
#27 C:/laragon/www/05ArjunaSatria/vendor/symfony/console/Descriptor/Descriptor.php(40): Symfony/Component/Console/Descriptor/TextDescriptor->describeApplication(Object(Illuminate/Console/Application), Array)
#28 C:/laragon/www/05ArjunaSatria/vendor/symfony/console/Helper/DescriptorHelper.php(67): Symfony/Component/Console/Descriptor/Descriptor->describe(Object(Symfony/Component/Console/Output/ConsoleOutput), Object(Illuminate/Console/Application), Array)
#29 C:/laragon/www/05ArjunaSatria/vendor/symfony/console/Command/ListCommand.php(63): Symfony/Component/Console/Helper/DescriptorHelper->describe(Object(Symfony/Component/Console/Output/ConsoleOutput), Object(Illuminate/Console/Application), Array)
#30 C:/laragon/www/05ArjunaSatria/vendor/symfony/console/Command/Command.php(285): Symfony/Component/Console/Command/ListCommand->execute(Object(Symfony/Component/Console/Input/ArgvInput), Object(Symfony/Component/Console/Output/ConsoleOutput))
#31 C:/laragon/www/05ArjunaSatria/vendor/symfony/console/Application.php(1144): Symfony/Component/Console/Command/Command->run(Object(Symfony/Component/Console/Input/ArgvInput), Object(Symfony/Component/Console/Output/ConsoleOutput))
#32 C:/laragon/www/05ArjunaSatria/vendor/symfony/console/Application.php(379): Symfony/Component/Console/Application->doRunCommand(Object(Symfony/Component/Console/Command/ListCommand), Object(Symfony/Component/Console/Input/ArgvInput), Object(Symfony/Component/Console/Output/ConsoleOutput))
#33 C:/laragon/www/05ArjunaSatria/vendor/symfony/console/Application.php(218): Symfony/Component/Console/Application->doRun(Object(Symfony/Component/Console/Input/ArgvInput), Object(Symfony/Component/Console/Output/ConsoleOutput))
#34 C:/laragon/www/05ArjunaSatria/vendor/laravel/framework/src/Illuminate/Foundation/Console/Kernel.php(198): Symfony/Component/Console/Application->run(Object(Symfony/Component/Console/Input/ArgvInput), Object(Symfony/Component/Console/Output/ConsoleOutput))
#35 Command line code(1): Illuminate/Foundation/Console/Kernel->handle(Object(Symfony/Component/Console/Input/ArgvInput), Object(Symfony/Component/Console/Output/ConsoleOutput))
#36 {main}
"} 
[2026-09-24 02:07:01] local.ERROR: The database configuration URL is malformed. {"exception":"[object] (InvalidArgumentException(code: 0): The database configuration URL is malformed. at C:/laragon/www/05ArjunaSatria/vendor/laravel/framework/src/Illuminate/Support/ConfigurationUrlParser.php:148)
[stacktrace]
#0 C:/laragon/www/05ArjunaSatria/vendor/laravel/framework/src/Illuminate/Support/ConfigurationUrlParser.php(51): Illuminate/Support/ConfigurationUrlParser->parseUrl('postgresql://po...')
#1 C:/laragon/www/05ArjunaSatria/vendor/laravel/framework/src/Illuminate/Database/DatabaseManager.php(230): Illuminate/Support/ConfigurationUrlParser->parseConfiguration(Array)
#2 C:/laragon/www/05ArjunaSatria/vendor/laravel/framework/src/Illuminate/Database/DatabaseManager.php(192): Illuminate/Database/DatabaseManager->configuration('pgsql')
#3 C:/laragon/www/05ArjunaSatria/vendor/laravel/framework/src/Illuminate/Database/DatabaseManager.php(103): Illuminate/Database/DatabaseManager->makeConnection('pgsql')
#4 C:/laragon/www/05ArjunaSatria/vendor/laravel/framework/src/Illuminate/Cache/CacheManager.php(200): Illuminate/Database/DatabaseManager->connection('pgsql')
#5 C:/laragon/www/05ArjunaSatria/vendor/laravel/framework/src/Illuminate/Cache/CacheManager.php(148): Illuminate/Cache/CacheManager->createDatabaseDriver(Array)
#6 C:/laragon/www/05ArjunaSatria/vendor/laravel/framework/src/Illuminate/Cache/CacheManager.php(126): Illuminate/Cache/CacheManager->build(Array)
#7 C:/laragon/www/05ArjunaSatria/vendor/laravel/framework/src/Illuminate/Cache/CacheManager.php(69): Illuminate/Cache/CacheManager->resolve('database')
#8 C:/laragon/www/05ArjunaSatria/vendor/laravel/framework/src/Illuminate/Cache/CacheManager.php(80): Illuminate/Cache/CacheManager->store('database')
#9 C:/laragon/www/05ArjunaSatria/vendor/laravel/framework/src/Illuminate/Cache/CacheServiceProvider.php(23): Illuminate/Cache/CacheManager->driver()
#10 C:/laragon/www/05ArjunaSatria/vendor/laravel/framework/src/Illuminate/Container/Container.php(1140): Illuminate/Cache/CacheServiceProvider->{closure:Illuminate/Cache/CacheServiceProvider::register():22}(Object(Illuminate/Foundation/Application), Array)
#11 C:/laragon/www/05ArjunaSatria/vendor/laravel/framework/src/Illuminate/Container/Container.php(939): Illuminate/Container/Container->build(Object(Closure))
#12 C:/laragon/www/05ArjunaSatria/vendor/laravel/framework/src/Illuminate/Foundation/Application.php(1085): Illuminate/Container/Container->resolve('cache.store', Array, true)
#13 C:/laragon/www/05ArjunaSatria/vendor/laravel/framework/src/Illuminate/Container/Container.php(867): Illuminate/Foundation/Application->resolve('cache.store', Array)
#14 C:/laragon/www/05ArjunaSatria/vendor/laravel/framework/src/Illuminate/Foundation/Application.php(1065): Illuminate/Container/Container->make('cache.store', Array)
#15 C:/laragon/www/05ArjunaSatria/vendor/laravel/framework/src/Illuminate/Container/Container.php(1846): Illuminate/Foundation/Application->make('cache.store')
#16 C:/laragon/www/05ArjunaSatria/vendor/laravel/framework/src/Illuminate/Foundation/Providers/ArtisanServiceProvider.php(735): Illuminate/Container/Container->offsetGet('cache.store')
#17 C:/laragon/www/05ArjunaSatria/vendor/laravel/framework/src/Illuminate/Container/Container.php(1140): Illuminate/Foundation/Providers/ArtisanServiceProvider->{closure:Illuminate/Foundation/Providers/ArtisanServiceProvider::registerQueueRestartCommand():734}(Object(Illuminate/Foundation/Application), Array)
#18 C:/laragon/www/05ArjunaSatria/vendor/laravel/framework/src/Illuminate/Container/Container.php(939): Illuminate/Container/Container->build(Object(Closure))
#19 C:/laragon/www/05ArjunaSatria/vendor/laravel/framework/src/Illuminate/Foundation/Application.php(1085): Illuminate/Container/Container->resolve('Illuminate//Queu...', Array, true)
#20 C:/laragon/www/05ArjunaSatria/vendor/laravel/framework/src/Illuminate/Container/Container.php(884): Illuminate/Foundation/Application->resolve('Illuminate//Queu...')
#21 C:/laragon/www/05ArjunaSatria/vendor/laravel/framework/src/Illuminate/Console/ContainerCommandLoader.php(52): Illuminate/Container/Container->get('Illuminate//Queu...')
#22 C:/laragon/www/05ArjunaSatria/vendor/symfony/console/Application.php(664): Illuminate/Console/ContainerCommandLoader->get('queue:restart')
#23 C:/laragon/www/05ArjunaSatria/vendor/symfony/console/Application.php(873): Symfony/Component/Console/Application->has('queue:restart')
#24 C:/laragon/www/05ArjunaSatria/vendor/symfony/console/Descriptor/ApplicationDescription.php(84): Symfony/Component/Console/Application->all(NULL)
#25 C:/laragon/www/05ArjunaSatria/vendor/symfony/console/Descriptor/ApplicationDescription.php(61): Symfony/Component/Console/Descriptor/ApplicationDescription->inspectApplication()
#26 C:/laragon/www/05ArjunaSatria/vendor/symfony/console/Descriptor/TextDescriptor.php(185): Symfony/Component/Console/Descriptor/ApplicationDescription->getCommands()
#27 C:/laragon/www/05ArjunaSatria/vendor/symfony/console/Descriptor/Descriptor.php(40): Symfony/Component/Console/Descriptor/TextDescriptor->describeApplication(Object(Illuminate/Console/Application), Array)
#28 C:/laragon/www/05ArjunaSatria/vendor/symfony/console/Helper/DescriptorHelper.php(67): Symfony/Component/Console/Descriptor/Descriptor->describe(Object(Symfony/Component/Console/Output/ConsoleOutput), Object(Illuminate/Console/Application), Array)
#29 C:/laragon/www/05ArjunaSatria/vendor/symfony/console/Command/ListCommand.php(63): Symfony/Component/Console/Helper/DescriptorHelper->describe(Object(Symfony/Component/Console/Output/ConsoleOutput), Object(Illuminate/Console/Application), Array)
#30 C:/laragon/www/05ArjunaSatria/vendor/symfony/console/Command/Command.php(285): Symfony/Component/Console/Command/ListCommand->execute(Object(Symfony/Component/Console/Input/ArgvInput), Object(Symfony/Component/Console/Output/ConsoleOutput))
#31 C:/laragon/www/05ArjunaSatria/vendor/symfony/console/Application.php(1144): Symfony/Component/Console/Command/Command->run(Object(Symfony/Component/Console/Input/ArgvInput), Object(Symfony/Component/Console/Output/ConsoleOutput))
#32 C:/laragon/www/05ArjunaSatria/vendor/symfony/console/Application.php(379): Symfony/Component/Console/Application->doRunCommand(Object(Symfony/Component/Console/Command/ListCommand), Object(Symfony/Component/Console/Input/ArgvInput), Object(Symfony/Component/Console/Output/ConsoleOutput))
#33 C:/laragon/www/05ArjunaSatria/vendor/symfony/console/Application.php(218): Symfony/Component/Console/Application->doRun(Object(Symfony/Component/Console/Input/ArgvInput), Object(Symfony/Component/Console/Output/ConsoleOutput))
#34 C:/laragon/www/05ArjunaSatria/vendor/laravel/framework/src/Illuminate/Foundation/Console/Kernel.php(198): Symfony/Component/Console/Application->run(Object(Symfony/Component/Console/Input/ArgvInput), Object(Symfony/Component/Console/Output/ConsoleOutput))
#35 Command line code(1): Illuminate/Foundation/Console/Kernel->handle(Object(Symfony/Component/Console/Input/ArgvInput), Object(Symfony/Component/Console/Output/ConsoleOutput))
#36 {main}
"} 
[2026-09-24 02:07:59] local.ERROR: The database configuration URL is malformed. {"exception":"[object] (InvalidArgumentException(code: 0): The database configuration URL is malformed. at C:/laragon/www/05ArjunaSatria/vendor/laravel/framework/src/Illuminate/Support/ConfigurationUrlParser.php:148)
[stacktrace]
#0 C:/laragon/www/05ArjunaSatria/vendor/laravel/framework/src/Illuminate/Support/ConfigurationUrlParser.php(51): Illuminate/Support/ConfigurationUrlParser->parseUrl('postgresql://po...')
#1 C:/laragon/www/05ArjunaSatria/vendor/laravel/framework/src/Illuminate/Database/DatabaseManager.php(230): Illuminate/Support/ConfigurationUrlParser->parseConfiguration(Array)
#2 C:/laragon/www/05ArjunaSatria/vendor/laravel/framework/src/Illuminate/Database/DatabaseManager.php(192): Illuminate/Database/DatabaseManager->configuration('pgsql')
#3 C:/laragon/www/05ArjunaSatria/vendor/laravel/framework/src/Illuminate/Database/DatabaseManager.php(103): Illuminate/Database/DatabaseManager->makeConnection('pgsql')
#4 C:/laragon/www/05ArjunaSatria/vendor/laravel/framework/src/Illuminate/Database/Migrations/Migrator.php(747): Illuminate/Database/DatabaseManager->connection('pgsql')
#5 C:/laragon/www/05ArjunaSatria/vendor/laravel/framework/src/Illuminate/Database/Migrations/Migrator.php(691): Illuminate/Database/Migrations/Migrator->directConnectionName('pgsql')
#6 C:/laragon/www/05ArjunaSatria/vendor/laravel/framework/src/Illuminate/Database/Migrations/Migrator.php(669): Illuminate/Database/Migrations/Migrator->setConnection(NULL)
#7 C:/laragon/www/05ArjunaSatria/vendor/laravel/framework/src/Illuminate/Database/Console/Migrations/FreshCommand.php(75): Illuminate/Database/Migrations/Migrator->usingConnection(NULL, Object(Closure))
#8 C:/laragon/www/05ArjunaSatria/vendor/laravel/framework/src/Illuminate/Container/BoundMethod.php(36): Illuminate/Database/Console/Migrations/FreshCommand->handle()
#9 C:/laragon/www/05ArjunaSatria/vendor/laravel/framework/src/Illuminate/Container/Util.php(43): Illuminate/Container/BoundMethod::{closure:Illuminate/Container/BoundMethod::call():35}()
#10 C:/laragon/www/05ArjunaSatria/vendor/laravel/framework/src/Illuminate/Container/BoundMethod.php(96): Illuminate/Container/Util::unwrapIfClosure(Object(Closure))
#11 C:/laragon/www/05ArjunaSatria/vendor/laravel/framework/src/Illuminate/Container/BoundMethod.php(35): Illuminate/Container/BoundMethod::callBoundMethod(Object(Illuminate/Foundation/Application), Array, Object(Closure))
#12 C:/laragon/www/05ArjunaSatria/vendor/laravel/framework/src/Illuminate/Container/Container.php(803): Illuminate/Container/BoundMethod::call(Object(Illuminate/Foundation/Application), Array, Array, NULL)
#13 C:/laragon/www/05ArjunaSatria/vendor/laravel/framework/src/Illuminate/Console/Command.php(292): Illuminate/Container/Container->call(Array)
#14 C:/laragon/www/05ArjunaSatria/vendor/symfony/console/Command/Command.php(285): Illuminate/Console/Command->execute(Object(Symfony/Component/Console/Input/ArgvInput), Object(Illuminate/Console/OutputStyle))
#15 C:/laragon/www/05ArjunaSatria/vendor/laravel/framework/src/Illuminate/Console/Command.php(261): Symfony/Component/Console/Command/Command->run(Object(Symfony/Component/Console/Input/ArgvInput), Object(Illuminate/Console/OutputStyle))
#16 C:/laragon/www/05ArjunaSatria/vendor/symfony/console/Application.php(1144): Illuminate/Console/Command->run(Object(Symfony/Component/Console/Input/ArgvInput), Object(Symfony/Component/Console/Output/ConsoleOutput))
#17 C:/laragon/www/05ArjunaSatria/vendor/symfony/console/Application.php(379): Symfony/Component/Console/Application->doRunCommand(Object(Illuminate/Database/Console/Migrations/FreshCommand), Object(Symfony/Component/Console/Input/ArgvInput), Object(Symfony/Component/Console/Output/ConsoleOutput))
#18 C:/laragon/www/05ArjunaSatria/vendor/symfony/console/Application.php(218): Symfony/Component/Console/Application->doRun(Object(Symfony/Component/Console/Input/ArgvInput), Object(Symfony/Component/Console/Output/ConsoleOutput))
#19 C:/laragon/www/05ArjunaSatria/vendor/laravel/framework/src/Illuminate/Foundation/Console/Kernel.php(198): Symfony/Component/Console/Application->run(Object(Symfony/Component/Console/Input/ArgvInput), Object(Symfony/Component/Console/Output/ConsoleOutput))
#20 C:/laragon/www/05ArjunaSatria/vendor/laravel/framework/src/Illuminate/Foundation/Application.php(1242): Illuminate/Foundation/Console/Kernel->handle(Object(Symfony/Component/Console/Input/ArgvInput), Object(Symfony/Component/Console/Output/ConsoleOutput))
#21 C:/laragon/www/05ArjunaSatria/artisan(16): Illuminate/Foundation/Application->handleCommand(Object(Symfony/Component/Console/Input/ArgvInput))
#22 {main}
"} 
[2026-09-24 02:08:01] local.ERROR: The database configuration URL is malformed. {"exception":"[object] (InvalidArgumentException(code: 0): The database configuration URL is malformed. at C:/laragon/www/05ArjunaSatria/vendor/laravel/framework/src/Illuminate/Support/ConfigurationUrlParser.php:148)
[stacktrace]
#0 C:/laragon/www/05ArjunaSatria/vendor/laravel/framework/src/Illuminate/Support/ConfigurationUrlParser.php(51): Illuminate/Support/ConfigurationUrlParser->parseUrl('postgresql://po...')
#1 C:/laragon/www/05ArjunaSatria/vendor/laravel/framework/src/Illuminate/Database/DatabaseManager.php(230): Illuminate/Support/ConfigurationUrlParser->parseConfiguration(Array)
#2 C:/laragon/www/05ArjunaSatria/vendor/laravel/framework/src/Illuminate/Database/DatabaseManager.php(192): Illuminate/Database/DatabaseManager->configuration('pgsql')
#3 C:/laragon/www/05ArjunaSatria/vendor/laravel/framework/src/Illuminate/Database/DatabaseManager.php(103): Illuminate/Database/DatabaseManager->makeConnection('pgsql')
#4 C:/laragon/www/05ArjunaSatria/vendor/laravel/framework/src/Illuminate/Cache/CacheManager.php(200): Illuminate/Database/DatabaseManager->connection('pgsql')
#5 C:/laragon/www/05ArjunaSatria/vendor/laravel/framework/src/Illuminate/Cache/CacheManager.php(148): Illuminate/Cache/CacheManager->createDatabaseDriver(Array)
#6 C:/laragon/www/05ArjunaSatria/vendor/laravel/framework/src/Illuminate/Cache/CacheManager.php(126): Illuminate/Cache/CacheManager->build(Array)
#7 C:/laragon/www/05ArjunaSatria/vendor/laravel/framework/src/Illuminate/Cache/CacheManager.php(69): Illuminate/Cache/CacheManager->resolve('database')
#8 C:/laragon/www/05ArjunaSatria/vendor/laravel/framework/src/Illuminate/Cache/CacheManager.php(80): Illuminate/Cache/CacheManager->store('database')
#9 C:/laragon/www/05ArjunaSatria/vendor/laravel/framework/src/Illuminate/Cache/CacheServiceProvider.php(23): Illuminate/Cache/CacheManager->driver()
#10 C:/laragon/www/05ArjunaSatria/vendor/laravel/framework/src/Illuminate/Container/Container.php(1140): Illuminate/Cache/CacheServiceProvider->{closure:Illuminate/Cache/CacheServiceProvider::register():22}(Object(Illuminate/Foundation/Application), Array)
#11 C:/laragon/www/05ArjunaSatria/vendor/laravel/framework/src/Illuminate/Container/Container.php(939): Illuminate/Container/Container->build(Object(Closure))
#12 C:/laragon/www/05ArjunaSatria/vendor/laravel/framework/src/Illuminate/Foundation/Application.php(1085): Illuminate/Container/Container->resolve('cache.store', Array, true)
#13 C:/laragon/www/05ArjunaSatria/vendor/laravel/framework/src/Illuminate/Container/Container.php(867): Illuminate/Foundation/Application->resolve('cache.store', Array)
#14 C:/laragon/www/05ArjunaSatria/vendor/laravel/framework/src/Illuminate/Foundation/Application.php(1065): Illuminate/Container/Container->make('cache.store', Array)
#15 C:/laragon/www/05ArjunaSatria/vendor/laravel/framework/src/Illuminate/Container/Container.php(1846): Illuminate/Foundation/Application->make('cache.store')
#16 C:/laragon/www/05ArjunaSatria/vendor/laravel/framework/src/Illuminate/Foundation/Providers/ArtisanServiceProvider.php(735): Illuminate/Container/Container->offsetGet('cache.store')
#17 C:/laragon/www/05ArjunaSatria/vendor/laravel/framework/src/Illuminate/Container/Container.php(1140): Illuminate/Foundation/Providers/ArtisanServiceProvider->{closure:Illuminate/Foundation/Providers/ArtisanServiceProvider::registerQueueRestartCommand():734}(Object(Illuminate/Foundation/Application), Array)
#18 C:/laragon/www/05ArjunaSatria/vendor/laravel/framework/src/Illuminate/Container/Container.php(939): Illuminate/Container/Container->build(Object(Closure))
#19 C:/laragon/www/05ArjunaSatria/vendor/laravel/framework/src/Illuminate/Foundation/Application.php(1085): Illuminate/Container/Container->resolve('Illuminate//Queu...', Array, true)
#20 C:/laragon/www/05ArjunaSatria/vendor/laravel/framework/src/Illuminate/Container/Container.php(884): Illuminate/Foundation/Application->resolve('Illuminate//Queu...')
#21 C:/laragon/www/05ArjunaSatria/vendor/laravel/framework/src/Illuminate/Console/ContainerCommandLoader.php(52): Illuminate/Container/Container->get('Illuminate//Queu...')
#22 C:/laragon/www/05ArjunaSatria/vendor/symfony/console/Application.php(664): Illuminate/Console/ContainerCommandLoader->get('queue:restart')
#23 C:/laragon/www/05ArjunaSatria/vendor/symfony/console/Application.php(873): Symfony/Component/Console/Application->has('queue:restart')
#24 C:/laragon/www/05ArjunaSatria/vendor/symfony/console/Descriptor/ApplicationDescription.php(84): Symfony/Component/Console/Application->all(NULL)
#25 C:/laragon/www/05ArjunaSatria/vendor/symfony/console/Descriptor/ApplicationDescription.php(61): Symfony/Component/Console/Descriptor/ApplicationDescription->inspectApplication()
#26 C:/laragon/www/05ArjunaSatria/vendor/symfony/console/Descriptor/TextDescriptor.php(185): Symfony/Component/Console/Descriptor/ApplicationDescription->getCommands()
#27 C:/laragon/www/05ArjunaSatria/vendor/symfony/console/Descriptor/Descriptor.php(40): Symfony/Component/Console/Descriptor/TextDescriptor->describeApplication(Object(Illuminate/Console/Application), Array)
#28 C:/laragon/www/05ArjunaSatria/vendor/symfony/console/Helper/DescriptorHelper.php(67): Symfony/Component/Console/Descriptor/Descriptor->describe(Object(Symfony/Component/Console/Output/ConsoleOutput), Object(Illuminate/Console/Application), Array)
#29 C:/laragon/www/05ArjunaSatria/vendor/symfony/console/Command/ListCommand.php(63): Symfony/Component/Console/Helper/DescriptorHelper->describe(Object(Symfony/Component/Console/Output/ConsoleOutput), Object(Illuminate/Console/Application), Array)
#30 C:/laragon/www/05ArjunaSatria/vendor/symfony/console/Command/Command.php(285): Symfony/Component/Console/Command/ListCommand->execute(Object(Symfony/Component/Console/Input/ArgvInput), Object(Symfony/Component/Console/Output/ConsoleOutput))
#31 C:/laragon/www/05ArjunaSatria/vendor/symfony/console/Application.php(1144): Symfony/Component/Console/Command/Command->run(Object(Symfony/Component/Console/Input/ArgvInput), Object(Symfony/Component/Console/Output/ConsoleOutput))
#32 C:/laragon/www/05ArjunaSatria/vendor/symfony/console/Application.php(379): Symfony/Component/Console/Application->doRunCommand(Object(Symfony/Component/Console/Command/ListCommand), Object(Symfony/Component/Console/Input/ArgvInput), Object(Symfony/Component/Console/Output/ConsoleOutput))
#33 C:/laragon/www/05ArjunaSatria/vendor/symfony/console/Application.php(218): Symfony/Component/Console/Application->doRun(Object(Symfony/Component/Console/Input/ArgvInput), Object(Symfony/Component/Console/Output/ConsoleOutput))
#34 C:/laragon/www/05ArjunaSatria/vendor/laravel/framework/src/Illuminate/Foundation/Console/Kernel.php(198): Symfony/Component/Console/Application->run(Object(Symfony/Component/Console/Input/ArgvInput), Object(Symfony/Component/Console/Output/ConsoleOutput))
#35 Command line code(1): Illuminate/Foundation/Console/Kernel->handle(Object(Symfony/Component/Console/Input/ArgvInput), Object(Symfony/Component/Console/Output/ConsoleOutput))
#36 {main}
"} 
[2026-09-24 02:08:01] local.ERROR: The database configuration URL is malformed. {"exception":"[object] (InvalidArgumentException(code: 0): The database configuration URL is malformed. at C:/laragon/www/05ArjunaSatria/vendor/laravel/framework/src/Illuminate/Support/ConfigurationUrlParser.php:148)
[stacktrace]
#0 C:/laragon/www/05ArjunaSatria/vendor/laravel/framework/src/Illuminate/Support/ConfigurationUrlParser.php(51): Illuminate/Support/ConfigurationUrlParser->parseUrl('postgresql://po...')
#1 C:/laragon/www/05ArjunaSatria/vendor/laravel/framework/src/Illuminate/Database/DatabaseManager.php(230): Illuminate/Support/ConfigurationUrlParser->parseConfiguration(Array)
#2 C:/laragon/www/05ArjunaSatria/vendor/laravel/framework/src/Illuminate/Database/DatabaseManager.php(192): Illuminate/Database/DatabaseManager->configuration('pgsql')
#3 C:/laragon/www/05ArjunaSatria/vendor/laravel/framework/src/Illuminate/Database/DatabaseManager.php(103): Illuminate/Database/DatabaseManager->makeConnection('pgsql')
#4 C:/laragon/www/05ArjunaSatria/vendor/laravel/framework/src/Illuminate/Cache/CacheManager.php(200): Illuminate/Database/DatabaseManager->connection('pgsql')
#5 C:/laragon/www/05ArjunaSatria/vendor/laravel/framework/src/Illuminate/Cache/CacheManager.php(148): Illuminate/Cache/CacheManager->createDatabaseDriver(Array)
#6 C:/laragon/www/05ArjunaSatria/vendor/laravel/framework/src/Illuminate/Cache/CacheManager.php(126): Illuminate/Cache/CacheManager->build(Array)
#7 C:/laragon/www/05ArjunaSatria/vendor/laravel/framework/src/Illuminate/Cache/CacheManager.php(69): Illuminate/Cache/CacheManager->resolve('database')
#8 C:/laragon/www/05ArjunaSatria/vendor/laravel/framework/src/Illuminate/Cache/CacheManager.php(80): Illuminate/Cache/CacheManager->store('database')
#9 C:/laragon/www/05ArjunaSatria/vendor/laravel/framework/src/Illuminate/Cache/CacheServiceProvider.php(23): Illuminate/Cache/CacheManager->driver()
#10 C:/laragon/www/05ArjunaSatria/vendor/laravel/framework/src/Illuminate/Container/Container.php(1140): Illuminate/Cache/CacheServiceProvider->{closure:Illuminate/Cache/CacheServiceProvider::register():22}(Object(Illuminate/Foundation/Application), Array)
#11 C:/laragon/www/05ArjunaSatria/vendor/laravel/framework/src/Illuminate/Container/Container.php(939): Illuminate/Container/Container->build(Object(Closure))
#12 C:/laragon/www/05ArjunaSatria/vendor/laravel/framework/src/Illuminate/Foundation/Application.php(1085): Illuminate/Container/Container->resolve('cache.store', Array, true)
#13 C:/laragon/www/05ArjunaSatria/vendor/laravel/framework/src/Illuminate/Container/Container.php(867): Illuminate/Foundation/Application->resolve('cache.store', Array)
#14 C:/laragon/www/05ArjunaSatria/vendor/laravel/framework/src/Illuminate/Foundation/Application.php(1065): Illuminate/Container/Container->make('cache.store', Array)
#15 C:/laragon/www/05ArjunaSatria/vendor/laravel/framework/src/Illuminate/Container/Container.php(1846): Illuminate/Foundation/Application->make('cache.store')
#16 C:/laragon/www/05ArjunaSatria/vendor/laravel/framework/src/Illuminate/Foundation/Providers/ArtisanServiceProvider.php(735): Illuminate/Container/Container->offsetGet('cache.store')
#17 C:/laragon/www/05ArjunaSatria/vendor/laravel/framework/src/Illuminate/Container/Container.php(1140): Illuminate/Foundation/Providers/ArtisanServiceProvider->{closure:Illuminate/Foundation/Providers/ArtisanServiceProvider::registerQueueRestartCommand():734}(Object(Illuminate/Foundation/Application), Array)
#18 C:/laragon/www/05ArjunaSatria/vendor/laravel/framework/src/Illuminate/Container/Container.php(939): Illuminate/Container/Container->build(Object(Closure))
#19 C:/laragon/www/05ArjunaSatria/vendor/laravel/framework/src/Illuminate/Foundation/Application.php(1085): Illuminate/Container/Container->resolve('Illuminate//Queu...', Array, true)
#20 C:/laragon/www/05ArjunaSatria/vendor/laravel/framework/src/Illuminate/Container/Container.php(884): Illuminate/Foundation/Application->resolve('Illuminate//Queu...')
#21 C:/laragon/www/05ArjunaSatria/vendor/laravel/framework/src/Illuminate/Console/ContainerCommandLoader.php(52): Illuminate/Container/Container->get('Illuminate//Queu...')
#22 C:/laragon/www/05ArjunaSatria/vendor/symfony/console/Application.php(664): Illuminate/Console/ContainerCommandLoader->get('queue:restart')
#23 C:/laragon/www/05ArjunaSatria/vendor/symfony/console/Application.php(873): Symfony/Component/Console/Application->has('queue:restart')
#24 C:/laragon/www/05ArjunaSatria/vendor/symfony/console/Descriptor/ApplicationDescription.php(84): Symfony/Component/Console/Application->all(NULL)
#25 C:/laragon/www/05ArjunaSatria/vendor/symfony/console/Descriptor/ApplicationDescription.php(61): Symfony/Component/Console/Descriptor/ApplicationDescription->inspectApplication()
#26 C:/laragon/www/05ArjunaSatria/vendor/symfony/console/Descriptor/TextDescriptor.php(185): Symfony/Component/Console/Descriptor/ApplicationDescription->getCommands()
#27 C:/laragon/www/05ArjunaSatria/vendor/symfony/console/Descriptor/Descriptor.php(40): Symfony/Component/Console/Descriptor/TextDescriptor->describeApplication(Object(Illuminate/Console/Application), Array)
#28 C:/laragon/www/05ArjunaSatria/vendor/symfony/console/Helper/DescriptorHelper.php(67): Symfony/Component/Console/Descriptor/Descriptor->describe(Object(Symfony/Component/Console/Output/ConsoleOutput), Object(Illuminate/Console/Application), Array)
#29 C:/laragon/www/05ArjunaSatria/vendor/symfony/console/Command/ListCommand.php(63): Symfony/Component/Console/Helper/DescriptorHelper->describe(Object(Symfony/Component/Console/Output/ConsoleOutput), Object(Illuminate/Console/Application), Array)
#30 C:/laragon/www/05ArjunaSatria/vendor/symfony/console/Command/Command.php(285): Symfony/Component/Console/Command/ListCommand->execute(Object(Symfony/Component/Console/Input/ArgvInput), Object(Symfony/Component/Console/Output/ConsoleOutput))
#31 C:/laragon/www/05ArjunaSatria/vendor/symfony/console/Application.php(1144): Symfony/Component/Console/Command/Command->run(Object(Symfony/Component/Console/Input/ArgvInput), Object(Symfony/Component/Console/Output/ConsoleOutput))
#32 C:/laragon/www/05ArjunaSatria/vendor/symfony/console/Application.php(379): Symfony/Component/Console/Application->doRunCommand(Object(Symfony/Component/Console/Command/ListCommand), Object(Symfony/Component/Console/Input/ArgvInput), Object(Symfony/Component/Console/Output/ConsoleOutput))
#33 C:/laragon/www/05ArjunaSatria/vendor/symfony/console/Application.php(218): Symfony/Component/Console/Application->doRun(Object(Symfony/Component/Console/Input/ArgvInput), Object(Symfony/Component/Console/Output/ConsoleOutput))
#34 C:/laragon/www/05ArjunaSatria/vendor/laravel/framework/src/Illuminate/Foundation/Console/Kernel.php(198): Symfony/Component/Console/Application->run(Object(Symfony/Component/Console/Input/ArgvInput), Object(Symfony/Component/Console/Output/ConsoleOutput))
#35 Command line code(1): Illuminate/Foundation/Console/Kernel->handle(Object(Symfony/Component/Console/Input/ArgvInput), Object(Symfony/Component/Console/Output/ConsoleOutput))
#36 {main}
"} 
[2026-09-24 02:08:01] local.ERROR: The database configuration URL is malformed. {"exception":"[object] (InvalidArgumentException(code: 0): The database configuration URL is malformed. at C:/laragon/www/05ArjunaSatria/vendor/laravel/framework/src/Illuminate/Support/ConfigurationUrlParser.php:148)
[stacktrace]
#0 C:/laragon/www/05ArjunaSatria/vendor/laravel/framework/src/Illuminate/Support/ConfigurationUrlParser.php(51): Illuminate/Support/ConfigurationUrlParser->parseUrl('postgresql://po...')
#1 C:/laragon/www/05ArjunaSatria/vendor/laravel/framework/src/Illuminate/Database/DatabaseManager.php(230): Illuminate/Support/ConfigurationUrlParser->parseConfiguration(Array)
#2 C:/laragon/www/05ArjunaSatria/vendor/laravel/framework/src/Illuminate/Database/DatabaseManager.php(192): Illuminate/Database/DatabaseManager->configuration('pgsql')
#3 C:/laragon/www/05ArjunaSatria/vendor/laravel/framework/src/Illuminate/Database/DatabaseManager.php(103): Illuminate/Database/DatabaseManager->makeConnection('pgsql')
#4 C:/laragon/www/05ArjunaSatria/vendor/laravel/framework/src/Illuminate/Cache/CacheManager.php(200): Illuminate/Database/DatabaseManager->connection('pgsql')
#5 C:/laragon/www/05ArjunaSatria/vendor/laravel/framework/src/Illuminate/Cache/CacheManager.php(148): Illuminate/Cache/CacheManager->createDatabaseDriver(Array)
#6 C:/laragon/www/05ArjunaSatria/vendor/laravel/framework/src/Illuminate/Cache/CacheManager.php(126): Illuminate/Cache/CacheManager->build(Array)
#7 C:/laragon/www/05ArjunaSatria/vendor/laravel/framework/src/Illuminate/Cache/CacheManager.php(69): Illuminate/Cache/CacheManager->resolve('database')
#8 C:/laragon/www/05ArjunaSatria/vendor/laravel/framework/src/Illuminate/Cache/CacheManager.php(80): Illuminate/Cache/CacheManager->store('database')
#9 C:/laragon/www/05ArjunaSatria/vendor/laravel/framework/src/Illuminate/Cache/CacheServiceProvider.php(23): Illuminate/Cache/CacheManager->driver()
#10 C:/laragon/www/05ArjunaSatria/vendor/laravel/framework/src/Illuminate/Container/Container.php(1140): Illuminate/Cache/CacheServiceProvider->{closure:Illuminate/Cache/CacheServiceProvider::register():22}(Object(Illuminate/Foundation/Application), Array)
#11 C:/laragon/www/05ArjunaSatria/vendor/laravel/framework/src/Illuminate/Container/Container.php(939): Illuminate/Container/Container->build(Object(Closure))
#12 C:/laragon/www/05ArjunaSatria/vendor/laravel/framework/src/Illuminate/Foundation/Application.php(1085): Illuminate/Container/Container->resolve('cache.store', Array, true)
#13 C:/laragon/www/05ArjunaSatria/vendor/laravel/framework/src/Illuminate/Container/Container.php(867): Illuminate/Foundation/Application->resolve('cache.store', Array)
#14 C:/laragon/www/05ArjunaSatria/vendor/laravel/framework/src/Illuminate/Foundation/Application.php(1065): Illuminate/Container/Container->make('cache.store', Array)
#15 C:/laragon/www/05ArjunaSatria/vendor/laravel/framework/src/Illuminate/Container/Container.php(1846): Illuminate/Foundation/Application->make('cache.store')
#16 C:/laragon/www/05ArjunaSatria/vendor/laravel/framework/src/Illuminate/Foundation/Providers/ArtisanServiceProvider.php(735): Illuminate/Container/Container->offsetGet('cache.store')
#17 C:/laragon/www/05ArjunaSatria/vendor/laravel/framework/src/Illuminate/Container/Container.php(1140): Illuminate/Foundation/Providers/ArtisanServiceProvider->{closure:Illuminate/Foundation/Providers/ArtisanServiceProvider::registerQueueRestartCommand():734}(Object(Illuminate/Foundation/Application), Array)
#18 C:/laragon/www/05ArjunaSatria/vendor/laravel/framework/src/Illuminate/Container/Container.php(939): Illuminate/Container/Container->build(Object(Closure))
#19 C:/laragon/www/05ArjunaSatria/vendor/laravel/framework/src/Illuminate/Foundation/Application.php(1085): Illuminate/Container/Container->resolve('Illuminate//Queu...', Array, true)
#20 C:/laragon/www/05ArjunaSatria/vendor/laravel/framework/src/Illuminate/Container/Container.php(884): Illuminate/Foundation/Application->resolve('Illuminate//Queu...')
#21 C:/laragon/www/05ArjunaSatria/vendor/laravel/framework/src/Illuminate/Console/ContainerCommandLoader.php(52): Illuminate/Container/Container->get('Illuminate//Queu...')
#22 C:/laragon/www/05ArjunaSatria/vendor/symfony/console/Application.php(664): Illuminate/Console/ContainerCommandLoader->get('queue:restart')
#23 C:/laragon/www/05ArjunaSatria/vendor/symfony/console/Application.php(873): Symfony/Component/Console/Application->has('queue:restart')
#24 C:/laragon/www/05ArjunaSatria/vendor/symfony/console/Descriptor/ApplicationDescription.php(84): Symfony/Component/Console/Application->all(NULL)
#25 C:/laragon/www/05ArjunaSatria/vendor/symfony/console/Descriptor/ApplicationDescription.php(61): Symfony/Component/Console/Descriptor/ApplicationDescription->inspectApplication()
#26 C:/laragon/www/05ArjunaSatria/vendor/symfony/console/Descriptor/TextDescriptor.php(185): Symfony/Component/Console/Descriptor/ApplicationDescription->getCommands()
#27 C:/laragon/www/05ArjunaSatria/vendor/symfony/console/Descriptor/Descriptor.php(40): Symfony/Component/Console/Descriptor/TextDescriptor->describeApplication(Object(Illuminate/Console/Application), Array)
#28 C:/laragon/www/05ArjunaSatria/vendor/symfony/console/Helper/DescriptorHelper.php(67): Symfony/Component/Console/Descriptor/Descriptor->describe(Object(Symfony/Component/Console/Output/ConsoleOutput), Object(Illuminate/Console/Application), Array)
#29 C:/laragon/www/05ArjunaSatria/vendor/symfony/console/Command/ListCommand.php(63): Symfony/Component/Console/Helper/DescriptorHelper->describe(Object(Symfony/Component/Console/Output/ConsoleOutput), Object(Illuminate/Console/Application), Array)
#30 C:/laragon/www/05ArjunaSatria/vendor/symfony/console/Command/Command.php(285): Symfony/Component/Console/Command/ListCommand->execute(Object(Symfony/Component/Console/Input/ArgvInput), Object(Symfony/Component/Console/Output/ConsoleOutput))
#31 C:/laragon/www/05ArjunaSatria/vendor/symfony/console/Application.php(1144): Symfony/Component/Console/Command/Command->run(Object(Symfony/Component/Console/Input/ArgvInput), Object(Symfony/Component/Console/Output/ConsoleOutput))
#32 C:/laragon/www/05ArjunaSatria/vendor/symfony/console/Application.php(379): Symfony/Component/Console/Application->doRunCommand(Object(Symfony/Component/Console/Command/ListCommand), Object(Symfony/Component/Console/Input/ArgvInput), Object(Symfony/Component/Console/Output/ConsoleOutput))
#33 C:/laragon/www/05ArjunaSatria/vendor/symfony/console/Application.php(218): Symfony/Component/Console/Application->doRun(Object(Symfony/Component/Console/Input/ArgvInput), Object(Symfony/Component/Console/Output/ConsoleOutput))
#34 C:/laragon/www/05ArjunaSatria/vendor/laravel/framework/src/Illuminate/Foundation/Console/Kernel.php(198): Symfony/Component/Console/Application->run(Object(Symfony/Component/Console/Input/ArgvInput), Object(Symfony/Component/Console/Output/ConsoleOutput))
#35 Command line code(1): Illuminate/Foundation/Console/Kernel->handle(Object(Symfony/Component/Console/Input/ArgvInput), Object(Symfony/Component/Console/Output/ConsoleOutput))
#36 {main}
"} 
[2026-09-24 02:09:01] local.ERROR: The database configuration URL is malformed. {"exception":"[object] (InvalidArgumentException(code: 0): The database configuration URL is malformed. at C:/laragon/www/05ArjunaSatria/vendor/laravel/framework/src/Illuminate/Support/ConfigurationUrlParser.php:148)
[stacktrace]
#0 C:/laragon/www/05ArjunaSatria/vendor/laravel/framework/src/Illuminate/Support/ConfigurationUrlParser.php(51): Illuminate/Support/ConfigurationUrlParser->parseUrl('postgresql://po...')
#1 C:/laragon/www/05ArjunaSatria/vendor/laravel/framework/src/Illuminate/Database/DatabaseManager.php(230): Illuminate/Support/ConfigurationUrlParser->parseConfiguration(Array)
#2 C:/laragon/www/05ArjunaSatria/vendor/laravel/framework/src/Illuminate/Database/DatabaseManager.php(192): Illuminate/Database/DatabaseManager->configuration('pgsql')
#3 C:/laragon/www/05ArjunaSatria/vendor/laravel/framework/src/Illuminate/Database/DatabaseManager.php(103): Illuminate/Database/DatabaseManager->makeConnection('pgsql')
#4 C:/laragon/www/05ArjunaSatria/vendor/laravel/framework/src/Illuminate/Cache/CacheManager.php(200): Illuminate/Database/DatabaseManager->connection('pgsql')
#5 C:/laragon/www/05ArjunaSatria/vendor/laravel/framework/src/Illuminate/Cache/CacheManager.php(148): Illuminate/Cache/CacheManager->createDatabaseDriver(Array)
#6 C:/laragon/www/05ArjunaSatria/vendor/laravel/framework/src/Illuminate/Cache/CacheManager.php(126): Illuminate/Cache/CacheManager->build(Array)
#7 C:/laragon/www/05ArjunaSatria/vendor/laravel/framework/src/Illuminate/Cache/CacheManager.php(69): Illuminate/Cache/CacheManager->resolve('database')
#8 C:/laragon/www/05ArjunaSatria/vendor/laravel/framework/src/Illuminate/Cache/CacheManager.php(80): Illuminate/Cache/CacheManager->store('database')
#9 C:/laragon/www/05ArjunaSatria/vendor/laravel/framework/src/Illuminate/Cache/CacheServiceProvider.php(23): Illuminate/Cache/CacheManager->driver()
#10 C:/laragon/www/05ArjunaSatria/vendor/laravel/framework/src/Illuminate/Container/Container.php(1140): Illuminate/Cache/CacheServiceProvider->{closure:Illuminate/Cache/CacheServiceProvider::register():22}(Object(Illuminate/Foundation/Application), Array)
#11 C:/laragon/www/05ArjunaSatria/vendor/laravel/framework/src/Illuminate/Container/Container.php(939): Illuminate/Container/Container->build(Object(Closure))
#12 C:/laragon/www/05ArjunaSatria/vendor/laravel/framework/src/Illuminate/Foundation/Application.php(1085): Illuminate/Container/Container->resolve('cache.store', Array, true)
#13 C:/laragon/www/05ArjunaSatria/vendor/laravel/framework/src/Illuminate/Container/Container.php(867): Illuminate/Foundation/Application->resolve('cache.store', Array)
#14 C:/laragon/www/05ArjunaSatria/vendor/laravel/framework/src/Illuminate/Foundation/Application.php(1065): Illuminate/Container/Container->make('cache.store', Array)
#15 C:/laragon/www/05ArjunaSatria/vendor/laravel/framework/src/Illuminate/Container/Container.php(1846): Illuminate/Foundation/Application->make('cache.store')
#16 C:/laragon/www/05ArjunaSatria/vendor/laravel/framework/src/Illuminate/Foundation/Providers/ArtisanServiceProvider.php(735): Illuminate/Container/Container->offsetGet('cache.store')
#17 C:/laragon/www/05ArjunaSatria/vendor/laravel/framework/src/Illuminate/Container/Container.php(1140): Illuminate/Foundation/Providers/ArtisanServiceProvider->{closure:Illuminate/Foundation/Providers/ArtisanServiceProvider::registerQueueRestartCommand():734}(Object(Illuminate/Foundation/Application), Array)
#18 C:/laragon/www/05ArjunaSatria/vendor/laravel/framework/src/Illuminate/Container/Container.php(939): Illuminate/Container/Container->build(Object(Closure))
#19 C:/laragon/www/05ArjunaSatria/vendor/laravel/framework/src/Illuminate/Foundation/Application.php(1085): Illuminate/Container/Container->resolve('Illuminate//Queu...', Array, true)
#20 C:/laragon/www/05ArjunaSatria/vendor/laravel/framework/src/Illuminate/Container/Container.php(884): Illuminate/Foundation/Application->resolve('Illuminate//Queu...')
#21 C:/laragon/www/05ArjunaSatria/vendor/laravel/framework/src/Illuminate/Console/ContainerCommandLoader.php(52): Illuminate/Container/Container->get('Illuminate//Queu...')
#22 C:/laragon/www/05ArjunaSatria/vendor/symfony/console/Application.php(664): Illuminate/Console/ContainerCommandLoader->get('queue:restart')
#23 C:/laragon/www/05ArjunaSatria/vendor/symfony/console/Application.php(873): Symfony/Component/Console/Application->has('queue:restart')
#24 C:/laragon/www/05ArjunaSatria/vendor/symfony/console/Descriptor/ApplicationDescription.php(84): Symfony/Component/Console/Application->all(NULL)
#25 C:/laragon/www/05ArjunaSatria/vendor/symfony/console/Descriptor/ApplicationDescription.php(61): Symfony/Component/Console/Descriptor/ApplicationDescription->inspectApplication()
#26 C:/laragon/www/05ArjunaSatria/vendor/symfony/console/Descriptor/TextDescriptor.php(185): Symfony/Component/Console/Descriptor/ApplicationDescription->getCommands()
#27 C:/laragon/www/05ArjunaSatria/vendor/symfony/console/Descriptor/Descriptor.php(40): Symfony/Component/Console/Descriptor/TextDescriptor->describeApplication(Object(Illuminate/Console/Application), Array)
#28 C:/laragon/www/05ArjunaSatria/vendor/symfony/console/Helper/DescriptorHelper.php(67): Symfony/Component/Console/Descriptor/Descriptor->describe(Object(Symfony/Component/Console/Output/ConsoleOutput), Object(Illuminate/Console/Application), Array)
#29 C:/laragon/www/05ArjunaSatria/vendor/symfony/console/Command/ListCommand.php(63): Symfony/Component/Console/Helper/DescriptorHelper->describe(Object(Symfony/Component/Console/Output/ConsoleOutput), Object(Illuminate/Console/Application), Array)
#30 C:/laragon/www/05ArjunaSatria/vendor/symfony/console/Command/Command.php(285): Symfony/Component/Console/Command/ListCommand->execute(Object(Symfony/Component/Console/Input/ArgvInput), Object(Symfony/Component/Console/Output/ConsoleOutput))
#31 C:/laragon/www/05ArjunaSatria/vendor/symfony/console/Application.php(1144): Symfony/Component/Console/Command/Command->run(Object(Symfony/Component/Console/Input/ArgvInput), Object(Symfony/Component/Console/Output/ConsoleOutput))
#32 C:/laragon/www/05ArjunaSatria/vendor/symfony/console/Application.php(379): Symfony/Component/Console/Application->doRunCommand(Object(Symfony/Component/Console/Command/ListCommand), Object(Symfony/Component/Console/Input/ArgvInput), Object(Symfony/Component/Console/Output/ConsoleOutput))
#33 C:/laragon/www/05ArjunaSatria/vendor/symfony/console/Application.php(218): Symfony/Component/Console/Application->doRun(Object(Symfony/Component/Console/Input/ArgvInput), Object(Symfony/Component/Console/Output/ConsoleOutput))
#34 C:/laragon/www/05ArjunaSatria/vendor/laravel/framework/src/Illuminate/Foundation/Console/Kernel.php(198): Symfony/Component/Console/Application->run(Object(Symfony/Component/Console/Input/ArgvInput), Object(Symfony/Component/Console/Output/ConsoleOutput))
#35 Command line code(1): Illuminate/Foundation/Console/Kernel->handle(Object(Symfony/Component/Console/Input/ArgvInput), Object(Symfony/Component/Console/Output/ConsoleOutput))
#36 {main}
"} 
[2026-09-24 02:09:01] local.ERROR: The database configuration URL is malformed. {"exception":"[object] (InvalidArgumentException(code: 0): The database configuration URL is malformed. at C:/laragon/www/05ArjunaSatria/vendor/laravel/framework/src/Illuminate/Support/ConfigurationUrlParser.php:148)
[stacktrace]
#0 C:/laragon/www/05ArjunaSatria/vendor/laravel/framework/src/Illuminate/Support/ConfigurationUrlParser.php(51): Illuminate/Support/ConfigurationUrlParser->parseUrl('postgresql://po...')
#1 C:/laragon/www/05ArjunaSatria/vendor/laravel/framework/src/Illuminate/Database/DatabaseManager.php(230): Illuminate/Support/ConfigurationUrlParser->parseConfiguration(Array)
#2 C:/laragon/www/05ArjunaSatria/vendor/laravel/framework/src/Illuminate/Database/DatabaseManager.php(192): Illuminate/Database/DatabaseManager->configuration('pgsql')
#3 C:/laragon/www/05ArjunaSatria/vendor/laravel/framework/src/Illuminate/Database/DatabaseManager.php(103): Illuminate/Database/DatabaseManager->makeConnection('pgsql')
#4 C:/laragon/www/05ArjunaSatria/vendor/laravel/framework/src/Illuminate/Cache/CacheManager.php(200): Illuminate/Database/DatabaseManager->connection('pgsql')
#5 C:/laragon/www/05ArjunaSatria/vendor/laravel/framework/src/Illuminate/Cache/CacheManager.php(148): Illuminate/Cache/CacheManager->createDatabaseDriver(Array)
#6 C:/laragon/www/05ArjunaSatria/vendor/laravel/framework/src/Illuminate/Cache/CacheManager.php(126): Illuminate/Cache/CacheManager->build(Array)
#7 C:/laragon/www/05ArjunaSatria/vendor/laravel/framework/src/Illuminate/Cache/CacheManager.php(69): Illuminate/Cache/CacheManager->resolve('database')
#8 C:/laragon/www/05ArjunaSatria/vendor/laravel/framework/src/Illuminate/Cache/CacheManager.php(80): Illuminate/Cache/CacheManager->store('database')
#9 C:/laragon/www/05ArjunaSatria/vendor/laravel/framework/src/Illuminate/Cache/CacheServiceProvider.php(23): Illuminate/Cache/CacheManager->driver()
#10 C:/laragon/www/05ArjunaSatria/vendor/laravel/framework/src/Illuminate/Container/Container.php(1140): Illuminate/Cache/CacheServiceProvider->{closure:Illuminate/Cache/CacheServiceProvider::register():22}(Object(Illuminate/Foundation/Application), Array)
#11 C:/laragon/www/05ArjunaSatria/vendor/laravel/framework/src/Illuminate/Container/Container.php(939): Illuminate/Container/Container->build(Object(Closure))
#12 C:/laragon/www/05ArjunaSatria/vendor/laravel/framework/src/Illuminate/Foundation/Application.php(1085): Illuminate/Container/Container->resolve('cache.store', Array, true)
#13 C:/laragon/www/05ArjunaSatria/vendor/laravel/framework/src/Illuminate/Container/Container.php(867): Illuminate/Foundation/Application->resolve('cache.store', Array)
#14 C:/laragon/www/05ArjunaSatria/vendor/laravel/framework/src/Illuminate/Foundation/Application.php(1065): Illuminate/Container/Container->make('cache.store', Array)
#15 C:/laragon/www/05ArjunaSatria/vendor/laravel/framework/src/Illuminate/Container/Container.php(1846): Illuminate/Foundation/Application->make('cache.store')
#16 C:/laragon/www/05ArjunaSatria/vendor/laravel/framework/src/Illuminate/Foundation/Providers/ArtisanServiceProvider.php(735): Illuminate/Container/Container->offsetGet('cache.store')
#17 C:/laragon/www/05ArjunaSatria/vendor/laravel/framework/src/Illuminate/Container/Container.php(1140): Illuminate/Foundation/Providers/ArtisanServiceProvider->{closure:Illuminate/Foundation/Providers/ArtisanServiceProvider::registerQueueRestartCommand():734}(Object(Illuminate/Foundation/Application), Array)
#18 C:/laragon/www/05ArjunaSatria/vendor/laravel/framework/src/Illuminate/Container/Container.php(939): Illuminate/Container/Container->build(Object(Closure))
#19 C:/laragon/www/05ArjunaSatria/vendor/laravel/framework/src/Illuminate/Foundation/Application.php(1085): Illuminate/Container/Container->resolve('Illuminate//Queu...', Array, true)
#20 C:/laragon/www/05ArjunaSatria/vendor/laravel/framework/src/Illuminate/Container/Container.php(884): Illuminate/Foundation/Application->resolve('Illuminate//Queu...')
#21 C:/laragon/www/05ArjunaSatria/vendor/laravel/framework/src/Illuminate/Console/ContainerCommandLoader.php(52): Illuminate/Container/Container->get('Illuminate//Queu...')
#22 C:/laragon/www/05ArjunaSatria/vendor/symfony/console/Application.php(664): Illuminate/Console/ContainerCommandLoader->get('queue:restart')
#23 C:/laragon/www/05ArjunaSatria/vendor/symfony/console/Application.php(873): Symfony/Component/Console/Application->has('queue:restart')
#24 C:/laragon/www/05ArjunaSatria/vendor/symfony/console/Descriptor/ApplicationDescription.php(84): Symfony/Component/Console/Application->all(NULL)
#25 C:/laragon/www/05ArjunaSatria/vendor/symfony/console/Descriptor/ApplicationDescription.php(61): Symfony/Component/Console/Descriptor/ApplicationDescription->inspectApplication()
#26 C:/laragon/www/05ArjunaSatria/vendor/symfony/console/Descriptor/TextDescriptor.php(185): Symfony/Component/Console/Descriptor/ApplicationDescription->getCommands()
#27 C:/laragon/www/05ArjunaSatria/vendor/symfony/console/Descriptor/Descriptor.php(40): Symfony/Component/Console/Descriptor/TextDescriptor->describeApplication(Object(Illuminate/Console/Application), Array)
#28 C:/laragon/www/05ArjunaSatria/vendor/symfony/console/Helper/DescriptorHelper.php(67): Symfony/Component/Console/Descriptor/Descriptor->describe(Object(Symfony/Component/Console/Output/ConsoleOutput), Object(Illuminate/Console/Application), Array)
#29 C:/laragon/www/05ArjunaSatria/vendor/symfony/console/Command/ListCommand.php(63): Symfony/Component/Console/Helper/DescriptorHelper->describe(Object(Symfony/Component/Console/Output/ConsoleOutput), Object(Illuminate/Console/Application), Array)
#30 C:/laragon/www/05ArjunaSatria/vendor/symfony/console/Command/Command.php(285): Symfony/Component/Console/Command/ListCommand->execute(Object(Symfony/Component/Console/Input/ArgvInput), Object(Symfony/Component/Console/Output/ConsoleOutput))
#31 C:/laragon/www/05ArjunaSatria/vendor/symfony/console/Application.php(1144): Symfony/Component/Console/Command/Command->run(Object(Symfony/Component/Console/Input/ArgvInput), Object(Symfony/Component/Console/Output/ConsoleOutput))
#32 C:/laragon/www/05ArjunaSatria/vendor/symfony/console/Application.php(379): Symfony/Component/Console/Application->doRunCommand(Object(Symfony/Component/Console/Command/ListCommand), Object(Symfony/Component/Console/Input/ArgvInput), Object(Symfony/Component/Console/Output/ConsoleOutput))
#33 C:/laragon/www/05ArjunaSatria/vendor/symfony/console/Application.php(218): Symfony/Component/Console/Application->doRun(Object(Symfony/Component/Console/Input/ArgvInput), Object(Symfony/Component/Console/Output/ConsoleOutput))
#34 C:/laragon/www/05ArjunaSatria/vendor/laravel/framework/src/Illuminate/Foundation/Console/Kernel.php(198): Symfony/Component/Console/Application->run(Object(Symfony/Component/Console/Input/ArgvInput), Object(Symfony/Component/Console/Output/ConsoleOutput))
#35 Command line code(1): Illuminate/Foundation/Console/Kernel->handle(Object(Symfony/Component/Console/Input/ArgvInput), Object(Symfony/Component/Console/Output/ConsoleOutput))
#36 {main}
"} 
[2026-09-24 02:09:35] local.ERROR: The database configuration URL is malformed. {"exception":"[object] (InvalidArgumentException(code: 0): The database configuration URL is malformed. at C:/laragon/www/05ArjunaSatria/vendor/laravel/framework/src/Illuminate/Support/ConfigurationUrlParser.php:148)
[stacktrace]
#0 C:/laragon/www/05ArjunaSatria/vendor/laravel/framework/src/Illuminate/Support/ConfigurationUrlParser.php(51): Illuminate/Support/ConfigurationUrlParser->parseUrl('postgresql://po...')
#1 C:/laragon/www/05ArjunaSatria/vendor/laravel/framework/src/Illuminate/Database/DatabaseManager.php(230): Illuminate/Support/ConfigurationUrlParser->parseConfiguration(Array)
#2 C:/laragon/www/05ArjunaSatria/vendor/laravel/framework/src/Illuminate/Database/DatabaseManager.php(192): Illuminate/Database/DatabaseManager->configuration('pgsql')
#3 C:/laragon/www/05ArjunaSatria/vendor/laravel/framework/src/Illuminate/Database/DatabaseManager.php(103): Illuminate/Database/DatabaseManager->makeConnection('pgsql')
#4 C:/laragon/www/05ArjunaSatria/vendor/laravel/framework/src/Illuminate/Database/Migrations/Migrator.php(747): Illuminate/Database/DatabaseManager->connection('pgsql')
#5 C:/laragon/www/05ArjunaSatria/vendor/laravel/framework/src/Illuminate/Database/Migrations/Migrator.php(691): Illuminate/Database/Migrations/Migrator->directConnectionName('pgsql')
#6 C:/laragon/www/05ArjunaSatria/vendor/laravel/framework/src/Illuminate/Database/Migrations/Migrator.php(669): Illuminate/Database/Migrations/Migrator->setConnection(NULL)
#7 C:/laragon/www/05ArjunaSatria/vendor/laravel/framework/src/Illuminate/Database/Console/Migrations/FreshCommand.php(75): Illuminate/Database/Migrations/Migrator->usingConnection(NULL, Object(Closure))
#8 C:/laragon/www/05ArjunaSatria/vendor/laravel/framework/src/Illuminate/Container/BoundMethod.php(36): Illuminate/Database/Console/Migrations/FreshCommand->handle()
#9 C:/laragon/www/05ArjunaSatria/vendor/laravel/framework/src/Illuminate/Container/Util.php(43): Illuminate/Container/BoundMethod::{closure:Illuminate/Container/BoundMethod::call():35}()
#10 C:/laragon/www/05ArjunaSatria/vendor/laravel/framework/src/Illuminate/Container/BoundMethod.php(96): Illuminate/Container/Util::unwrapIfClosure(Object(Closure))
#11 C:/laragon/www/05ArjunaSatria/vendor/laravel/framework/src/Illuminate/Container/BoundMethod.php(35): Illuminate/Container/BoundMethod::callBoundMethod(Object(Illuminate/Foundation/Application), Array, Object(Closure))
#12 C:/laragon/www/05ArjunaSatria/vendor/laravel/framework/src/Illuminate/Container/Container.php(803): Illuminate/Container/BoundMethod::call(Object(Illuminate/Foundation/Application), Array, Array, NULL)
#13 C:/laragon/www/05ArjunaSatria/vendor/laravel/framework/src/Illuminate/Console/Command.php(292): Illuminate/Container/Container->call(Array)
#14 C:/laragon/www/05ArjunaSatria/vendor/symfony/console/Command/Command.php(285): Illuminate/Console/Command->execute(Object(Symfony/Component/Console/Input/ArgvInput), Object(Illuminate/Console/OutputStyle))
#15 C:/laragon/www/05ArjunaSatria/vendor/laravel/framework/src/Illuminate/Console/Command.php(261): Symfony/Component/Console/Command/Command->run(Object(Symfony/Component/Console/Input/ArgvInput), Object(Illuminate/Console/OutputStyle))
#16 C:/laragon/www/05ArjunaSatria/vendor/symfony/console/Application.php(1144): Illuminate/Console/Command->run(Object(Symfony/Component/Console/Input/ArgvInput), Object(Symfony/Component/Console/Output/ConsoleOutput))
#17 C:/laragon/www/05ArjunaSatria/vendor/symfony/console/Application.php(379): Symfony/Component/Console/Application->doRunCommand(Object(Illuminate/Database/Console/Migrations/FreshCommand), Object(Symfony/Component/Console/Input/ArgvInput), Object(Symfony/Component/Console/Output/ConsoleOutput))
#18 C:/laragon/www/05ArjunaSatria/vendor/symfony/console/Application.php(218): Symfony/Component/Console/Application->doRun(Object(Symfony/Component/Console/Input/ArgvInput), Object(Symfony/Component/Console/Output/ConsoleOutput))
#19 C:/laragon/www/05ArjunaSatria/vendor/laravel/framework/src/Illuminate/Foundation/Console/Kernel.php(198): Symfony/Component/Console/Application->run(Object(Symfony/Component/Console/Input/ArgvInput), Object(Symfony/Component/Console/Output/ConsoleOutput))
#20 C:/laragon/www/05ArjunaSatria/vendor/laravel/framework/src/Illuminate/Foundation/Application.php(1242): Illuminate/Foundation/Console/Kernel->handle(Object(Symfony/Component/Console/Input/ArgvInput), Object(Symfony/Component/Console/Output/ConsoleOutput))
#21 C:/laragon/www/05ArjunaSatria/artisan(16): Illuminate/Foundation/Application->handleCommand(Object(Symfony/Component/Console/Input/ArgvInput))
#22 {main}
"} 
[2026-09-24 02:10:01] local.ERROR: The database configuration URL is malformed. {"exception":"[object] (InvalidArgumentException(code: 0): The database configuration URL is malformed. at C:/laragon/www/05ArjunaSatria/vendor/laravel/framework/src/Illuminate/Support/ConfigurationUrlParser.php:148)
[stacktrace]
#0 C:/laragon/www/05ArjunaSatria/vendor/laravel/framework/src/Illuminate/Support/ConfigurationUrlParser.php(51): Illuminate/Support/ConfigurationUrlParser->parseUrl('postgresql://po...')
#1 C:/laragon/www/05ArjunaSatria/vendor/laravel/framework/src/Illuminate/Database/DatabaseManager.php(230): Illuminate/Support/ConfigurationUrlParser->parseConfiguration(Array)
#2 C:/laragon/www/05ArjunaSatria/vendor/laravel/framework/src/Illuminate/Database/DatabaseManager.php(192): Illuminate/Database/DatabaseManager->configuration('pgsql')
#3 C:/laragon/www/05ArjunaSatria/vendor/laravel/framework/src/Illuminate/Database/DatabaseManager.php(103): Illuminate/Database/DatabaseManager->makeConnection('pgsql')
#4 C:/laragon/www/05ArjunaSatria/vendor/laravel/framework/src/Illuminate/Cache/CacheManager.php(200): Illuminate/Database/DatabaseManager->connection('pgsql')
#5 C:/laragon/www/05ArjunaSatria/vendor/laravel/framework/src/Illuminate/Cache/CacheManager.php(148): Illuminate/Cache/CacheManager->createDatabaseDriver(Array)
#6 C:/laragon/www/05ArjunaSatria/vendor/laravel/framework/src/Illuminate/Cache/CacheManager.php(126): Illuminate/Cache/CacheManager->build(Array)
#7 C:/laragon/www/05ArjunaSatria/vendor/laravel/framework/src/Illuminate/Cache/CacheManager.php(69): Illuminate/Cache/CacheManager->resolve('database')
#8 C:/laragon/www/05ArjunaSatria/vendor/laravel/framework/src/Illuminate/Cache/CacheManager.php(80): Illuminate/Cache/CacheManager->store('database')
#9 C:/laragon/www/05ArjunaSatria/vendor/laravel/framework/src/Illuminate/Cache/CacheServiceProvider.php(23): Illuminate/Cache/CacheManager->driver()
#10 C:/laragon/www/05ArjunaSatria/vendor/laravel/framework/src/Illuminate/Container/Container.php(1140): Illuminate/Cache/CacheServiceProvider->{closure:Illuminate/Cache/CacheServiceProvider::register():22}(Object(Illuminate/Foundation/Application), Array)
#11 C:/laragon/www/05ArjunaSatria/vendor/laravel/framework/src/Illuminate/Container/Container.php(939): Illuminate/Container/Container->build(Object(Closure))
#12 C:/laragon/www/05ArjunaSatria/vendor/laravel/framework/src/Illuminate/Foundation/Application.php(1085): Illuminate/Container/Container->resolve('cache.store', Array, true)
#13 C:/laragon/www/05ArjunaSatria/vendor/laravel/framework/src/Illuminate/Container/Container.php(867): Illuminate/Foundation/Application->resolve('cache.store', Array)
#14 C:/laragon/www/05ArjunaSatria/vendor/laravel/framework/src/Illuminate/Foundation/Application.php(1065): Illuminate/Container/Container->make('cache.store', Array)
#15 C:/laragon/www/05ArjunaSatria/vendor/laravel/framework/src/Illuminate/Container/Container.php(1846): Illuminate/Foundation/Application->make('cache.store')
#16 C:/laragon/www/05ArjunaSatria/vendor/laravel/framework/src/Illuminate/Foundation/Providers/ArtisanServiceProvider.php(735): Illuminate/Container/Container->offsetGet('cache.store')
#17 C:/laragon/www/05ArjunaSatria/vendor/laravel/framework/src/Illuminate/Container/Container.php(1140): Illuminate/Foundation/Providers/ArtisanServiceProvider->{closure:Illuminate/Foundation/Providers/ArtisanServiceProvider::registerQueueRestartCommand():734}(Object(Illuminate/Foundation/Application), Array)
#18 C:/laragon/www/05ArjunaSatria/vendor/laravel/framework/src/Illuminate/Container/Container.php(939): Illuminate/Container/Container->build(Object(Closure))
#19 C:/laragon/www/05ArjunaSatria/vendor/laravel/framework/src/Illuminate/Foundation/Application.php(1085): Illuminate/Container/Container->resolve('Illuminate//Queu...', Array, true)
#20 C:/laragon/www/05ArjunaSatria/vendor/laravel/framework/src/Illuminate/Container/Container.php(884): Illuminate/Foundation/Application->resolve('Illuminate//Queu...')
#21 C:/laragon/www/05ArjunaSatria/vendor/laravel/framework/src/Illuminate/Console/ContainerCommandLoader.php(52): Illuminate/Container/Container->get('Illuminate//Queu...')
#22 C:/laragon/www/05ArjunaSatria/vendor/symfony/console/Application.php(664): Illuminate/Console/ContainerCommandLoader->get('queue:restart')
#23 C:/laragon/www/05ArjunaSatria/vendor/symfony/console/Application.php(873): Symfony/Component/Console/Application->has('queue:restart')
#24 C:/laragon/www/05ArjunaSatria/vendor/symfony/console/Descriptor/ApplicationDescription.php(84): Symfony/Component/Console/Application->all(NULL)
#25 C:/laragon/www/05ArjunaSatria/vendor/symfony/console/Descriptor/ApplicationDescription.php(61): Symfony/Component/Console/Descriptor/ApplicationDescription->inspectApplication()
#26 C:/laragon/www/05ArjunaSatria/vendor/symfony/console/Descriptor/TextDescriptor.php(185): Symfony/Component/Console/Descriptor/ApplicationDescription->getCommands()
#27 C:/laragon/www/05ArjunaSatria/vendor/symfony/console/Descriptor/Descriptor.php(40): Symfony/Component/Console/Descriptor/TextDescriptor->describeApplication(Object(Illuminate/Console/Application), Array)
#28 C:/laragon/www/05ArjunaSatria/vendor/symfony/console/Helper/DescriptorHelper.php(67): Symfony/Component/Console/Descriptor/Descriptor->describe(Object(Symfony/Component/Console/Output/ConsoleOutput), Object(Illuminate/Console/Application), Array)
#29 C:/laragon/www/05ArjunaSatria/vendor/symfony/console/Command/ListCommand.php(63): Symfony/Component/Console/Helper/DescriptorHelper->describe(Object(Symfony/Component/Console/Output/ConsoleOutput), Object(Illuminate/Console/Application), Array)
#30 C:/laragon/www/05ArjunaSatria/vendor/symfony/console/Command/Command.php(285): Symfony/Component/Console/Command/ListCommand->execute(Object(Symfony/Component/Console/Input/ArgvInput), Object(Symfony/Component/Console/Output/ConsoleOutput))
#31 C:/laragon/www/05ArjunaSatria/vendor/symfony/console/Application.php(1144): Symfony/Component/Console/Command/Command->run(Object(Symfony/Component/Console/Input/ArgvInput), Object(Symfony/Component/Console/Output/ConsoleOutput))
#32 C:/laragon/www/05ArjunaSatria/vendor/symfony/console/Application.php(379): Symfony/Component/Console/Application->doRunCommand(Object(Symfony/Component/Console/Command/ListCommand), Object(Symfony/Component/Console/Input/ArgvInput), Object(Symfony/Component/Console/Output/ConsoleOutput))
#33 C:/laragon/www/05ArjunaSatria/vendor/symfony/console/Application.php(218): Symfony/Component/Console/Application->doRun(Object(Symfony/Component/Console/Input/ArgvInput), Object(Symfony/Component/Console/Output/ConsoleOutput))
#34 C:/laragon/www/05ArjunaSatria/vendor/laravel/framework/src/Illuminate/Foundation/Console/Kernel.php(198): Symfony/Component/Console/Application->run(Object(Symfony/Component/Console/Input/ArgvInput), Object(Symfony/Component/Console/Output/ConsoleOutput))
#35 Command line code(1): Illuminate/Foundation/Console/Kernel->handle(Object(Symfony/Component/Console/Input/ArgvInput), Object(Symfony/Component/Console/Output/ConsoleOutput))
#36 {main}
"} 
[2026-09-24 02:10:01] local.ERROR: The database configuration URL is malformed. {"exception":"[object] (InvalidArgumentException(code: 0): The database configuration URL is malformed. at C:/laragon/www/05ArjunaSatria/vendor/laravel/framework/src/Illuminate/Support/ConfigurationUrlParser.php:148)
[stacktrace]
#0 C:/laragon/www/05ArjunaSatria/vendor/laravel/framework/src/Illuminate/Support/ConfigurationUrlParser.php(51): Illuminate/Support/ConfigurationUrlParser->parseUrl('postgresql://po...')
#1 C:/laragon/www/05ArjunaSatria/vendor/laravel/framework/src/Illuminate/Database/DatabaseManager.php(230): Illuminate/Support/ConfigurationUrlParser->parseConfiguration(Array)
#2 C:/laragon/www/05ArjunaSatria/vendor/laravel/framework/src/Illuminate/Database/DatabaseManager.php(192): Illuminate/Database/DatabaseManager->configuration('pgsql')
#3 C:/laragon/www/05ArjunaSatria/vendor/laravel/framework/src/Illuminate/Database/DatabaseManager.php(103): Illuminate/Database/DatabaseManager->makeConnection('pgsql')
#4 C:/laragon/www/05ArjunaSatria/vendor/laravel/framework/src/Illuminate/Cache/CacheManager.php(200): Illuminate/Database/DatabaseManager->connection('pgsql')
#5 C:/laragon/www/05ArjunaSatria/vendor/laravel/framework/src/Illuminate/Cache/CacheManager.php(148): Illuminate/Cache/CacheManager->createDatabaseDriver(Array)
#6 C:/laragon/www/05ArjunaSatria/vendor/laravel/framework/src/Illuminate/Cache/CacheManager.php(126): Illuminate/Cache/CacheManager->build(Array)
#7 C:/laragon/www/05ArjunaSatria/vendor/laravel/framework/src/Illuminate/Cache/CacheManager.php(69): Illuminate/Cache/CacheManager->resolve('database')
#8 C:/laragon/www/05ArjunaSatria/vendor/laravel/framework/src/Illuminate/Cache/CacheManager.php(80): Illuminate/Cache/CacheManager->store('database')
#9 C:/laragon/www/05ArjunaSatria/vendor/laravel/framework/src/Illuminate/Cache/CacheServiceProvider.php(23): Illuminate/Cache/CacheManager->driver()
#10 C:/laragon/www/05ArjunaSatria/vendor/laravel/framework/src/Illuminate/Container/Container.php(1140): Illuminate/Cache/CacheServiceProvider->{closure:Illuminate/Cache/CacheServiceProvider::register():22}(Object(Illuminate/Foundation/Application), Array)
#11 C:/laragon/www/05ArjunaSatria/vendor/laravel/framework/src/Illuminate/Container/Container.php(939): Illuminate/Container/Container->build(Object(Closure))
#12 C:/laragon/www/05ArjunaSatria/vendor/laravel/framework/src/Illuminate/Foundation/Application.php(1085): Illuminate/Container/Container->resolve('cache.store', Array, true)
#13 C:/laragon/www/05ArjunaSatria/vendor/laravel/framework/src/Illuminate/Container/Container.php(867): Illuminate/Foundation/Application->resolve('cache.store', Array)
#14 C:/laragon/www/05ArjunaSatria/vendor/laravel/framework/src/Illuminate/Foundation/Application.php(1065): Illuminate/Container/Container->make('cache.store', Array)
#15 C:/laragon/www/05ArjunaSatria/vendor/laravel/framework/src/Illuminate/Container/Container.php(1846): Illuminate/Foundation/Application->make('cache.store')
#16 C:/laragon/www/05ArjunaSatria/vendor/laravel/framework/src/Illuminate/Foundation/Providers/ArtisanServiceProvider.php(735): Illuminate/Container/Container->offsetGet('cache.store')
#17 C:/laragon/www/05ArjunaSatria/vendor/laravel/framework/src/Illuminate/Container/Container.php(1140): Illuminate/Foundation/Providers/ArtisanServiceProvider->{closure:Illuminate/Foundation/Providers/ArtisanServiceProvider::registerQueueRestartCommand():734}(Object(Illuminate/Foundation/Application), Array)
#18 C:/laragon/www/05ArjunaSatria/vendor/laravel/framework/src/Illuminate/Container/Container.php(939): Illuminate/Container/Container->build(Object(Closure))
#19 C:/laragon/www/05ArjunaSatria/vendor/laravel/framework/src/Illuminate/Foundation/Application.php(1085): Illuminate/Container/Container->resolve('Illuminate//Queu...', Array, true)
#20 C:/laragon/www/05ArjunaSatria/vendor/laravel/framework/src/Illuminate/Container/Container.php(884): Illuminate/Foundation/Application->resolve('Illuminate//Queu...')
#21 C:/laragon/www/05ArjunaSatria/vendor/laravel/framework/src/Illuminate/Console/ContainerCommandLoader.php(52): Illuminate/Container/Container->get('Illuminate//Queu...')
#22 C:/laragon/www/05ArjunaSatria/vendor/symfony/console/Application.php(664): Illuminate/Console/ContainerCommandLoader->get('queue:restart')
#23 C:/laragon/www/05ArjunaSatria/vendor/symfony/console/Application.php(873): Symfony/Component/Console/Application->has('queue:restart')
#24 C:/laragon/www/05ArjunaSatria/vendor/symfony/console/Descriptor/ApplicationDescription.php(84): Symfony/Component/Console/Application->all(NULL)
#25 C:/laragon/www/05ArjunaSatria/vendor/symfony/console/Descriptor/ApplicationDescription.php(61): Symfony/Component/Console/Descriptor/ApplicationDescription->inspectApplication()
#26 C:/laragon/www/05ArjunaSatria/vendor/symfony/console/Descriptor/TextDescriptor.php(185): Symfony/Component/Console/Descriptor/ApplicationDescription->getCommands()
#27 C:/laragon/www/05ArjunaSatria/vendor/symfony/console/Descriptor/Descriptor.php(40): Symfony/Component/Console/Descriptor/TextDescriptor->describeApplication(Object(Illuminate/Console/Application), Array)
#28 C:/laragon/www/05ArjunaSatria/vendor/symfony/console/Helper/DescriptorHelper.php(67): Symfony/Component/Console/Descriptor/Descriptor->describe(Object(Symfony/Component/Console/Output/ConsoleOutput), Object(Illuminate/Console/Application), Array)
#29 C:/laragon/www/05ArjunaSatria/vendor/symfony/console/Command/ListCommand.php(63): Symfony/Component/Console/Helper/DescriptorHelper->describe(Object(Symfony/Component/Console/Output/ConsoleOutput), Object(Illuminate/Console/Application), Array)
#30 C:/laragon/www/05ArjunaSatria/vendor/symfony/console/Command/Command.php(285): Symfony/Component/Console/Command/ListCommand->execute(Object(Symfony/Component/Console/Input/ArgvInput), Object(Symfony/Component/Console/Output/ConsoleOutput))
#31 C:/laragon/www/05ArjunaSatria/vendor/symfony/console/Application.php(1144): Symfony/Component/Console/Command/Command->run(Object(Symfony/Component/Console/Input/ArgvInput), Object(Symfony/Component/Console/Output/ConsoleOutput))
#32 C:/laragon/www/05ArjunaSatria/vendor/symfony/console/Application.php(379): Symfony/Component/Console/Application->doRunCommand(Object(Symfony/Component/Console/Command/ListCommand), Object(Symfony/Component/Console/Input/ArgvInput), Object(Symfony/Component/Console/Output/ConsoleOutput))
#33 C:/laragon/www/05ArjunaSatria/vendor/symfony/console/Application.php(218): Symfony/Component/Console/Application->doRun(Object(Symfony/Component/Console/Input/ArgvInput), Object(Symfony/Component/Console/Output/ConsoleOutput))
#34 C:/laragon/www/05ArjunaSatria/vendor/laravel/framework/src/Illuminate/Foundation/Console/Kernel.php(198): Symfony/Component/Console/Application->run(Object(Symfony/Component/Console/Input/ArgvInput), Object(Symfony/Component/Console/Output/ConsoleOutput))
#35 Command line code(1): Illuminate/Foundation/Console/Kernel->handle(Object(Symfony/Component/Console/Input/ArgvInput), Object(Symfony/Component/Console/Output/ConsoleOutput))
#36 {main}
"} 
[2026-09-24 02:11:01] local.ERROR: The database configuration URL is malformed. {"exception":"[object] (InvalidArgumentException(code: 0): The database configuration URL is malformed. at C:/laragon/www/05ArjunaSatria/vendor/laravel/framework/src/Illuminate/Support/ConfigurationUrlParser.php:148)
[stacktrace]
#0 C:/laragon/www/05ArjunaSatria/vendor/laravel/framework/src/Illuminate/Support/ConfigurationUrlParser.php(51): Illuminate/Support/ConfigurationUrlParser->parseUrl('postgresql://po...')
#1 C:/laragon/www/05ArjunaSatria/vendor/laravel/framework/src/Illuminate/Database/DatabaseManager.php(230): Illuminate/Support/ConfigurationUrlParser->parseConfiguration(Array)
#2 C:/laragon/www/05ArjunaSatria/vendor/laravel/framework/src/Illuminate/Database/DatabaseManager.php(192): Illuminate/Database/DatabaseManager->configuration('pgsql')
#3 C:/laragon/www/05ArjunaSatria/vendor/laravel/framework/src/Illuminate/Database/DatabaseManager.php(103): Illuminate/Database/DatabaseManager->makeConnection('pgsql')
#4 C:/laragon/www/05ArjunaSatria/vendor/laravel/framework/src/Illuminate/Cache/CacheManager.php(200): Illuminate/Database/DatabaseManager->connection('pgsql')
#5 C:/laragon/www/05ArjunaSatria/vendor/laravel/framework/src/Illuminate/Cache/CacheManager.php(148): Illuminate/Cache/CacheManager->createDatabaseDriver(Array)
#6 C:/laragon/www/05ArjunaSatria/vendor/laravel/framework/src/Illuminate/Cache/CacheManager.php(126): Illuminate/Cache/CacheManager->build(Array)
#7 C:/laragon/www/05ArjunaSatria/vendor/laravel/framework/src/Illuminate/Cache/CacheManager.php(69): Illuminate/Cache/CacheManager->resolve('database')
#8 C:/laragon/www/05ArjunaSatria/vendor/laravel/framework/src/Illuminate/Cache/CacheManager.php(80): Illuminate/Cache/CacheManager->store('database')
#9 C:/laragon/www/05ArjunaSatria/vendor/laravel/framework/src/Illuminate/Cache/CacheServiceProvider.php(23): Illuminate/Cache/CacheManager->driver()
#10 C:/laragon/www/05ArjunaSatria/vendor/laravel/framework/src/Illuminate/Container/Container.php(1140): Illuminate/Cache/CacheServiceProvider->{closure:Illuminate/Cache/CacheServiceProvider::register():22}(Object(Illuminate/Foundation/Application), Array)
#11 C:/laragon/www/05ArjunaSatria/vendor/laravel/framework/src/Illuminate/Container/Container.php(939): Illuminate/Container/Container->build(Object(Closure))
#12 C:/laragon/www/05ArjunaSatria/vendor/laravel/framework/src/Illuminate/Foundation/Application.php(1085): Illuminate/Container/Container->resolve('cache.store', Array, true)
#13 C:/laragon/www/05ArjunaSatria/vendor/laravel/framework/src/Illuminate/Container/Container.php(867): Illuminate/Foundation/Application->resolve('cache.store', Array)
#14 C:/laragon/www/05ArjunaSatria/vendor/laravel/framework/src/Illuminate/Foundation/Application.php(1065): Illuminate/Container/Container->make('cache.store', Array)
#15 C:/laragon/www/05ArjunaSatria/vendor/laravel/framework/src/Illuminate/Container/Container.php(1846): Illuminate/Foundation/Application->make('cache.store')
#16 C:/laragon/www/05ArjunaSatria/vendor/laravel/framework/src/Illuminate/Foundation/Providers/ArtisanServiceProvider.php(735): Illuminate/Container/Container->offsetGet('cache.store')
#17 C:/laragon/www/05ArjunaSatria/vendor/laravel/framework/src/Illuminate/Container/Container.php(1140): Illuminate/Foundation/Providers/ArtisanServiceProvider->{closure:Illuminate/Foundation/Providers/ArtisanServiceProvider::registerQueueRestartCommand():734}(Object(Illuminate/Foundation/Application), Array)
#18 C:/laragon/www/05ArjunaSatria/vendor/laravel/framework/src/Illuminate/Container/Container.php(939): Illuminate/Container/Container->build(Object(Closure))
#19 C:/laragon/www/05ArjunaSatria/vendor/laravel/framework/src/Illuminate/Foundation/Application.php(1085): Illuminate/Container/Container->resolve('Illuminate//Queu...', Array, true)
#20 C:/laragon/www/05ArjunaSatria/vendor/laravel/framework/src/Illuminate/Container/Container.php(884): Illuminate/Foundation/Application->resolve('Illuminate//Queu...')
#21 C:/laragon/www/05ArjunaSatria/vendor/laravel/framework/src/Illuminate/Console/ContainerCommandLoader.php(52): Illuminate/Container/Container->get('Illuminate//Queu...')
#22 C:/laragon/www/05ArjunaSatria/vendor/symfony/console/Application.php(664): Illuminate/Console/ContainerCommandLoader->get('queue:restart')
#23 C:/laragon/www/05ArjunaSatria/vendor/symfony/console/Application.php(873): Symfony/Component/Console/Application->has('queue:restart')
#24 C:/laragon/www/05ArjunaSatria/vendor/symfony/console/Descriptor/ApplicationDescription.php(84): Symfony/Component/Console/Application->all(NULL)
#25 C:/laragon/www/05ArjunaSatria/vendor/symfony/console/Descriptor/ApplicationDescription.php(61): Symfony/Component/Console/Descriptor/ApplicationDescription->inspectApplication()
#26 C:/laragon/www/05ArjunaSatria/vendor/symfony/console/Descriptor/TextDescriptor.php(185): Symfony/Component/Console/Descriptor/ApplicationDescription->getCommands()
#27 C:/laragon/www/05ArjunaSatria/vendor/symfony/console/Descriptor/Descriptor.php(40): Symfony/Component/Console/Descriptor/TextDescriptor->describeApplication(Object(Illuminate/Console/Application), Array)
#28 C:/laragon/www/05ArjunaSatria/vendor/symfony/console/Helper/DescriptorHelper.php(67): Symfony/Component/Console/Descriptor/Descriptor->describe(Object(Symfony/Component/Console/Output/ConsoleOutput), Object(Illuminate/Console/Application), Array)
#29 C:/laragon/www/05ArjunaSatria/vendor/symfony/console/Command/ListCommand.php(63): Symfony/Component/Console/Helper/DescriptorHelper->describe(Object(Symfony/Component/Console/Output/ConsoleOutput), Object(Illuminate/Console/Application), Array)
#30 C:/laragon/www/05ArjunaSatria/vendor/symfony/console/Command/Command.php(285): Symfony/Component/Console/Command/ListCommand->execute(Object(Symfony/Component/Console/Input/ArgvInput), Object(Symfony/Component/Console/Output/ConsoleOutput))
#31 C:/laragon/www/05ArjunaSatria/vendor/symfony/console/Application.php(1144): Symfony/Component/Console/Command/Command->run(Object(Symfony/Component/Console/Input/ArgvInput), Object(Symfony/Component/Console/Output/ConsoleOutput))
#32 C:/laragon/www/05ArjunaSatria/vendor/symfony/console/Application.php(379): Symfony/Component/Console/Application->doRunCommand(Object(Symfony/Component/Console/Command/ListCommand), Object(Symfony/Component/Console/Input/ArgvInput), Object(Symfony/Component/Console/Output/ConsoleOutput))
#33 C:/laragon/www/05ArjunaSatria/vendor/symfony/console/Application.php(218): Symfony/Component/Console/Application->doRun(Object(Symfony/Component/Console/Input/ArgvInput), Object(Symfony/Component/Console/Output/ConsoleOutput))
#34 C:/laragon/www/05ArjunaSatria/vendor/laravel/framework/src/Illuminate/Foundation/Console/Kernel.php(198): Symfony/Component/Console/Application->run(Object(Symfony/Component/Console/Input/ArgvInput), Object(Symfony/Component/Console/Output/ConsoleOutput))
#35 Command line code(1): Illuminate/Foundation/Console/Kernel->handle(Object(Symfony/Component/Console/Input/ArgvInput), Object(Symfony/Component/Console/Output/ConsoleOutput))
#36 {main}
"} 
[2026-09-24 02:11:01] local.ERROR: The database configuration URL is malformed. {"exception":"[object] (InvalidArgumentException(code: 0): The database configuration URL is malformed. at C:/laragon/www/05ArjunaSatria/vendor/laravel/framework/src/Illuminate/Support/ConfigurationUrlParser.php:148)
[stacktrace]
#0 C:/laragon/www/05ArjunaSatria/vendor/laravel/framework/src/Illuminate/Support/ConfigurationUrlParser.php(51): Illuminate/Support/ConfigurationUrlParser->parseUrl('postgresql://po...')
#1 C:/laragon/www/05ArjunaSatria/vendor/laravel/framework/src/Illuminate/Database/DatabaseManager.php(230): Illuminate/Support/ConfigurationUrlParser->parseConfiguration(Array)
#2 C:/laragon/www/05ArjunaSatria/vendor/laravel/framework/src/Illuminate/Database/DatabaseManager.php(192): Illuminate/Database/DatabaseManager->configuration('pgsql')
#3 C:/laragon/www/05ArjunaSatria/vendor/laravel/framework/src/Illuminate/Database/DatabaseManager.php(103): Illuminate/Database/DatabaseManager->makeConnection('pgsql')
#4 C:/laragon/www/05ArjunaSatria/vendor/laravel/framework/src/Illuminate/Cache/CacheManager.php(200): Illuminate/Database/DatabaseManager->connection('pgsql')
#5 C:/laragon/www/05ArjunaSatria/vendor/laravel/framework/src/Illuminate/Cache/CacheManager.php(148): Illuminate/Cache/CacheManager->createDatabaseDriver(Array)
#6 C:/laragon/www/05ArjunaSatria/vendor/laravel/framework/src/Illuminate/Cache/CacheManager.php(126): Illuminate/Cache/CacheManager->build(Array)
#7 C:/laragon/www/05ArjunaSatria/vendor/laravel/framework/src/Illuminate/Cache/CacheManager.php(69): Illuminate/Cache/CacheManager->resolve('database')
#8 C:/laragon/www/05ArjunaSatria/vendor/laravel/framework/src/Illuminate/Cache/CacheManager.php(80): Illuminate/Cache/CacheManager->store('database')
#9 C:/laragon/www/05ArjunaSatria/vendor/laravel/framework/src/Illuminate/Cache/CacheServiceProvider.php(23): Illuminate/Cache/CacheManager->driver()
#10 C:/laragon/www/05ArjunaSatria/vendor/laravel/framework/src/Illuminate/Container/Container.php(1140): Illuminate/Cache/CacheServiceProvider->{closure:Illuminate/Cache/CacheServiceProvider::register():22}(Object(Illuminate/Foundation/Application), Array)
#11 C:/laragon/www/05ArjunaSatria/vendor/laravel/framework/src/Illuminate/Container/Container.php(939): Illuminate/Container/Container->build(Object(Closure))
#12 C:/laragon/www/05ArjunaSatria/vendor/laravel/framework/src/Illuminate/Foundation/Application.php(1085): Illuminate/Container/Container->resolve('cache.store', Array, true)
#13 C:/laragon/www/05ArjunaSatria/vendor/laravel/framework/src/Illuminate/Container/Container.php(867): Illuminate/Foundation/Application->resolve('cache.store', Array)
#14 C:/laragon/www/05ArjunaSatria/vendor/laravel/framework/src/Illuminate/Foundation/Application.php(1065): Illuminate/Container/Container->make('cache.store', Array)
#15 C:/laragon/www/05ArjunaSatria/vendor/laravel/framework/src/Illuminate/Container/Container.php(1846): Illuminate/Foundation/Application->make('cache.store')
#16 C:/laragon/www/05ArjunaSatria/vendor/laravel/framework/src/Illuminate/Foundation/Providers/ArtisanServiceProvider.php(735): Illuminate/Container/Container->offsetGet('cache.store')
#17 C:/laragon/www/05ArjunaSatria/vendor/laravel/framework/src/Illuminate/Container/Container.php(1140): Illuminate/Foundation/Providers/ArtisanServiceProvider->{closure:Illuminate/Foundation/Providers/ArtisanServiceProvider::registerQueueRestartCommand():734}(Object(Illuminate/Foundation/Application), Array)
#18 C:/laragon/www/05ArjunaSatria/vendor/laravel/framework/src/Illuminate/Container/Container.php(939): Illuminate/Container/Container->build(Object(Closure))
#19 C:/laragon/www/05ArjunaSatria/vendor/laravel/framework/src/Illuminate/Foundation/Application.php(1085): Illuminate/Container/Container->resolve('Illuminate//Queu...', Array, true)
#20 C:/laragon/www/05ArjunaSatria/vendor/laravel/framework/src/Illuminate/Container/Container.php(884): Illuminate/Foundation/Application->resolve('Illuminate//Queu...')
#21 C:/laragon/www/05ArjunaSatria/vendor/laravel/framework/src/Illuminate/Console/ContainerCommandLoader.php(52): Illuminate/Container/Container->get('Illuminate//Queu...')
#22 C:/laragon/www/05ArjunaSatria/vendor/symfony/console/Application.php(664): Illuminate/Console/ContainerCommandLoader->get('queue:restart')
#23 C:/laragon/www/05ArjunaSatria/vendor/symfony/console/Application.php(873): Symfony/Component/Console/Application->has('queue:restart')
#24 C:/laragon/www/05ArjunaSatria/vendor/symfony/console/Descriptor/ApplicationDescription.php(84): Symfony/Component/Console/Application->all(NULL)
#25 C:/laragon/www/05ArjunaSatria/vendor/symfony/console/Descriptor/ApplicationDescription.php(61): Symfony/Component/Console/Descriptor/ApplicationDescription->inspectApplication()
#26 C:/laragon/www/05ArjunaSatria/vendor/symfony/console/Descriptor/TextDescriptor.php(185): Symfony/Component/Console/Descriptor/ApplicationDescription->getCommands()
#27 C:/laragon/www/05ArjunaSatria/vendor/symfony/console/Descriptor/Descriptor.php(40): Symfony/Component/Console/Descriptor/TextDescriptor->describeApplication(Object(Illuminate/Console/Application), Array)
#28 C:/laragon/www/05ArjunaSatria/vendor/symfony/console/Helper/DescriptorHelper.php(67): Symfony/Component/Console/Descriptor/Descriptor->describe(Object(Symfony/Component/Console/Output/ConsoleOutput), Object(Illuminate/Console/Application), Array)
#29 C:/laragon/www/05ArjunaSatria/vendor/symfony/console/Command/ListCommand.php(63): Symfony/Component/Console/Helper/DescriptorHelper->describe(Object(Symfony/Component/Console/Output/ConsoleOutput), Object(Illuminate/Console/Application), Array)
#30 C:/laragon/www/05ArjunaSatria/vendor/symfony/console/Command/Command.php(285): Symfony/Component/Console/Command/ListCommand->execute(Object(Symfony/Component/Console/Input/ArgvInput), Object(Symfony/Component/Console/Output/ConsoleOutput))
#31 C:/laragon/www/05ArjunaSatria/vendor/symfony/console/Application.php(1144): Symfony/Component/Console/Command/Command->run(Object(Symfony/Component/Console/Input/ArgvInput), Object(Symfony/Component/Console/Output/ConsoleOutput))
#32 C:/laragon/www/05ArjunaSatria/vendor/symfony/console/Application.php(379): Symfony/Component/Console/Application->doRunCommand(Object(Symfony/Component/Console/Command/ListCommand), Object(Symfony/Component/Console/Input/ArgvInput), Object(Symfony/Component/Console/Output/ConsoleOutput))
#33 C:/laragon/www/05ArjunaSatria/vendor/symfony/console/Application.php(218): Symfony/Component/Console/Application->doRun(Object(Symfony/Component/Console/Input/ArgvInput), Object(Symfony/Component/Console/Output/ConsoleOutput))
#34 C:/laragon/www/05ArjunaSatria/vendor/laravel/framework/src/Illuminate/Foundation/Console/Kernel.php(198): Symfony/Component/Console/Application->run(Object(Symfony/Component/Console/Input/ArgvInput), Object(Symfony/Component/Console/Output/ConsoleOutput))
#35 Command line code(1): Illuminate/Foundation/Console/Kernel->handle(Object(Symfony/Component/Console/Input/ArgvInput), Object(Symfony/Component/Console/Output/ConsoleOutput))
#36 {main}
"} 
[2026-09-24 02:14:01] local.ERROR: The database configuration URL is malformed. {"exception":"[object] (InvalidArgumentException(code: 0): The database configuration URL is malformed. at C:/laragon/www/05ArjunaSatria/vendor/laravel/framework/src/Illuminate/Support/ConfigurationUrlParser.php:148)
[stacktrace]
#0 C:/laragon/www/05ArjunaSatria/vendor/laravel/framework/src/Illuminate/Support/ConfigurationUrlParser.php(51): Illuminate/Support/ConfigurationUrlParser->parseUrl('postgresql://po...')
#1 C:/laragon/www/05ArjunaSatria/vendor/laravel/framework/src/Illuminate/Database/DatabaseManager.php(230): Illuminate/Support/ConfigurationUrlParser->parseConfiguration(Array)
#2 C:/laragon/www/05ArjunaSatria/vendor/laravel/framework/src/Illuminate/Database/DatabaseManager.php(192): Illuminate/Database/DatabaseManager->configuration('pgsql')
#3 C:/laragon/www/05ArjunaSatria/vendor/laravel/framework/src/Illuminate/Database/DatabaseManager.php(103): Illuminate/Database/DatabaseManager->makeConnection('pgsql')
#4 C:/laragon/www/05ArjunaSatria/vendor/laravel/framework/src/Illuminate/Cache/CacheManager.php(200): Illuminate/Database/DatabaseManager->connection('pgsql')
#5 C:/laragon/www/05ArjunaSatria/vendor/laravel/framework/src/Illuminate/Cache/CacheManager.php(148): Illuminate/Cache/CacheManager->createDatabaseDriver(Array)
#6 C:/laragon/www/05ArjunaSatria/vendor/laravel/framework/src/Illuminate/Cache/CacheManager.php(126): Illuminate/Cache/CacheManager->build(Array)
#7 C:/laragon/www/05ArjunaSatria/vendor/laravel/framework/src/Illuminate/Cache/CacheManager.php(69): Illuminate/Cache/CacheManager->resolve('database')
#8 C:/laragon/www/05ArjunaSatria/vendor/laravel/framework/src/Illuminate/Cache/CacheManager.php(80): Illuminate/Cache/CacheManager->store('database')
#9 C:/laragon/www/05ArjunaSatria/vendor/laravel/framework/src/Illuminate/Cache/CacheServiceProvider.php(23): Illuminate/Cache/CacheManager->driver()
#10 C:/laragon/www/05ArjunaSatria/vendor/laravel/framework/src/Illuminate/Container/Container.php(1140): Illuminate/Cache/CacheServiceProvider->{closure:Illuminate/Cache/CacheServiceProvider::register():22}(Object(Illuminate/Foundation/Application), Array)
#11 C:/laragon/www/05ArjunaSatria/vendor/laravel/framework/src/Illuminate/Container/Container.php(939): Illuminate/Container/Container->build(Object(Closure))
#12 C:/laragon/www/05ArjunaSatria/vendor/laravel/framework/src/Illuminate/Foundation/Application.php(1085): Illuminate/Container/Container->resolve('cache.store', Array, true)
#13 C:/laragon/www/05ArjunaSatria/vendor/laravel/framework/src/Illuminate/Container/Container.php(867): Illuminate/Foundation/Application->resolve('cache.store', Array)
#14 C:/laragon/www/05ArjunaSatria/vendor/laravel/framework/src/Illuminate/Foundation/Application.php(1065): Illuminate/Container/Container->make('cache.store', Array)
#15 C:/laragon/www/05ArjunaSatria/vendor/laravel/framework/src/Illuminate/Container/Container.php(1846): Illuminate/Foundation/Application->make('cache.store')
#16 C:/laragon/www/05ArjunaSatria/vendor/laravel/framework/src/Illuminate/Foundation/Providers/ArtisanServiceProvider.php(735): Illuminate/Container/Container->offsetGet('cache.store')
#17 C:/laragon/www/05ArjunaSatria/vendor/laravel/framework/src/Illuminate/Container/Container.php(1140): Illuminate/Foundation/Providers/ArtisanServiceProvider->{closure:Illuminate/Foundation/Providers/ArtisanServiceProvider::registerQueueRestartCommand():734}(Object(Illuminate/Foundation/Application), Array)
#18 C:/laragon/www/05ArjunaSatria/vendor/laravel/framework/src/Illuminate/Container/Container.php(939): Illuminate/Container/Container->build(Object(Closure))
#19 C:/laragon/www/05ArjunaSatria/vendor/laravel/framework/src/Illuminate/Foundation/Application.php(1085): Illuminate/Container/Container->resolve('Illuminate//Queu...', Array, true)
#20 C:/laragon/www/05ArjunaSatria/vendor/laravel/framework/src/Illuminate/Container/Container.php(884): Illuminate/Foundation/Application->resolve('Illuminate//Queu...')
#21 C:/laragon/www/05ArjunaSatria/vendor/laravel/framework/src/Illuminate/Console/ContainerCommandLoader.php(52): Illuminate/Container/Container->get('Illuminate//Queu...')
#22 C:/laragon/www/05ArjunaSatria/vendor/symfony/console/Application.php(664): Illuminate/Console/ContainerCommandLoader->get('queue:restart')
#23 C:/laragon/www/05ArjunaSatria/vendor/symfony/console/Application.php(873): Symfony/Component/Console/Application->has('queue:restart')
#24 C:/laragon/www/05ArjunaSatria/vendor/symfony/console/Descriptor/ApplicationDescription.php(84): Symfony/Component/Console/Application->all(NULL)
#25 C:/laragon/www/05ArjunaSatria/vendor/symfony/console/Descriptor/ApplicationDescription.php(61): Symfony/Component/Console/Descriptor/ApplicationDescription->inspectApplication()
#26 C:/laragon/www/05ArjunaSatria/vendor/symfony/console/Descriptor/TextDescriptor.php(185): Symfony/Component/Console/Descriptor/ApplicationDescription->getCommands()
#27 C:/laragon/www/05ArjunaSatria/vendor/symfony/console/Descriptor/Descriptor.php(40): Symfony/Component/Console/Descriptor/TextDescriptor->describeApplication(Object(Illuminate/Console/Application), Array)
#28 C:/laragon/www/05ArjunaSatria/vendor/symfony/console/Helper/DescriptorHelper.php(67): Symfony/Component/Console/Descriptor/Descriptor->describe(Object(Symfony/Component/Console/Output/ConsoleOutput), Object(Illuminate/Console/Application), Array)
#29 C:/laragon/www/05ArjunaSatria/vendor/symfony/console/Command/ListCommand.php(63): Symfony/Component/Console/Helper/DescriptorHelper->describe(Object(Symfony/Component/Console/Output/ConsoleOutput), Object(Illuminate/Console/Application), Array)
#30 C:/laragon/www/05ArjunaSatria/vendor/symfony/console/Command/Command.php(285): Symfony/Component/Console/Command/ListCommand->execute(Object(Symfony/Component/Console/Input/ArgvInput), Object(Symfony/Component/Console/Output/ConsoleOutput))
#31 C:/laragon/www/05ArjunaSatria/vendor/symfony/console/Application.php(1144): Symfony/Component/Console/Command/Command->run(Object(Symfony/Component/Console/Input/ArgvInput), Object(Symfony/Component/Console/Output/ConsoleOutput))
#32 C:/laragon/www/05ArjunaSatria/vendor/symfony/console/Application.php(379): Symfony/Component/Console/Application->doRunCommand(Object(Symfony/Component/Console/Command/ListCommand), Object(Symfony/Component/Console/Input/ArgvInput), Object(Symfony/Component/Console/Output/ConsoleOutput))
#33 C:/laragon/www/05ArjunaSatria/vendor/symfony/console/Application.php(218): Symfony/Component/Console/Application->doRun(Object(Symfony/Component/Console/Input/ArgvInput), Object(Symfony/Component/Console/Output/ConsoleOutput))
#34 C:/laragon/www/05ArjunaSatria/vendor/laravel/framework/src/Illuminate/Foundation/Console/Kernel.php(198): Symfony/Component/Console/Application->run(Object(Symfony/Component/Console/Input/ArgvInput), Object(Symfony/Component/Console/Output/ConsoleOutput))
#35 Command line code(1): Illuminate/Foundation/Console/Kernel->handle(Object(Symfony/Component/Console/Input/ArgvInput), Object(Symfony/Component/Console/Output/ConsoleOutput))
#36 {main}
"} 
[2026-09-24 02:14:01] local.ERROR: The database configuration URL is malformed. {"exception":"[object] (InvalidArgumentException(code: 0): The database configuration URL is malformed. at C:/laragon/www/05ArjunaSatria/vendor/laravel/framework/src/Illuminate/Support/ConfigurationUrlParser.php:148)
[stacktrace]
#0 C:/laragon/www/05ArjunaSatria/vendor/laravel/framework/src/Illuminate/Support/ConfigurationUrlParser.php(51): Illuminate/Support/ConfigurationUrlParser->parseUrl('postgresql://po...')
#1 C:/laragon/www/05ArjunaSatria/vendor/laravel/framework/src/Illuminate/Database/DatabaseManager.php(230): Illuminate/Support/ConfigurationUrlParser->parseConfiguration(Array)
#2 C:/laragon/www/05ArjunaSatria/vendor/laravel/framework/src/Illuminate/Database/DatabaseManager.php(192): Illuminate/Database/DatabaseManager->configuration('pgsql')
#3 C:/laragon/www/05ArjunaSatria/vendor/laravel/framework/src/Illuminate/Database/DatabaseManager.php(103): Illuminate/Database/DatabaseManager->makeConnection('pgsql')
#4 C:/laragon/www/05ArjunaSatria/vendor/laravel/framework/src/Illuminate/Cache/CacheManager.php(200): Illuminate/Database/DatabaseManager->connection('pgsql')
#5 C:/laragon/www/05ArjunaSatria/vendor/laravel/framework/src/Illuminate/Cache/CacheManager.php(148): Illuminate/Cache/CacheManager->createDatabaseDriver(Array)
#6 C:/laragon/www/05ArjunaSatria/vendor/laravel/framework/src/Illuminate/Cache/CacheManager.php(126): Illuminate/Cache/CacheManager->build(Array)
#7 C:/laragon/www/05ArjunaSatria/vendor/laravel/framework/src/Illuminate/Cache/CacheManager.php(69): Illuminate/Cache/CacheManager->resolve('database')
#8 C:/laragon/www/05ArjunaSatria/vendor/laravel/framework/src/Illuminate/Cache/CacheManager.php(80): Illuminate/Cache/CacheManager->store('database')
#9 C:/laragon/www/05ArjunaSatria/vendor/laravel/framework/src/Illuminate/Cache/CacheServiceProvider.php(23): Illuminate/Cache/CacheManager->driver()
#10 C:/laragon/www/05ArjunaSatria/vendor/laravel/framework/src/Illuminate/Container/Container.php(1140): Illuminate/Cache/CacheServiceProvider->{closure:Illuminate/Cache/CacheServiceProvider::register():22}(Object(Illuminate/Foundation/Application), Array)
#11 C:/laragon/www/05ArjunaSatria/vendor/laravel/framework/src/Illuminate/Container/Container.php(939): Illuminate/Container/Container->build(Object(Closure))
#12 C:/laragon/www/05ArjunaSatria/vendor/laravel/framework/src/Illuminate/Foundation/Application.php(1085): Illuminate/Container/Container->resolve('cache.store', Array, true)
#13 C:/laragon/www/05ArjunaSatria/vendor/laravel/framework/src/Illuminate/Container/Container.php(867): Illuminate/Foundation/Application->resolve('cache.store', Array)
#14 C:/laragon/www/05ArjunaSatria/vendor/laravel/framework/src/Illuminate/Foundation/Application.php(1065): Illuminate/Container/Container->make('cache.store', Array)
#15 C:/laragon/www/05ArjunaSatria/vendor/laravel/framework/src/Illuminate/Container/Container.php(1846): Illuminate/Foundation/Application->make('cache.store')
#16 C:/laragon/www/05ArjunaSatria/vendor/laravel/framework/src/Illuminate/Foundation/Providers/ArtisanServiceProvider.php(735): Illuminate/Container/Container->offsetGet('cache.store')
#17 C:/laragon/www/05ArjunaSatria/vendor/laravel/framework/src/Illuminate/Container/Container.php(1140): Illuminate/Foundation/Providers/ArtisanServiceProvider->{closure:Illuminate/Foundation/Providers/ArtisanServiceProvider::registerQueueRestartCommand():734}(Object(Illuminate/Foundation/Application), Array)
#18 C:/laragon/www/05ArjunaSatria/vendor/laravel/framework/src/Illuminate/Container/Container.php(939): Illuminate/Container/Container->build(Object(Closure))
#19 C:/laragon/www/05ArjunaSatria/vendor/laravel/framework/src/Illuminate/Foundation/Application.php(1085): Illuminate/Container/Container->resolve('Illuminate//Queu...', Array, true)
#20 C:/laragon/www/05ArjunaSatria/vendor/laravel/framework/src/Illuminate/Container/Container.php(884): Illuminate/Foundation/Application->resolve('Illuminate//Queu...')
#21 C:/laragon/www/05ArjunaSatria/vendor/laravel/framework/src/Illuminate/Console/ContainerCommandLoader.php(52): Illuminate/Container/Container->get('Illuminate//Queu...')
#22 C:/laragon/www/05ArjunaSatria/vendor/symfony/console/Application.php(664): Illuminate/Console/ContainerCommandLoader->get('queue:restart')
#23 C:/laragon/www/05ArjunaSatria/vendor/symfony/console/Application.php(873): Symfony/Component/Console/Application->has('queue:restart')
#24 C:/laragon/www/05ArjunaSatria/vendor/symfony/console/Descriptor/ApplicationDescription.php(84): Symfony/Component/Console/Application->all(NULL)
#25 C:/laragon/www/05ArjunaSatria/vendor/symfony/console/Descriptor/ApplicationDescription.php(61): Symfony/Component/Console/Descriptor/ApplicationDescription->inspectApplication()
#26 C:/laragon/www/05ArjunaSatria/vendor/symfony/console/Descriptor/TextDescriptor.php(185): Symfony/Component/Console/Descriptor/ApplicationDescription->getCommands()
#27 C:/laragon/www/05ArjunaSatria/vendor/symfony/console/Descriptor/Descriptor.php(40): Symfony/Component/Console/Descriptor/TextDescriptor->describeApplication(Object(Illuminate/Console/Application), Array)
#28 C:/laragon/www/05ArjunaSatria/vendor/symfony/console/Helper/DescriptorHelper.php(67): Symfony/Component/Console/Descriptor/Descriptor->describe(Object(Symfony/Component/Console/Output/ConsoleOutput), Object(Illuminate/Console/Application), Array)
#29 C:/laragon/www/05ArjunaSatria/vendor/symfony/console/Command/ListCommand.php(63): Symfony/Component/Console/Helper/DescriptorHelper->describe(Object(Symfony/Component/Console/Output/ConsoleOutput), Object(Illuminate/Console/Application), Array)
#30 C:/laragon/www/05ArjunaSatria/vendor/symfony/console/Command/Command.php(285): Symfony/Component/Console/Command/ListCommand->execute(Object(Symfony/Component/Console/Input/ArgvInput), Object(Symfony/Component/Console/Output/ConsoleOutput))
#31 C:/laragon/www/05ArjunaSatria/vendor/symfony/console/Application.php(1144): Symfony/Component/Console/Command/Command->run(Object(Symfony/Component/Console/Input/ArgvInput), Object(Symfony/Component/Console/Output/ConsoleOutput))
#32 C:/laragon/www/05ArjunaSatria/vendor/symfony/console/Application.php(379): Symfony/Component/Console/Application->doRunCommand(Object(Symfony/Component/Console/Command/ListCommand), Object(Symfony/Component/Console/Input/ArgvInput), Object(Symfony/Component/Console/Output/ConsoleOutput))
#33 C:/laragon/www/05ArjunaSatria/vendor/symfony/console/Application.php(218): Symfony/Component/Console/Application->doRun(Object(Symfony/Component/Console/Input/ArgvInput), Object(Symfony/Component/Console/Output/ConsoleOutput))
#34 C:/laragon/www/05ArjunaSatria/vendor/laravel/framework/src/Illuminate/Foundation/Console/Kernel.php(198): Symfony/Component/Console/Application->run(Object(Symfony/Component/Console/Input/ArgvInput), Object(Symfony/Component/Console/Output/ConsoleOutput))
#35 Command line code(1): Illuminate/Foundation/Console/Kernel->handle(Object(Symfony/Component/Console/Input/ArgvInput), Object(Symfony/Component/Console/Output/ConsoleOutput))
#36 {main}
"} 
[2026-09-24 02:14:01] local.ERROR: The database configuration URL is malformed. {"exception":"[object] (InvalidArgumentException(code: 0): The database configuration URL is malformed. at C:/laragon/www/05ArjunaSatria/vendor/laravel/framework/src/Illuminate/Support/ConfigurationUrlParser.php:148)
[stacktrace]
#0 C:/laragon/www/05ArjunaSatria/vendor/laravel/framework/src/Illuminate/Support/ConfigurationUrlParser.php(51): Illuminate/Support/ConfigurationUrlParser->parseUrl('postgresql://po...')
#1 C:/laragon/www/05ArjunaSatria/vendor/laravel/framework/src/Illuminate/Database/DatabaseManager.php(230): Illuminate/Support/ConfigurationUrlParser->parseConfiguration(Array)
#2 C:/laragon/www/05ArjunaSatria/vendor/laravel/framework/src/Illuminate/Database/DatabaseManager.php(192): Illuminate/Database/DatabaseManager->configuration('pgsql')
#3 C:/laragon/www/05ArjunaSatria/vendor/laravel/framework/src/Illuminate/Database/DatabaseManager.php(103): Illuminate/Database/DatabaseManager->makeConnection('pgsql')
#4 C:/laragon/www/05ArjunaSatria/vendor/laravel/framework/src/Illuminate/Database/Migrations/Migrator.php(747): Illuminate/Database/DatabaseManager->connection('pgsql')
#5 C:/laragon/www/05ArjunaSatria/vendor/laravel/framework/src/Illuminate/Database/Migrations/Migrator.php(691): Illuminate/Database/Migrations/Migrator->directConnectionName('pgsql')
#6 C:/laragon/www/05ArjunaSatria/vendor/laravel/framework/src/Illuminate/Database/Migrations/Migrator.php(669): Illuminate/Database/Migrations/Migrator->setConnection(NULL)
#7 C:/laragon/www/05ArjunaSatria/vendor/laravel/framework/src/Illuminate/Database/Console/Migrations/FreshCommand.php(75): Illuminate/Database/Migrations/Migrator->usingConnection(NULL, Object(Closure))
#8 C:/laragon/www/05ArjunaSatria/vendor/laravel/framework/src/Illuminate/Container/BoundMethod.php(36): Illuminate/Database/Console/Migrations/FreshCommand->handle()
#9 C:/laragon/www/05ArjunaSatria/vendor/laravel/framework/src/Illuminate/Container/Util.php(43): Illuminate/Container/BoundMethod::{closure:Illuminate/Container/BoundMethod::call():35}()
#10 C:/laragon/www/05ArjunaSatria/vendor/laravel/framework/src/Illuminate/Container/BoundMethod.php(96): Illuminate/Container/Util::unwrapIfClosure(Object(Closure))
#11 C:/laragon/www/05ArjunaSatria/vendor/laravel/framework/src/Illuminate/Container/BoundMethod.php(35): Illuminate/Container/BoundMethod::callBoundMethod(Object(Illuminate/Foundation/Application), Array, Object(Closure))
#12 C:/laragon/www/05ArjunaSatria/vendor/laravel/framework/src/Illuminate/Container/Container.php(803): Illuminate/Container/BoundMethod::call(Object(Illuminate/Foundation/Application), Array, Array, NULL)
#13 C:/laragon/www/05ArjunaSatria/vendor/laravel/framework/src/Illuminate/Console/Command.php(292): Illuminate/Container/Container->call(Array)
#14 C:/laragon/www/05ArjunaSatria/vendor/symfony/console/Command/Command.php(285): Illuminate/Console/Command->execute(Object(Symfony/Component/Console/Input/ArgvInput), Object(Illuminate/Console/OutputStyle))
#15 C:/laragon/www/05ArjunaSatria/vendor/laravel/framework/src/Illuminate/Console/Command.php(261): Symfony/Component/Console/Command/Command->run(Object(Symfony/Component/Console/Input/ArgvInput), Object(Illuminate/Console/OutputStyle))
#16 C:/laragon/www/05ArjunaSatria/vendor/symfony/console/Application.php(1144): Illuminate/Console/Command->run(Object(Symfony/Component/Console/Input/ArgvInput), Object(Symfony/Component/Console/Output/ConsoleOutput))
#17 C:/laragon/www/05ArjunaSatria/vendor/symfony/console/Application.php(379): Symfony/Component/Console/Application->doRunCommand(Object(Illuminate/Database/Console/Migrations/FreshCommand), Object(Symfony/Component/Console/Input/ArgvInput), Object(Symfony/Component/Console/Output/ConsoleOutput))
#18 C:/laragon/www/05ArjunaSatria/vendor/symfony/console/Application.php(218): Symfony/Component/Console/Application->doRun(Object(Symfony/Component/Console/Input/ArgvInput), Object(Symfony/Component/Console/Output/ConsoleOutput))
#19 C:/laragon/www/05ArjunaSatria/vendor/laravel/framework/src/Illuminate/Foundation/Console/Kernel.php(198): Symfony/Component/Console/Application->run(Object(Symfony/Component/Console/Input/ArgvInput), Object(Symfony/Component/Console/Output/ConsoleOutput))
#20 C:/laragon/www/05ArjunaSatria/vendor/laravel/framework/src/Illuminate/Foundation/Application.php(1242): Illuminate/Foundation/Console/Kernel->handle(Object(Symfony/Component/Console/Input/ArgvInput), Object(Symfony/Component/Console/Output/ConsoleOutput))
#21 C:/laragon/www/05ArjunaSatria/artisan(16): Illuminate/Foundation/Application->handleCommand(Object(Symfony/Component/Console/Input/ArgvInput))
#22 {main}
"} 
[2026-09-24 02:14:47] local.ERROR: The database configuration URL is malformed. {"exception":"[object] (InvalidArgumentException(code: 0): The database configuration URL is malformed. at C:/laragon/www/05ArjunaSatria/vendor/laravel/framework/src/Illuminate/Support/ConfigurationUrlParser.php:148)
[stacktrace]
#0 C:/laragon/www/05ArjunaSatria/vendor/laravel/framework/src/Illuminate/Support/ConfigurationUrlParser.php(51): Illuminate/Support/ConfigurationUrlParser->parseUrl('postgresql://po...')
#1 C:/laragon/www/05ArjunaSatria/vendor/laravel/framework/src/Illuminate/Database/DatabaseManager.php(230): Illuminate/Support/ConfigurationUrlParser->parseConfiguration(Array)
#2 C:/laragon/www/05ArjunaSatria/vendor/laravel/framework/src/Illuminate/Database/DatabaseManager.php(192): Illuminate/Database/DatabaseManager->configuration('pgsql')
#3 C:/laragon/www/05ArjunaSatria/vendor/laravel/framework/src/Illuminate/Database/DatabaseManager.php(103): Illuminate/Database/DatabaseManager->makeConnection('pgsql')
#4 C:/laragon/www/05ArjunaSatria/vendor/laravel/framework/src/Illuminate/Database/Migrations/Migrator.php(747): Illuminate/Database/DatabaseManager->connection('pgsql')
#5 C:/laragon/www/05ArjunaSatria/vendor/laravel/framework/src/Illuminate/Database/Migrations/Migrator.php(691): Illuminate/Database/Migrations/Migrator->directConnectionName('pgsql')
#6 C:/laragon/www/05ArjunaSatria/vendor/laravel/framework/src/Illuminate/Database/Migrations/Migrator.php(669): Illuminate/Database/Migrations/Migrator->setConnection(NULL)
#7 C:/laragon/www/05ArjunaSatria/vendor/laravel/framework/src/Illuminate/Database/Console/Migrations/FreshCommand.php(75): Illuminate/Database/Migrations/Migrator->usingConnection(NULL, Object(Closure))
#8 C:/laragon/www/05ArjunaSatria/vendor/laravel/framework/src/Illuminate/Container/BoundMethod.php(36): Illuminate/Database/Console/Migrations/FreshCommand->handle()
#9 C:/laragon/www/05ArjunaSatria/vendor/laravel/framework/src/Illuminate/Container/Util.php(43): Illuminate/Container/BoundMethod::{closure:Illuminate/Container/BoundMethod::call():35}()
#10 C:/laragon/www/05ArjunaSatria/vendor/laravel/framework/src/Illuminate/Container/BoundMethod.php(96): Illuminate/Container/Util::unwrapIfClosure(Object(Closure))
#11 C:/laragon/www/05ArjunaSatria/vendor/laravel/framework/src/Illuminate/Container/BoundMethod.php(35): Illuminate/Container/BoundMethod::callBoundMethod(Object(Illuminate/Foundation/Application), Array, Object(Closure))
#12 C:/laragon/www/05ArjunaSatria/vendor/laravel/framework/src/Illuminate/Container/Container.php(803): Illuminate/Container/BoundMethod::call(Object(Illuminate/Foundation/Application), Array, Array, NULL)
#13 C:/laragon/www/05ArjunaSatria/vendor/laravel/framework/src/Illuminate/Console/Command.php(292): Illuminate/Container/Container->call(Array)
#14 C:/laragon/www/05ArjunaSatria/vendor/symfony/console/Command/Command.php(285): Illuminate/Console/Command->execute(Object(Symfony/Component/Console/Input/ArgvInput), Object(Illuminate/Console/OutputStyle))
#15 C:/laragon/www/05ArjunaSatria/vendor/laravel/framework/src/Illuminate/Console/Command.php(261): Symfony/Component/Console/Command/Command->run(Object(Symfony/Component/Console/Input/ArgvInput), Object(Illuminate/Console/OutputStyle))
#16 C:/laragon/www/05ArjunaSatria/vendor/symfony/console/Application.php(1144): Illuminate/Console/Command->run(Object(Symfony/Component/Console/Input/ArgvInput), Object(Symfony/Component/Console/Output/ConsoleOutput))
#17 C:/laragon/www/05ArjunaSatria/vendor/symfony/console/Application.php(379): Symfony/Component/Console/Application->doRunCommand(Object(Illuminate/Database/Console/Migrations/FreshCommand), Object(Symfony/Component/Console/Input/ArgvInput), Object(Symfony/Component/Console/Output/ConsoleOutput))
#18 C:/laragon/www/05ArjunaSatria/vendor/symfony/console/Application.php(218): Symfony/Component/Console/Application->doRun(Object(Symfony/Component/Console/Input/ArgvInput), Object(Symfony/Component/Console/Output/ConsoleOutput))
#19 C:/laragon/www/05ArjunaSatria/vendor/laravel/framework/src/Illuminate/Foundation/Console/Kernel.php(198): Symfony/Component/Console/Application->run(Object(Symfony/Component/Console/Input/ArgvInput), Object(Symfony/Component/Console/Output/ConsoleOutput))
#20 C:/laragon/www/05ArjunaSatria/vendor/laravel/framework/src/Illuminate/Foundation/Application.php(1242): Illuminate/Foundation/Console/Kernel->handle(Object(Symfony/Component/Console/Input/ArgvInput), Object(Symfony/Component/Console/Output/ConsoleOutput))
#21 C:/laragon/www/05ArjunaSatria/artisan(16): Illuminate/Foundation/Application->handleCommand(Object(Symfony/Component/Console/Input/ArgvInput))
#22 {main}
"} 
[2026-09-24 02:14:50] local.ERROR: The database configuration URL is malformed. {"exception":"[object] (InvalidArgumentException(code: 0): The database configuration URL is malformed. at C:/laragon/www/05ArjunaSatria/vendor/laravel/framework/src/Illuminate/Support/ConfigurationUrlParser.php:148)
[stacktrace]
#0 C:/laragon/www/05ArjunaSatria/vendor/laravel/framework/src/Illuminate/Support/ConfigurationUrlParser.php(51): Illuminate/Support/ConfigurationUrlParser->parseUrl('postgresql://po...')
#1 C:/laragon/www/05ArjunaSatria/vendor/laravel/framework/src/Illuminate/Database/DatabaseManager.php(230): Illuminate/Support/ConfigurationUrlParser->parseConfiguration(Array)
#2 C:/laragon/www/05ArjunaSatria/vendor/laravel/framework/src/Illuminate/Database/DatabaseManager.php(192): Illuminate/Database/DatabaseManager->configuration('pgsql')
#3 C:/laragon/www/05ArjunaSatria/vendor/laravel/framework/src/Illuminate/Database/DatabaseManager.php(103): Illuminate/Database/DatabaseManager->makeConnection('pgsql')
#4 C:/laragon/www/05ArjunaSatria/vendor/laravel/framework/src/Illuminate/Cache/CacheManager.php(200): Illuminate/Database/DatabaseManager->connection('pgsql')
#5 C:/laragon/www/05ArjunaSatria/vendor/laravel/framework/src/Illuminate/Cache/CacheManager.php(148): Illuminate/Cache/CacheManager->createDatabaseDriver(Array)
#6 C:/laragon/www/05ArjunaSatria/vendor/laravel/framework/src/Illuminate/Cache/CacheManager.php(126): Illuminate/Cache/CacheManager->build(Array)
#7 C:/laragon/www/05ArjunaSatria/vendor/laravel/framework/src/Illuminate/Cache/CacheManager.php(69): Illuminate/Cache/CacheManager->resolve('database')
#8 C:/laragon/www/05ArjunaSatria/vendor/laravel/framework/src/Illuminate/Cache/CacheManager.php(80): Illuminate/Cache/CacheManager->store('database')
#9 C:/laragon/www/05ArjunaSatria/vendor/laravel/framework/src/Illuminate/Cache/CacheServiceProvider.php(23): Illuminate/Cache/CacheManager->driver()
#10 C:/laragon/www/05ArjunaSatria/vendor/laravel/framework/src/Illuminate/Container/Container.php(1140): Illuminate/Cache/CacheServiceProvider->{closure:Illuminate/Cache/CacheServiceProvider::register():22}(Object(Illuminate/Foundation/Application), Array)
#11 C:/laragon/www/05ArjunaSatria/vendor/laravel/framework/src/Illuminate/Container/Container.php(939): Illuminate/Container/Container->build(Object(Closure))
#12 C:/laragon/www/05ArjunaSatria/vendor/laravel/framework/src/Illuminate/Foundation/Application.php(1085): Illuminate/Container/Container->resolve('cache.store', Array, true)
#13 C:/laragon/www/05ArjunaSatria/vendor/laravel/framework/src/Illuminate/Container/Container.php(867): Illuminate/Foundation/Application->resolve('cache.store', Array)
#14 C:/laragon/www/05ArjunaSatria/vendor/laravel/framework/src/Illuminate/Foundation/Application.php(1065): Illuminate/Container/Container->make('cache.store', Array)
#15 C:/laragon/www/05ArjunaSatria/vendor/laravel/framework/src/Illuminate/Container/Container.php(1846): Illuminate/Foundation/Application->make('cache.store')
#16 C:/laragon/www/05ArjunaSatria/vendor/laravel/framework/src/Illuminate/Foundation/Providers/ArtisanServiceProvider.php(735): Illuminate/Container/Container->offsetGet('cache.store')
#17 C:/laragon/www/05ArjunaSatria/vendor/laravel/framework/src/Illuminate/Container/Container.php(1140): Illuminate/Foundation/Providers/ArtisanServiceProvider->{closure:Illuminate/Foundation/Providers/ArtisanServiceProvider::registerQueueRestartCommand():734}(Object(Illuminate/Foundation/Application), Array)
#18 C:/laragon/www/05ArjunaSatria/vendor/laravel/framework/src/Illuminate/Container/Container.php(939): Illuminate/Container/Container->build(Object(Closure))
#19 C:/laragon/www/05ArjunaSatria/vendor/laravel/framework/src/Illuminate/Foundation/Application.php(1085): Illuminate/Container/Container->resolve('Illuminate//Queu...', Array, true)
#20 C:/laragon/www/05ArjunaSatria/vendor/laravel/framework/src/Illuminate/Container/Container.php(884): Illuminate/Foundation/Application->resolve('Illuminate//Queu...')
#21 C:/laragon/www/05ArjunaSatria/vendor/laravel/framework/src/Illuminate/Console/ContainerCommandLoader.php(52): Illuminate/Container/Container->get('Illuminate//Queu...')
#22 C:/laragon/www/05ArjunaSatria/vendor/symfony/console/Application.php(664): Illuminate/Console/ContainerCommandLoader->get('queue:restart')
#23 C:/laragon/www/05ArjunaSatria/vendor/symfony/console/Application.php(873): Symfony/Component/Console/Application->has('queue:restart')
#24 C:/laragon/www/05ArjunaSatria/vendor/symfony/console/Descriptor/ApplicationDescription.php(84): Symfony/Component/Console/Application->all(NULL)
#25 C:/laragon/www/05ArjunaSatria/vendor/symfony/console/Descriptor/ApplicationDescription.php(61): Symfony/Component/Console/Descriptor/ApplicationDescription->inspectApplication()
#26 C:/laragon/www/05ArjunaSatria/vendor/symfony/console/Descriptor/TextDescriptor.php(185): Symfony/Component/Console/Descriptor/ApplicationDescription->getCommands()
#27 C:/laragon/www/05ArjunaSatria/vendor/symfony/console/Descriptor/Descriptor.php(40): Symfony/Component/Console/Descriptor/TextDescriptor->describeApplication(Object(Illuminate/Console/Application), Array)
#28 C:/laragon/www/05ArjunaSatria/vendor/symfony/console/Helper/DescriptorHelper.php(67): Symfony/Component/Console/Descriptor/Descriptor->describe(Object(Symfony/Component/Console/Output/ConsoleOutput), Object(Illuminate/Console/Application), Array)
#29 C:/laragon/www/05ArjunaSatria/vendor/symfony/console/Command/ListCommand.php(63): Symfony/Component/Console/Helper/DescriptorHelper->describe(Object(Symfony/Component/Console/Output/ConsoleOutput), Object(Illuminate/Console/Application), Array)
#30 C:/laragon/www/05ArjunaSatria/vendor/symfony/console/Command/Command.php(285): Symfony/Component/Console/Command/ListCommand->execute(Object(Symfony/Component/Console/Input/ArgvInput), Object(Symfony/Component/Console/Output/ConsoleOutput))
#31 C:/laragon/www/05ArjunaSatria/vendor/symfony/console/Application.php(1144): Symfony/Component/Console/Command/Command->run(Object(Symfony/Component/Console/Input/ArgvInput), Object(Symfony/Component/Console/Output/ConsoleOutput))
#32 C:/laragon/www/05ArjunaSatria/vendor/symfony/console/Application.php(379): Symfony/Component/Console/Application->doRunCommand(Object(Symfony/Component/Console/Command/ListCommand), Object(Symfony/Component/Console/Input/ArgvInput), Object(Symfony/Component/Console/Output/ConsoleOutput))
#33 C:/laragon/www/05ArjunaSatria/vendor/symfony/console/Application.php(218): Symfony/Component/Console/Application->doRun(Object(Symfony/Component/Console/Input/ArgvInput), Object(Symfony/Component/Console/Output/ConsoleOutput))
#34 C:/laragon/www/05ArjunaSatria/vendor/laravel/framework/src/Illuminate/Foundation/Console/Kernel.php(198): Symfony/Component/Console/Application->run(Object(Symfony/Component/Console/Input/ArgvInput), Object(Symfony/Component/Console/Output/ConsoleOutput))
#35 Command line code(1): Illuminate/Foundation/Console/Kernel->handle(Object(Symfony/Component/Console/Input/ArgvInput), Object(Symfony/Component/Console/Output/ConsoleOutput))
#36 {main}
"} 
[2026-09-24 02:15:01] local.ERROR: The database configuration URL is malformed. {"exception":"[object] (InvalidArgumentException(code: 0): The database configuration URL is malformed. at C:/laragon/www/05ArjunaSatria/vendor/laravel/framework/src/Illuminate/Support/ConfigurationUrlParser.php:148)
[stacktrace]
#0 C:/laragon/www/05ArjunaSatria/vendor/laravel/framework/src/Illuminate/Support/ConfigurationUrlParser.php(51): Illuminate/Support/ConfigurationUrlParser->parseUrl('postgresql://po...')
#1 C:/laragon/www/05ArjunaSatria/vendor/laravel/framework/src/Illuminate/Database/DatabaseManager.php(230): Illuminate/Support/ConfigurationUrlParser->parseConfiguration(Array)
#2 C:/laragon/www/05ArjunaSatria/vendor/laravel/framework/src/Illuminate/Database/DatabaseManager.php(192): Illuminate/Database/DatabaseManager->configuration('pgsql')
#3 C:/laragon/www/05ArjunaSatria/vendor/laravel/framework/src/Illuminate/Database/DatabaseManager.php(103): Illuminate/Database/DatabaseManager->makeConnection('pgsql')
#4 C:/laragon/www/05ArjunaSatria/vendor/laravel/framework/src/Illuminate/Cache/CacheManager.php(200): Illuminate/Database/DatabaseManager->connection('pgsql')
#5 C:/laragon/www/05ArjunaSatria/vendor/laravel/framework/src/Illuminate/Cache/CacheManager.php(148): Illuminate/Cache/CacheManager->createDatabaseDriver(Array)
#6 C:/laragon/www/05ArjunaSatria/vendor/laravel/framework/src/Illuminate/Cache/CacheManager.php(126): Illuminate/Cache/CacheManager->build(Array)
#7 C:/laragon/www/05ArjunaSatria/vendor/laravel/framework/src/Illuminate/Cache/CacheManager.php(69): Illuminate/Cache/CacheManager->resolve('database')
#8 C:/laragon/www/05ArjunaSatria/vendor/laravel/framework/src/Illuminate/Cache/CacheManager.php(80): Illuminate/Cache/CacheManager->store('database')
#9 C:/laragon/www/05ArjunaSatria/vendor/laravel/framework/src/Illuminate/Cache/CacheServiceProvider.php(23): Illuminate/Cache/CacheManager->driver()
#10 C:/laragon/www/05ArjunaSatria/vendor/laravel/framework/src/Illuminate/Container/Container.php(1140): Illuminate/Cache/CacheServiceProvider->{closure:Illuminate/Cache/CacheServiceProvider::register():22}(Object(Illuminate/Foundation/Application), Array)
#11 C:/laragon/www/05ArjunaSatria/vendor/laravel/framework/src/Illuminate/Container/Container.php(939): Illuminate/Container/Container->build(Object(Closure))
#12 C:/laragon/www/05ArjunaSatria/vendor/laravel/framework/src/Illuminate/Foundation/Application.php(1085): Illuminate/Container/Container->resolve('cache.store', Array, true)
#13 C:/laragon/www/05ArjunaSatria/vendor/laravel/framework/src/Illuminate/Container/Container.php(867): Illuminate/Foundation/Application->resolve('cache.store', Array)
#14 C:/laragon/www/05ArjunaSatria/vendor/laravel/framework/src/Illuminate/Foundation/Application.php(1065): Illuminate/Container/Container->make('cache.store', Array)
#15 C:/laragon/www/05ArjunaSatria/vendor/laravel/framework/src/Illuminate/Container/Container.php(1846): Illuminate/Foundation/Application->make('cache.store')
#16 C:/laragon/www/05ArjunaSatria/vendor/laravel/framework/src/Illuminate/Foundation/Providers/ArtisanServiceProvider.php(735): Illuminate/Container/Container->offsetGet('cache.store')
#17 C:/laragon/www/05ArjunaSatria/vendor/laravel/framework/src/Illuminate/Container/Container.php(1140): Illuminate/Foundation/Providers/ArtisanServiceProvider->{closure:Illuminate/Foundation/Providers/ArtisanServiceProvider::registerQueueRestartCommand():734}(Object(Illuminate/Foundation/Application), Array)
#18 C:/laragon/www/05ArjunaSatria/vendor/laravel/framework/src/Illuminate/Container/Container.php(939): Illuminate/Container/Container->build(Object(Closure))
#19 C:/laragon/www/05ArjunaSatria/vendor/laravel/framework/src/Illuminate/Foundation/Application.php(1085): Illuminate/Container/Container->resolve('Illuminate//Queu...', Array, true)
#20 C:/laragon/www/05ArjunaSatria/vendor/laravel/framework/src/Illuminate/Container/Container.php(884): Illuminate/Foundation/Application->resolve('Illuminate//Queu...')
#21 C:/laragon/www/05ArjunaSatria/vendor/laravel/framework/src/Illuminate/Console/ContainerCommandLoader.php(52): Illuminate/Container/Container->get('Illuminate//Queu...')
#22 C:/laragon/www/05ArjunaSatria/vendor/symfony/console/Application.php(664): Illuminate/Console/ContainerCommandLoader->get('queue:restart')
#23 C:/laragon/www/05ArjunaSatria/vendor/symfony/console/Application.php(873): Symfony/Component/Console/Application->has('queue:restart')
#24 C:/laragon/www/05ArjunaSatria/vendor/symfony/console/Descriptor/ApplicationDescription.php(84): Symfony/Component/Console/Application->all(NULL)
#25 C:/laragon/www/05ArjunaSatria/vendor/symfony/console/Descriptor/ApplicationDescription.php(61): Symfony/Component/Console/Descriptor/ApplicationDescription->inspectApplication()
#26 C:/laragon/www/05ArjunaSatria/vendor/symfony/console/Descriptor/TextDescriptor.php(185): Symfony/Component/Console/Descriptor/ApplicationDescription->getCommands()
#27 C:/laragon/www/05ArjunaSatria/vendor/symfony/console/Descriptor/Descriptor.php(40): Symfony/Component/Console/Descriptor/TextDescriptor->describeApplication(Object(Illuminate/Console/Application), Array)
#28 C:/laragon/www/05ArjunaSatria/vendor/symfony/console/Helper/DescriptorHelper.php(67): Symfony/Component/Console/Descriptor/Descriptor->describe(Object(Symfony/Component/Console/Output/ConsoleOutput), Object(Illuminate/Console/Application), Array)
#29 C:/laragon/www/05ArjunaSatria/vendor/symfony/console/Command/ListCommand.php(63): Symfony/Component/Console/Helper/DescriptorHelper->describe(Object(Symfony/Component/Console/Output/ConsoleOutput), Object(Illuminate/Console/Application), Array)
#30 C:/laragon/www/05ArjunaSatria/vendor/symfony/console/Command/Command.php(285): Symfony/Component/Console/Command/ListCommand->execute(Object(Symfony/Component/Console/Input/ArgvInput), Object(Symfony/Component/Console/Output/ConsoleOutput))
#31 C:/laragon/www/05ArjunaSatria/vendor/symfony/console/Application.php(1144): Symfony/Component/Console/Command/Command->run(Object(Symfony/Component/Console/Input/ArgvInput), Object(Symfony/Component/Console/Output/ConsoleOutput))
#32 C:/laragon/www/05ArjunaSatria/vendor/symfony/console/Application.php(379): Symfony/Component/Console/Application->doRunCommand(Object(Symfony/Component/Console/Command/ListCommand), Object(Symfony/Component/Console/Input/ArgvInput), Object(Symfony/Component/Console/Output/ConsoleOutput))
#33 C:/laragon/www/05ArjunaSatria/vendor/symfony/console/Application.php(218): Symfony/Component/Console/Application->doRun(Object(Symfony/Component/Console/Input/ArgvInput), Object(Symfony/Component/Console/Output/ConsoleOutput))
#34 C:/laragon/www/05ArjunaSatria/vendor/laravel/framework/src/Illuminate/Foundation/Console/Kernel.php(198): Symfony/Component/Console/Application->run(Object(Symfony/Component/Console/Input/ArgvInput), Object(Symfony/Component/Console/Output/ConsoleOutput))
#35 Command line code(1): Illuminate/Foundation/Console/Kernel->handle(Object(Symfony/Component/Console/Input/ArgvInput), Object(Symfony/Component/Console/Output/ConsoleOutput))
#36 {main}
"} 
[2026-09-24 02:15:03] local.ERROR: The database configuration URL is malformed. {"exception":"[object] (InvalidArgumentException(code: 0): The database configuration URL is malformed. at C:/laragon/www/05ArjunaSatria/vendor/laravel/framework/src/Illuminate/Support/ConfigurationUrlParser.php:148)
[stacktrace]
#0 C:/laragon/www/05ArjunaSatria/vendor/laravel/framework/src/Illuminate/Support/ConfigurationUrlParser.php(51): Illuminate/Support/ConfigurationUrlParser->parseUrl('postgresql://po...')
#1 C:/laragon/www/05ArjunaSatria/vendor/laravel/framework/src/Illuminate/Database/DatabaseManager.php(230): Illuminate/Support/ConfigurationUrlParser->parseConfiguration(Array)
#2 C:/laragon/www/05ArjunaSatria/vendor/laravel/framework/src/Illuminate/Database/DatabaseManager.php(192): Illuminate/Database/DatabaseManager->configuration('pgsql')
#3 C:/laragon/www/05ArjunaSatria/vendor/laravel/framework/src/Illuminate/Database/DatabaseManager.php(103): Illuminate/Database/DatabaseManager->makeConnection('pgsql')
#4 C:/laragon/www/05ArjunaSatria/vendor/laravel/framework/src/Illuminate/Cache/CacheManager.php(200): Illuminate/Database/DatabaseManager->connection('pgsql')
#5 C:/laragon/www/05ArjunaSatria/vendor/laravel/framework/src/Illuminate/Cache/CacheManager.php(148): Illuminate/Cache/CacheManager->createDatabaseDriver(Array)
#6 C:/laragon/www/05ArjunaSatria/vendor/laravel/framework/src/Illuminate/Cache/CacheManager.php(126): Illuminate/Cache/CacheManager->build(Array)
#7 C:/laragon/www/05ArjunaSatria/vendor/laravel/framework/src/Illuminate/Cache/CacheManager.php(69): Illuminate/Cache/CacheManager->resolve('database')
#8 C:/laragon/www/05ArjunaSatria/vendor/laravel/framework/src/Illuminate/Cache/CacheManager.php(80): Illuminate/Cache/CacheManager->store('database')
#9 C:/laragon/www/05ArjunaSatria/vendor/laravel/framework/src/Illuminate/Cache/CacheServiceProvider.php(23): Illuminate/Cache/CacheManager->driver()
#10 C:/laragon/www/05ArjunaSatria/vendor/laravel/framework/src/Illuminate/Container/Container.php(1140): Illuminate/Cache/CacheServiceProvider->{closure:Illuminate/Cache/CacheServiceProvider::register():22}(Object(Illuminate/Foundation/Application), Array)
#11 C:/laragon/www/05ArjunaSatria/vendor/laravel/framework/src/Illuminate/Container/Container.php(939): Illuminate/Container/Container->build(Object(Closure))
#12 C:/laragon/www/05ArjunaSatria/vendor/laravel/framework/src/Illuminate/Foundation/Application.php(1085): Illuminate/Container/Container->resolve('cache.store', Array, true)
#13 C:/laragon/www/05ArjunaSatria/vendor/laravel/framework/src/Illuminate/Container/Container.php(867): Illuminate/Foundation/Application->resolve('cache.store', Array)
#14 C:/laragon/www/05ArjunaSatria/vendor/laravel/framework/src/Illuminate/Foundation/Application.php(1065): Illuminate/Container/Container->make('cache.store', Array)
#15 C:/laragon/www/05ArjunaSatria/vendor/laravel/framework/src/Illuminate/Container/Container.php(1846): Illuminate/Foundation/Application->make('cache.store')
#16 C:/laragon/www/05ArjunaSatria/vendor/laravel/framework/src/Illuminate/Foundation/Providers/ArtisanServiceProvider.php(735): Illuminate/Container/Container->offsetGet('cache.store')
#17 C:/laragon/www/05ArjunaSatria/vendor/laravel/framework/src/Illuminate/Container/Container.php(1140): Illuminate/Foundation/Providers/ArtisanServiceProvider->{closure:Illuminate/Foundation/Providers/ArtisanServiceProvider::registerQueueRestartCommand():734}(Object(Illuminate/Foundation/Application), Array)
#18 C:/laragon/www/05ArjunaSatria/vendor/laravel/framework/src/Illuminate/Container/Container.php(939): Illuminate/Container/Container->build(Object(Closure))
#19 C:/laragon/www/05ArjunaSatria/vendor/laravel/framework/src/Illuminate/Foundation/Application.php(1085): Illuminate/Container/Container->resolve('Illuminate//Queu...', Array, true)
#20 C:/laragon/www/05ArjunaSatria/vendor/laravel/framework/src/Illuminate/Container/Container.php(884): Illuminate/Foundation/Application->resolve('Illuminate//Queu...')
#21 C:/laragon/www/05ArjunaSatria/vendor/laravel/framework/src/Illuminate/Console/ContainerCommandLoader.php(52): Illuminate/Container/Container->get('Illuminate//Queu...')
#22 C:/laragon/www/05ArjunaSatria/vendor/symfony/console/Application.php(664): Illuminate/Console/ContainerCommandLoader->get('queue:restart')
#23 C:/laragon/www/05ArjunaSatria/vendor/symfony/console/Application.php(873): Symfony/Component/Console/Application->has('queue:restart')
#24 C:/laragon/www/05ArjunaSatria/vendor/symfony/console/Descriptor/ApplicationDescription.php(84): Symfony/Component/Console/Application->all(NULL)
#25 C:/laragon/www/05ArjunaSatria/vendor/symfony/console/Descriptor/ApplicationDescription.php(61): Symfony/Component/Console/Descriptor/ApplicationDescription->inspectApplication()
#26 C:/laragon/www/05ArjunaSatria/vendor/symfony/console/Descriptor/TextDescriptor.php(185): Symfony/Component/Console/Descriptor/ApplicationDescription->getCommands()
#27 C:/laragon/www/05ArjunaSatria/vendor/symfony/console/Descriptor/Descriptor.php(40): Symfony/Component/Console/Descriptor/TextDescriptor->describeApplication(Object(Illuminate/Console/Application), Array)
#28 C:/laragon/www/05ArjunaSatria/vendor/symfony/console/Helper/DescriptorHelper.php(67): Symfony/Component/Console/Descriptor/Descriptor->describe(Object(Symfony/Component/Console/Output/ConsoleOutput), Object(Illuminate/Console/Application), Array)
#29 C:/laragon/www/05ArjunaSatria/vendor/symfony/console/Command/ListCommand.php(63): Symfony/Component/Console/Helper/DescriptorHelper->describe(Object(Symfony/Component/Console/Output/ConsoleOutput), Object(Illuminate/Console/Application), Array)
#30 C:/laragon/www/05ArjunaSatria/vendor/symfony/console/Command/Command.php(285): Symfony/Component/Console/Command/ListCommand->execute(Object(Symfony/Component/Console/Input/ArgvInput), Object(Symfony/Component/Console/Output/ConsoleOutput))
#31 C:/laragon/www/05ArjunaSatria/vendor/symfony/console/Application.php(1144): Symfony/Component/Console/Command/Command->run(Object(Symfony/Component/Console/Input/ArgvInput), Object(Symfony/Component/Console/Output/ConsoleOutput))
#32 C:/laragon/www/05ArjunaSatria/vendor/symfony/console/Application.php(379): Symfony/Component/Console/Application->doRunCommand(Object(Symfony/Component/Console/Command/ListCommand), Object(Symfony/Component/Console/Input/ArgvInput), Object(Symfony/Component/Console/Output/ConsoleOutput))
#33 C:/laragon/www/05ArjunaSatria/vendor/symfony/console/Application.php(218): Symfony/Component/Console/Application->doRun(Object(Symfony/Component/Console/Input/ArgvInput), Object(Symfony/Component/Console/Output/ConsoleOutput))
#34 C:/laragon/www/05ArjunaSatria/vendor/laravel/framework/src/Illuminate/Foundation/Console/Kernel.php(198): Symfony/Component/Console/Application->run(Object(Symfony/Component/Console/Input/ArgvInput), Object(Symfony/Component/Console/Output/ConsoleOutput))
#35 Command line code(1): Illuminate/Foundation/Console/Kernel->handle(Object(Symfony/Component/Console/Input/ArgvInput), Object(Symfony/Component/Console/Output/ConsoleOutput))
#36 {main}
"} 
[2026-09-24 02:15:14] local.ERROR: The database configuration URL is malformed. {"exception":"[object] (InvalidArgumentException(code: 0): The database configuration URL is malformed. at C:/laragon/www/05ArjunaSatria/vendor/laravel/framework/src/Illuminate/Support/ConfigurationUrlParser.php:148)
[stacktrace]
#0 C:/laragon/www/05ArjunaSatria/vendor/laravel/framework/src/Illuminate/Support/ConfigurationUrlParser.php(51): Illuminate/Support/ConfigurationUrlParser->parseUrl('postgresql://po...')
#1 C:/laragon/www/05ArjunaSatria/vendor/laravel/framework/src/Illuminate/Database/DatabaseManager.php(230): Illuminate/Support/ConfigurationUrlParser->parseConfiguration(Array)
#2 C:/laragon/www/05ArjunaSatria/vendor/laravel/framework/src/Illuminate/Database/DatabaseManager.php(192): Illuminate/Database/DatabaseManager->configuration('pgsql')
#3 C:/laragon/www/05ArjunaSatria/vendor/laravel/framework/src/Illuminate/Database/DatabaseManager.php(103): Illuminate/Database/DatabaseManager->makeConnection('pgsql')
#4 C:/laragon/www/05ArjunaSatria/vendor/laravel/framework/src/Illuminate/Database/Migrations/Migrator.php(747): Illuminate/Database/DatabaseManager->connection('pgsql')
#5 C:/laragon/www/05ArjunaSatria/vendor/laravel/framework/src/Illuminate/Database/Migrations/Migrator.php(691): Illuminate/Database/Migrations/Migrator->directConnectionName('pgsql')
#6 C:/laragon/www/05ArjunaSatria/vendor/laravel/framework/src/Illuminate/Database/Migrations/Migrator.php(669): Illuminate/Database/Migrations/Migrator->setConnection(NULL)
#7 C:/laragon/www/05ArjunaSatria/vendor/laravel/framework/src/Illuminate/Database/Console/Migrations/FreshCommand.php(75): Illuminate/Database/Migrations/Migrator->usingConnection(NULL, Object(Closure))
#8 C:/laragon/www/05ArjunaSatria/vendor/laravel/framework/src/Illuminate/Container/BoundMethod.php(36): Illuminate/Database/Console/Migrations/FreshCommand->handle()
#9 C:/laragon/www/05ArjunaSatria/vendor/laravel/framework/src/Illuminate/Container/Util.php(43): Illuminate/Container/BoundMethod::{closure:Illuminate/Container/BoundMethod::call():35}()
#10 C:/laragon/www/05ArjunaSatria/vendor/laravel/framework/src/Illuminate/Container/BoundMethod.php(96): Illuminate/Container/Util::unwrapIfClosure(Object(Closure))
#11 C:/laragon/www/05ArjunaSatria/vendor/laravel/framework/src/Illuminate/Container/BoundMethod.php(35): Illuminate/Container/BoundMethod::callBoundMethod(Object(Illuminate/Foundation/Application), Array, Object(Closure))
#12 C:/laragon/www/05ArjunaSatria/vendor/laravel/framework/src/Illuminate/Container/Container.php(803): Illuminate/Container/BoundMethod::call(Object(Illuminate/Foundation/Application), Array, Array, NULL)
#13 C:/laragon/www/05ArjunaSatria/vendor/laravel/framework/src/Illuminate/Console/Command.php(292): Illuminate/Container/Container->call(Array)
#14 C:/laragon/www/05ArjunaSatria/vendor/symfony/console/Command/Command.php(285): Illuminate/Console/Command->execute(Object(Symfony/Component/Console/Input/ArgvInput), Object(Illuminate/Console/OutputStyle))
#15 C:/laragon/www/05ArjunaSatria/vendor/laravel/framework/src/Illuminate/Console/Command.php(261): Symfony/Component/Console/Command/Command->run(Object(Symfony/Component/Console/Input/ArgvInput), Object(Illuminate/Console/OutputStyle))
#16 C:/laragon/www/05ArjunaSatria/vendor/symfony/console/Application.php(1144): Illuminate/Console/Command->run(Object(Symfony/Component/Console/Input/ArgvInput), Object(Symfony/Component/Console/Output/ConsoleOutput))
#17 C:/laragon/www/05ArjunaSatria/vendor/symfony/console/Application.php(379): Symfony/Component/Console/Application->doRunCommand(Object(Illuminate/Database/Console/Migrations/FreshCommand), Object(Symfony/Component/Console/Input/ArgvInput), Object(Symfony/Component/Console/Output/ConsoleOutput))
#18 C:/laragon/www/05ArjunaSatria/vendor/symfony/console/Application.php(218): Symfony/Component/Console/Application->doRun(Object(Symfony/Component/Console/Input/ArgvInput), Object(Symfony/Component/Console/Output/ConsoleOutput))
#19 C:/laragon/www/05ArjunaSatria/vendor/laravel/framework/src/Illuminate/Foundation/Console/Kernel.php(198): Symfony/Component/Console/Application->run(Object(Symfony/Component/Console/Input/ArgvInput), Object(Symfony/Component/Console/Output/ConsoleOutput))
#20 C:/laragon/www/05ArjunaSatria/vendor/laravel/framework/src/Illuminate/Foundation/Application.php(1242): Illuminate/Foundation/Console/Kernel->handle(Object(Symfony/Component/Console/Input/ArgvInput), Object(Symfony/Component/Console/Output/ConsoleOutput))
#21 C:/laragon/www/05ArjunaSatria/artisan(16): Illuminate/Foundation/Application->handleCommand(Object(Symfony/Component/Console/Input/ArgvInput))
#22 {main}
"} 
[2026-09-24 02:16:01] local.ERROR: The database configuration URL is malformed. {"exception":"[object] (InvalidArgumentException(code: 0): The database configuration URL is malformed. at C:/laragon/www/05ArjunaSatria/vendor/laravel/framework/src/Illuminate/Support/ConfigurationUrlParser.php:148)
[stacktrace]
#0 C:/laragon/www/05ArjunaSatria/vendor/laravel/framework/src/Illuminate/Support/ConfigurationUrlParser.php(51): Illuminate/Support/ConfigurationUrlParser->parseUrl('postgresql://po...')
#1 C:/laragon/www/05ArjunaSatria/vendor/laravel/framework/src/Illuminate/Database/DatabaseManager.php(230): Illuminate/Support/ConfigurationUrlParser->parseConfiguration(Array)
#2 C:/laragon/www/05ArjunaSatria/vendor/laravel/framework/src/Illuminate/Database/DatabaseManager.php(192): Illuminate/Database/DatabaseManager->configuration('pgsql')
#3 C:/laragon/www/05ArjunaSatria/vendor/laravel/framework/src/Illuminate/Database/DatabaseManager.php(103): Illuminate/Database/DatabaseManager->makeConnection('pgsql')
#4 C:/laragon/www/05ArjunaSatria/vendor/laravel/framework/src/Illuminate/Cache/CacheManager.php(200): Illuminate/Database/DatabaseManager->connection('pgsql')
#5 C:/laragon/www/05ArjunaSatria/vendor/laravel/framework/src/Illuminate/Cache/CacheManager.php(148): Illuminate/Cache/CacheManager->createDatabaseDriver(Array)
#6 C:/laragon/www/05ArjunaSatria/vendor/laravel/framework/src/Illuminate/Cache/CacheManager.php(126): Illuminate/Cache/CacheManager->build(Array)
#7 C:/laragon/www/05ArjunaSatria/vendor/laravel/framework/src/Illuminate/Cache/CacheManager.php(69): Illuminate/Cache/CacheManager->resolve('database')
#8 C:/laragon/www/05ArjunaSatria/vendor/laravel/framework/src/Illuminate/Cache/CacheManager.php(80): Illuminate/Cache/CacheManager->store('database')
#9 C:/laragon/www/05ArjunaSatria/vendor/laravel/framework/src/Illuminate/Cache/CacheServiceProvider.php(23): Illuminate/Cache/CacheManager->driver()
#10 C:/laragon/www/05ArjunaSatria/vendor/laravel/framework/src/Illuminate/Container/Container.php(1140): Illuminate/Cache/CacheServiceProvider->{closure:Illuminate/Cache/CacheServiceProvider::register():22}(Object(Illuminate/Foundation/Application), Array)
#11 C:/laragon/www/05ArjunaSatria/vendor/laravel/framework/src/Illuminate/Container/Container.php(939): Illuminate/Container/Container->build(Object(Closure))
#12 C:/laragon/www/05ArjunaSatria/vendor/laravel/framework/src/Illuminate/Foundation/Application.php(1085): Illuminate/Container/Container->resolve('cache.store', Array, true)
#13 C:/laragon/www/05ArjunaSatria/vendor/laravel/framework/src/Illuminate/Container/Container.php(867): Illuminate/Foundation/Application->resolve('cache.store', Array)
#14 C:/laragon/www/05ArjunaSatria/vendor/laravel/framework/src/Illuminate/Foundation/Application.php(1065): Illuminate/Container/Container->make('cache.store', Array)
#15 C:/laragon/www/05ArjunaSatria/vendor/laravel/framework/src/Illuminate/Container/Container.php(1846): Illuminate/Foundation/Application->make('cache.store')
#16 C:/laragon/www/05ArjunaSatria/vendor/laravel/framework/src/Illuminate/Foundation/Providers/ArtisanServiceProvider.php(735): Illuminate/Container/Container->offsetGet('cache.store')
#17 C:/laragon/www/05ArjunaSatria/vendor/laravel/framework/src/Illuminate/Container/Container.php(1140): Illuminate/Foundation/Providers/ArtisanServiceProvider->{closure:Illuminate/Foundation/Providers/ArtisanServiceProvider::registerQueueRestartCommand():734}(Object(Illuminate/Foundation/Application), Array)
#18 C:/laragon/www/05ArjunaSatria/vendor/laravel/framework/src/Illuminate/Container/Container.php(939): Illuminate/Container/Container->build(Object(Closure))
#19 C:/laragon/www/05ArjunaSatria/vendor/laravel/framework/src/Illuminate/Foundation/Application.php(1085): Illuminate/Container/Container->resolve('Illuminate//Queu...', Array, true)
#20 C:/laragon/www/05ArjunaSatria/vendor/laravel/framework/src/Illuminate/Container/Container.php(884): Illuminate/Foundation/Application->resolve('Illuminate//Queu...')
#21 C:/laragon/www/05ArjunaSatria/vendor/laravel/framework/src/Illuminate/Console/ContainerCommandLoader.php(52): Illuminate/Container/Container->get('Illuminate//Queu...')
#22 C:/laragon/www/05ArjunaSatria/vendor/symfony/console/Application.php(664): Illuminate/Console/ContainerCommandLoader->get('queue:restart')
#23 C:/laragon/www/05ArjunaSatria/vendor/symfony/console/Application.php(873): Symfony/Component/Console/Application->has('queue:restart')
#24 C:/laragon/www/05ArjunaSatria/vendor/symfony/console/Descriptor/ApplicationDescription.php(84): Symfony/Component/Console/Application->all(NULL)
#25 C:/laragon/www/05ArjunaSatria/vendor/symfony/console/Descriptor/ApplicationDescription.php(61): Symfony/Component/Console/Descriptor/ApplicationDescription->inspectApplication()
#26 C:/laragon/www/05ArjunaSatria/vendor/symfony/console/Descriptor/TextDescriptor.php(185): Symfony/Component/Console/Descriptor/ApplicationDescription->getCommands()
#27 C:/laragon/www/05ArjunaSatria/vendor/symfony/console/Descriptor/Descriptor.php(40): Symfony/Component/Console/Descriptor/TextDescriptor->describeApplication(Object(Illuminate/Console/Application), Array)
#28 C:/laragon/www/05ArjunaSatria/vendor/symfony/console/Helper/DescriptorHelper.php(67): Symfony/Component/Console/Descriptor/Descriptor->describe(Object(Symfony/Component/Console/Output/ConsoleOutput), Object(Illuminate/Console/Application), Array)
#29 C:/laragon/www/05ArjunaSatria/vendor/symfony/console/Command/ListCommand.php(63): Symfony/Component/Console/Helper/DescriptorHelper->describe(Object(Symfony/Component/Console/Output/ConsoleOutput), Object(Illuminate/Console/Application), Array)
#30 C:/laragon/www/05ArjunaSatria/vendor/symfony/console/Command/Command.php(285): Symfony/Component/Console/Command/ListCommand->execute(Object(Symfony/Component/Console/Input/ArgvInput), Object(Symfony/Component/Console/Output/ConsoleOutput))
#31 C:/laragon/www/05ArjunaSatria/vendor/symfony/console/Application.php(1144): Symfony/Component/Console/Command/Command->run(Object(Symfony/Component/Console/Input/ArgvInput), Object(Symfony/Component/Console/Output/ConsoleOutput))
#32 C:/laragon/www/05ArjunaSatria/vendor/symfony/console/Application.php(379): Symfony/Component/Console/Application->doRunCommand(Object(Symfony/Component/Console/Command/ListCommand), Object(Symfony/Component/Console/Input/ArgvInput), Object(Symfony/Component/Console/Output/ConsoleOutput))
#33 C:/laragon/www/05ArjunaSatria/vendor/symfony/console/Application.php(218): Symfony/Component/Console/Application->doRun(Object(Symfony/Component/Console/Input/ArgvInput), Object(Symfony/Component/Console/Output/ConsoleOutput))
#34 C:/laragon/www/05ArjunaSatria/vendor/laravel/framework/src/Illuminate/Foundation/Console/Kernel.php(198): Symfony/Component/Console/Application->run(Object(Symfony/Component/Console/Input/ArgvInput), Object(Symfony/Component/Console/Output/ConsoleOutput))
#35 Command line code(1): Illuminate/Foundation/Console/Kernel->handle(Object(Symfony/Component/Console/Input/ArgvInput), Object(Symfony/Component/Console/Output/ConsoleOutput))
#36 {main}
"} 
[2026-09-24 02:17:01] local.ERROR: The database configuration URL is malformed. {"exception":"[object] (InvalidArgumentException(code: 0): The database configuration URL is malformed. at C:/laragon/www/05ArjunaSatria/vendor/laravel/framework/src/Illuminate/Support/ConfigurationUrlParser.php:148)
[stacktrace]
#0 C:/laragon/www/05ArjunaSatria/vendor/laravel/framework/src/Illuminate/Support/ConfigurationUrlParser.php(51): Illuminate/Support/ConfigurationUrlParser->parseUrl('postgresql://po...')
#1 C:/laragon/www/05ArjunaSatria/vendor/laravel/framework/src/Illuminate/Database/DatabaseManager.php(230): Illuminate/Support/ConfigurationUrlParser->parseConfiguration(Array)
#2 C:/laragon/www/05ArjunaSatria/vendor/laravel/framework/src/Illuminate/Database/DatabaseManager.php(192): Illuminate/Database/DatabaseManager->configuration('pgsql')
#3 C:/laragon/www/05ArjunaSatria/vendor/laravel/framework/src/Illuminate/Database/DatabaseManager.php(103): Illuminate/Database/DatabaseManager->makeConnection('pgsql')
#4 C:/laragon/www/05ArjunaSatria/vendor/laravel/framework/src/Illuminate/Cache/CacheManager.php(200): Illuminate/Database/DatabaseManager->connection('pgsql')
#5 C:/laragon/www/05ArjunaSatria/vendor/laravel/framework/src/Illuminate/Cache/CacheManager.php(148): Illuminate/Cache/CacheManager->createDatabaseDriver(Array)
#6 C:/laragon/www/05ArjunaSatria/vendor/laravel/framework/src/Illuminate/Cache/CacheManager.php(126): Illuminate/Cache/CacheManager->build(Array)
#7 C:/laragon/www/05ArjunaSatria/vendor/laravel/framework/src/Illuminate/Cache/CacheManager.php(69): Illuminate/Cache/CacheManager->resolve('database')
#8 C:/laragon/www/05ArjunaSatria/vendor/laravel/framework/src/Illuminate/Cache/CacheManager.php(80): Illuminate/Cache/CacheManager->store('database')
#9 C:/laragon/www/05ArjunaSatria/vendor/laravel/framework/src/Illuminate/Cache/CacheServiceProvider.php(23): Illuminate/Cache/CacheManager->driver()
#10 C:/laragon/www/05ArjunaSatria/vendor/laravel/framework/src/Illuminate/Container/Container.php(1140): Illuminate/Cache/CacheServiceProvider->{closure:Illuminate/Cache/CacheServiceProvider::register():22}(Object(Illuminate/Foundation/Application), Array)
#11 C:/laragon/www/05ArjunaSatria/vendor/laravel/framework/src/Illuminate/Container/Container.php(939): Illuminate/Container/Container->build(Object(Closure))
#12 C:/laragon/www/05ArjunaSatria/vendor/laravel/framework/src/Illuminate/Foundation/Application.php(1085): Illuminate/Container/Container->resolve('cache.store', Array, true)
#13 C:/laragon/www/05ArjunaSatria/vendor/laravel/framework/src/Illuminate/Container/Container.php(867): Illuminate/Foundation/Application->resolve('cache.store', Array)
#14 C:/laragon/www/05ArjunaSatria/vendor/laravel/framework/src/Illuminate/Foundation/Application.php(1065): Illuminate/Container/Container->make('cache.store', Array)
#15 C:/laragon/www/05ArjunaSatria/vendor/laravel/framework/src/Illuminate/Container/Container.php(1846): Illuminate/Foundation/Application->make('cache.store')
#16 C:/laragon/www/05ArjunaSatria/vendor/laravel/framework/src/Illuminate/Foundation/Providers/ArtisanServiceProvider.php(735): Illuminate/Container/Container->offsetGet('cache.store')
#17 C:/laragon/www/05ArjunaSatria/vendor/laravel/framework/src/Illuminate/Container/Container.php(1140): Illuminate/Foundation/Providers/ArtisanServiceProvider->{closure:Illuminate/Foundation/Providers/ArtisanServiceProvider::registerQueueRestartCommand():734}(Object(Illuminate/Foundation/Application), Array)
#18 C:/laragon/www/05ArjunaSatria/vendor/laravel/framework/src/Illuminate/Container/Container.php(939): Illuminate/Container/Container->build(Object(Closure))
#19 C:/laragon/www/05ArjunaSatria/vendor/laravel/framework/src/Illuminate/Foundation/Application.php(1085): Illuminate/Container/Container->resolve('Illuminate//Queu...', Array, true)
#20 C:/laragon/www/05ArjunaSatria/vendor/laravel/framework/src/Illuminate/Container/Container.php(884): Illuminate/Foundation/Application->resolve('Illuminate//Queu...')
#21 C:/laragon/www/05ArjunaSatria/vendor/laravel/framework/src/Illuminate/Console/ContainerCommandLoader.php(52): Illuminate/Container/Container->get('Illuminate//Queu...')
#22 C:/laragon/www/05ArjunaSatria/vendor/symfony/console/Application.php(664): Illuminate/Console/ContainerCommandLoader->get('queue:restart')
#23 C:/laragon/www/05ArjunaSatria/vendor/symfony/console/Application.php(873): Symfony/Component/Console/Application->has('queue:restart')
#24 C:/laragon/www/05ArjunaSatria/vendor/symfony/console/Descriptor/ApplicationDescription.php(84): Symfony/Component/Console/Application->all(NULL)
#25 C:/laragon/www/05ArjunaSatria/vendor/symfony/console/Descriptor/ApplicationDescription.php(61): Symfony/Component/Console/Descriptor/ApplicationDescription->inspectApplication()
#26 C:/laragon/www/05ArjunaSatria/vendor/symfony/console/Descriptor/TextDescriptor.php(185): Symfony/Component/Console/Descriptor/ApplicationDescription->getCommands()
#27 C:/laragon/www/05ArjunaSatria/vendor/symfony/console/Descriptor/Descriptor.php(40): Symfony/Component/Console/Descriptor/TextDescriptor->describeApplication(Object(Illuminate/Console/Application), Array)
#28 C:/laragon/www/05ArjunaSatria/vendor/symfony/console/Helper/DescriptorHelper.php(67): Symfony/Component/Console/Descriptor/Descriptor->describe(Object(Symfony/Component/Console/Output/ConsoleOutput), Object(Illuminate/Console/Application), Array)
#29 C:/laragon/www/05ArjunaSatria/vendor/symfony/console/Command/ListCommand.php(63): Symfony/Component/Console/Helper/DescriptorHelper->describe(Object(Symfony/Component/Console/Output/ConsoleOutput), Object(Illuminate/Console/Application), Array)
#30 C:/laragon/www/05ArjunaSatria/vendor/symfony/console/Command/Command.php(285): Symfony/Component/Console/Command/ListCommand->execute(Object(Symfony/Component/Console/Input/ArgvInput), Object(Symfony/Component/Console/Output/ConsoleOutput))
#31 C:/laragon/www/05ArjunaSatria/vendor/symfony/console/Application.php(1144): Symfony/Component/Console/Command/Command->run(Object(Symfony/Component/Console/Input/ArgvInput), Object(Symfony/Component/Console/Output/ConsoleOutput))
#32 C:/laragon/www/05ArjunaSatria/vendor/symfony/console/Application.php(379): Symfony/Component/Console/Application->doRunCommand(Object(Symfony/Component/Console/Command/ListCommand), Object(Symfony/Component/Console/Input/ArgvInput), Object(Symfony/Component/Console/Output/ConsoleOutput))
#33 C:/laragon/www/05ArjunaSatria/vendor/symfony/console/Application.php(218): Symfony/Component/Console/Application->doRun(Object(Symfony/Component/Console/Input/ArgvInput), Object(Symfony/Component/Console/Output/ConsoleOutput))
#34 C:/laragon/www/05ArjunaSatria/vendor/laravel/framework/src/Illuminate/Foundation/Console/Kernel.php(198): Symfony/Component/Console/Application->run(Object(Symfony/Component/Console/Input/ArgvInput), Object(Symfony/Component/Console/Output/ConsoleOutput))
#35 Command line code(1): Illuminate/Foundation/Console/Kernel->handle(Object(Symfony/Component/Console/Input/ArgvInput), Object(Symfony/Component/Console/Output/ConsoleOutput))
#36 {main}
"} 
[2026-09-24 02:17:01] local.ERROR: The database configuration URL is malformed. {"exception":"[object] (InvalidArgumentException(code: 0): The database configuration URL is malformed. at C:/laragon/www/05ArjunaSatria/vendor/laravel/framework/src/Illuminate/Support/ConfigurationUrlParser.php:148)
[stacktrace]
#0 C:/laragon/www/05ArjunaSatria/vendor/laravel/framework/src/Illuminate/Support/ConfigurationUrlParser.php(51): Illuminate/Support/ConfigurationUrlParser->parseUrl('postgresql://po...')
#1 C:/laragon/www/05ArjunaSatria/vendor/laravel/framework/src/Illuminate/Database/DatabaseManager.php(230): Illuminate/Support/ConfigurationUrlParser->parseConfiguration(Array)
#2 C:/laragon/www/05ArjunaSatria/vendor/laravel/framework/src/Illuminate/Database/DatabaseManager.php(192): Illuminate/Database/DatabaseManager->configuration('pgsql')
#3 C:/laragon/www/05ArjunaSatria/vendor/laravel/framework/src/Illuminate/Database/DatabaseManager.php(103): Illuminate/Database/DatabaseManager->makeConnection('pgsql')
#4 C:/laragon/www/05ArjunaSatria/vendor/laravel/framework/src/Illuminate/Cache/CacheManager.php(200): Illuminate/Database/DatabaseManager->connection('pgsql')
#5 C:/laragon/www/05ArjunaSatria/vendor/laravel/framework/src/Illuminate/Cache/CacheManager.php(148): Illuminate/Cache/CacheManager->createDatabaseDriver(Array)
#6 C:/laragon/www/05ArjunaSatria/vendor/laravel/framework/src/Illuminate/Cache/CacheManager.php(126): Illuminate/Cache/CacheManager->build(Array)
#7 C:/laragon/www/05ArjunaSatria/vendor/laravel/framework/src/Illuminate/Cache/CacheManager.php(69): Illuminate/Cache/CacheManager->resolve('database')
#8 C:/laragon/www/05ArjunaSatria/vendor/laravel/framework/src/Illuminate/Cache/CacheManager.php(80): Illuminate/Cache/CacheManager->store('database')
#9 C:/laragon/www/05ArjunaSatria/vendor/laravel/framework/src/Illuminate/Cache/CacheServiceProvider.php(23): Illuminate/Cache/CacheManager->driver()
#10 C:/laragon/www/05ArjunaSatria/vendor/laravel/framework/src/Illuminate/Container/Container.php(1140): Illuminate/Cache/CacheServiceProvider->{closure:Illuminate/Cache/CacheServiceProvider::register():22}(Object(Illuminate/Foundation/Application), Array)
#11 C:/laragon/www/05ArjunaSatria/vendor/laravel/framework/src/Illuminate/Container/Container.php(939): Illuminate/Container/Container->build(Object(Closure))
#12 C:/laragon/www/05ArjunaSatria/vendor/laravel/framework/src/Illuminate/Foundation/Application.php(1085): Illuminate/Container/Container->resolve('cache.store', Array, true)
#13 C:/laragon/www/05ArjunaSatria/vendor/laravel/framework/src/Illuminate/Container/Container.php(867): Illuminate/Foundation/Application->resolve('cache.store', Array)
#14 C:/laragon/www/05ArjunaSatria/vendor/laravel/framework/src/Illuminate/Foundation/Application.php(1065): Illuminate/Container/Container->make('cache.store', Array)
#15 C:/laragon/www/05ArjunaSatria/vendor/laravel/framework/src/Illuminate/Container/Container.php(1846): Illuminate/Foundation/Application->make('cache.store')
#16 C:/laragon/www/05ArjunaSatria/vendor/laravel/framework/src/Illuminate/Foundation/Providers/ArtisanServiceProvider.php(735): Illuminate/Container/Container->offsetGet('cache.store')
#17 C:/laragon/www/05ArjunaSatria/vendor/laravel/framework/src/Illuminate/Container/Container.php(1140): Illuminate/Foundation/Providers/ArtisanServiceProvider->{closure:Illuminate/Foundation/Providers/ArtisanServiceProvider::registerQueueRestartCommand():734}(Object(Illuminate/Foundation/Application), Array)
#18 C:/laragon/www/05ArjunaSatria/vendor/laravel/framework/src/Illuminate/Container/Container.php(939): Illuminate/Container/Container->build(Object(Closure))
#19 C:/laragon/www/05ArjunaSatria/vendor/laravel/framework/src/Illuminate/Foundation/Application.php(1085): Illuminate/Container/Container->resolve('Illuminate//Queu...', Array, true)
#20 C:/laragon/www/05ArjunaSatria/vendor/laravel/framework/src/Illuminate/Container/Container.php(884): Illuminate/Foundation/Application->resolve('Illuminate//Queu...')
#21 C:/laragon/www/05ArjunaSatria/vendor/laravel/framework/src/Illuminate/Console/ContainerCommandLoader.php(52): Illuminate/Container/Container->get('Illuminate//Queu...')
#22 C:/laragon/www/05ArjunaSatria/vendor/symfony/console/Application.php(664): Illuminate/Console/ContainerCommandLoader->get('queue:restart')
#23 C:/laragon/www/05ArjunaSatria/vendor/symfony/console/Application.php(873): Symfony/Component/Console/Application->has('queue:restart')
#24 C:/laragon/www/05ArjunaSatria/vendor/symfony/console/Descriptor/ApplicationDescription.php(84): Symfony/Component/Console/Application->all(NULL)
#25 C:/laragon/www/05ArjunaSatria/vendor/symfony/console/Descriptor/ApplicationDescription.php(61): Symfony/Component/Console/Descriptor/ApplicationDescription->inspectApplication()
#26 C:/laragon/www/05ArjunaSatria/vendor/symfony/console/Descriptor/TextDescriptor.php(185): Symfony/Component/Console/Descriptor/ApplicationDescription->getCommands()
#27 C:/laragon/www/05ArjunaSatria/vendor/symfony/console/Descriptor/Descriptor.php(40): Symfony/Component/Console/Descriptor/TextDescriptor->describeApplication(Object(Illuminate/Console/Application), Array)
#28 C:/laragon/www/05ArjunaSatria/vendor/symfony/console/Helper/DescriptorHelper.php(67): Symfony/Component/Console/Descriptor/Descriptor->describe(Object(Symfony/Component/Console/Output/ConsoleOutput), Object(Illuminate/Console/Application), Array)
#29 C:/laragon/www/05ArjunaSatria/vendor/symfony/console/Command/ListCommand.php(63): Symfony/Component/Console/Helper/DescriptorHelper->describe(Object(Symfony/Component/Console/Output/ConsoleOutput), Object(Illuminate/Console/Application), Array)
#30 C:/laragon/www/05ArjunaSatria/vendor/symfony/console/Command/Command.php(285): Symfony/Component/Console/Command/ListCommand->execute(Object(Symfony/Component/Console/Input/ArgvInput), Object(Symfony/Component/Console/Output/ConsoleOutput))
#31 C:/laragon/www/05ArjunaSatria/vendor/symfony/console/Application.php(1144): Symfony/Component/Console/Command/Command->run(Object(Symfony/Component/Console/Input/ArgvInput), Object(Symfony/Component/Console/Output/ConsoleOutput))
#32 C:/laragon/www/05ArjunaSatria/vendor/symfony/console/Application.php(379): Symfony/Component/Console/Application->doRunCommand(Object(Symfony/Component/Console/Command/ListCommand), Object(Symfony/Component/Console/Input/ArgvInput), Object(Symfony/Component/Console/Output/ConsoleOutput))
#33 C:/laragon/www/05ArjunaSatria/vendor/symfony/console/Application.php(218): Symfony/Component/Console/Application->doRun(Object(Symfony/Component/Console/Input/ArgvInput), Object(Symfony/Component/Console/Output/ConsoleOutput))
#34 C:/laragon/www/05ArjunaSatria/vendor/laravel/framework/src/Illuminate/Foundation/Console/Kernel.php(198): Symfony/Component/Console/Application->run(Object(Symfony/Component/Console/Input/ArgvInput), Object(Symfony/Component/Console/Output/ConsoleOutput))
#35 Command line code(1): Illuminate/Foundation/Console/Kernel->handle(Object(Symfony/Component/Console/Input/ArgvInput), Object(Symfony/Component/Console/Output/ConsoleOutput))
#36 {main}
"} 
[2026-09-24 02:18:01] local.ERROR: The database configuration URL is malformed. {"exception":"[object] (InvalidArgumentException(code: 0): The database configuration URL is malformed. at C:/laragon/www/05ArjunaSatria/vendor/laravel/framework/src/Illuminate/Support/ConfigurationUrlParser.php:148)
[stacktrace]
#0 C:/laragon/www/05ArjunaSatria/vendor/laravel/framework/src/Illuminate/Support/ConfigurationUrlParser.php(51): Illuminate/Support/ConfigurationUrlParser->parseUrl('postgresql://po...')
#1 C:/laragon/www/05ArjunaSatria/vendor/laravel/framework/src/Illuminate/Database/DatabaseManager.php(230): Illuminate/Support/ConfigurationUrlParser->parseConfiguration(Array)
#2 C:/laragon/www/05ArjunaSatria/vendor/laravel/framework/src/Illuminate/Database/DatabaseManager.php(192): Illuminate/Database/DatabaseManager->configuration('pgsql')
#3 C:/laragon/www/05ArjunaSatria/vendor/laravel/framework/src/Illuminate/Database/DatabaseManager.php(103): Illuminate/Database/DatabaseManager->makeConnection('pgsql')
#4 C:/laragon/www/05ArjunaSatria/vendor/laravel/framework/src/Illuminate/Cache/CacheManager.php(200): Illuminate/Database/DatabaseManager->connection('pgsql')
#5 C:/laragon/www/05ArjunaSatria/vendor/laravel/framework/src/Illuminate/Cache/CacheManager.php(148): Illuminate/Cache/CacheManager->createDatabaseDriver(Array)
#6 C:/laragon/www/05ArjunaSatria/vendor/laravel/framework/src/Illuminate/Cache/CacheManager.php(126): Illuminate/Cache/CacheManager->build(Array)
#7 C:/laragon/www/05ArjunaSatria/vendor/laravel/framework/src/Illuminate/Cache/CacheManager.php(69): Illuminate/Cache/CacheManager->resolve('database')
#8 C:/laragon/www/05ArjunaSatria/vendor/laravel/framework/src/Illuminate/Cache/CacheManager.php(80): Illuminate/Cache/CacheManager->store('database')
#9 C:/laragon/www/05ArjunaSatria/vendor/laravel/framework/src/Illuminate/Cache/CacheServiceProvider.php(23): Illuminate/Cache/CacheManager->driver()
#10 C:/laragon/www/05ArjunaSatria/vendor/laravel/framework/src/Illuminate/Container/Container.php(1140): Illuminate/Cache/CacheServiceProvider->{closure:Illuminate/Cache/CacheServiceProvider::register():22}(Object(Illuminate/Foundation/Application), Array)
#11 C:/laragon/www/05ArjunaSatria/vendor/laravel/framework/src/Illuminate/Container/Container.php(939): Illuminate/Container/Container->build(Object(Closure))
#12 C:/laragon/www/05ArjunaSatria/vendor/laravel/framework/src/Illuminate/Foundation/Application.php(1085): Illuminate/Container/Container->resolve('cache.store', Array, true)
#13 C:/laragon/www/05ArjunaSatria/vendor/laravel/framework/src/Illuminate/Container/Container.php(867): Illuminate/Foundation/Application->resolve('cache.store', Array)
#14 C:/laragon/www/05ArjunaSatria/vendor/laravel/framework/src/Illuminate/Foundation/Application.php(1065): Illuminate/Container/Container->make('cache.store', Array)
#15 C:/laragon/www/05ArjunaSatria/vendor/laravel/framework/src/Illuminate/Container/Container.php(1846): Illuminate/Foundation/Application->make('cache.store')
#16 C:/laragon/www/05ArjunaSatria/vendor/laravel/framework/src/Illuminate/Foundation/Providers/ArtisanServiceProvider.php(735): Illuminate/Container/Container->offsetGet('cache.store')
#17 C:/laragon/www/05ArjunaSatria/vendor/laravel/framework/src/Illuminate/Container/Container.php(1140): Illuminate/Foundation/Providers/ArtisanServiceProvider->{closure:Illuminate/Foundation/Providers/ArtisanServiceProvider::registerQueueRestartCommand():734}(Object(Illuminate/Foundation/Application), Array)
#18 C:/laragon/www/05ArjunaSatria/vendor/laravel/framework/src/Illuminate/Container/Container.php(939): Illuminate/Container/Container->build(Object(Closure))
#19 C:/laragon/www/05ArjunaSatria/vendor/laravel/framework/src/Illuminate/Foundation/Application.php(1085): Illuminate/Container/Container->resolve('Illuminate//Queu...', Array, true)
#20 C:/laragon/www/05ArjunaSatria/vendor/laravel/framework/src/Illuminate/Container/Container.php(884): Illuminate/Foundation/Application->resolve('Illuminate//Queu...')
#21 C:/laragon/www/05ArjunaSatria/vendor/laravel/framework/src/Illuminate/Console/ContainerCommandLoader.php(52): Illuminate/Container/Container->get('Illuminate//Queu...')
#22 C:/laragon/www/05ArjunaSatria/vendor/symfony/console/Application.php(664): Illuminate/Console/ContainerCommandLoader->get('queue:restart')
#23 C:/laragon/www/05ArjunaSatria/vendor/symfony/console/Application.php(873): Symfony/Component/Console/Application->has('queue:restart')
#24 C:/laragon/www/05ArjunaSatria/vendor/symfony/console/Descriptor/ApplicationDescription.php(84): Symfony/Component/Console/Application->all(NULL)
#25 C:/laragon/www/05ArjunaSatria/vendor/symfony/console/Descriptor/ApplicationDescription.php(61): Symfony/Component/Console/Descriptor/ApplicationDescription->inspectApplication()
#26 C:/laragon/www/05ArjunaSatria/vendor/symfony/console/Descriptor/TextDescriptor.php(185): Symfony/Component/Console/Descriptor/ApplicationDescription->getCommands()
#27 C:/laragon/www/05ArjunaSatria/vendor/symfony/console/Descriptor/Descriptor.php(40): Symfony/Component/Console/Descriptor/TextDescriptor->describeApplication(Object(Illuminate/Console/Application), Array)
#28 C:/laragon/www/05ArjunaSatria/vendor/symfony/console/Helper/DescriptorHelper.php(67): Symfony/Component/Console/Descriptor/Descriptor->describe(Object(Symfony/Component/Console/Output/ConsoleOutput), Object(Illuminate/Console/Application), Array)
#29 C:/laragon/www/05ArjunaSatria/vendor/symfony/console/Command/ListCommand.php(63): Symfony/Component/Console/Helper/DescriptorHelper->describe(Object(Symfony/Component/Console/Output/ConsoleOutput), Object(Illuminate/Console/Application), Array)
#30 C:/laragon/www/05ArjunaSatria/vendor/symfony/console/Command/Command.php(285): Symfony/Component/Console/Command/ListCommand->execute(Object(Symfony/Component/Console/Input/ArgvInput), Object(Symfony/Component/Console/Output/ConsoleOutput))
#31 C:/laragon/www/05ArjunaSatria/vendor/symfony/console/Application.php(1144): Symfony/Component/Console/Command/Command->run(Object(Symfony/Component/Console/Input/ArgvInput), Object(Symfony/Component/Console/Output/ConsoleOutput))
#32 C:/laragon/www/05ArjunaSatria/vendor/symfony/console/Application.php(379): Symfony/Component/Console/Application->doRunCommand(Object(Symfony/Component/Console/Command/ListCommand), Object(Symfony/Component/Console/Input/ArgvInput), Object(Symfony/Component/Console/Output/ConsoleOutput))
#33 C:/laragon/www/05ArjunaSatria/vendor/symfony/console/Application.php(218): Symfony/Component/Console/Application->doRun(Object(Symfony/Component/Console/Input/ArgvInput), Object(Symfony/Component/Console/Output/ConsoleOutput))
#34 C:/laragon/www/05ArjunaSatria/vendor/laravel/framework/src/Illuminate/Foundation/Console/Kernel.php(198): Symfony/Component/Console/Application->run(Object(Symfony/Component/Console/Input/ArgvInput), Object(Symfony/Component/Console/Output/ConsoleOutput))
#35 Command line code(1): Illuminate/Foundation/Console/Kernel->handle(Object(Symfony/Component/Console/Input/ArgvInput), Object(Symfony/Component/Console/Output/ConsoleOutput))
#36 {main}
"} 
[2026-09-24 02:18:01] local.ERROR: The database configuration URL is malformed. {"exception":"[object] (InvalidArgumentException(code: 0): The database configuration URL is malformed. at C:/laragon/www/05ArjunaSatria/vendor/laravel/framework/src/Illuminate/Support/ConfigurationUrlParser.php:148)
[stacktrace]
#0 C:/laragon/www/05ArjunaSatria/vendor/laravel/framework/src/Illuminate/Support/ConfigurationUrlParser.php(51): Illuminate/Support/ConfigurationUrlParser->parseUrl('postgresql://po...')
#1 C:/laragon/www/05ArjunaSatria/vendor/laravel/framework/src/Illuminate/Database/DatabaseManager.php(230): Illuminate/Support/ConfigurationUrlParser->parseConfiguration(Array)
#2 C:/laragon/www/05ArjunaSatria/vendor/laravel/framework/src/Illuminate/Database/DatabaseManager.php(192): Illuminate/Database/DatabaseManager->configuration('pgsql')
#3 C:/laragon/www/05ArjunaSatria/vendor/laravel/framework/src/Illuminate/Database/DatabaseManager.php(103): Illuminate/Database/DatabaseManager->makeConnection('pgsql')
#4 C:/laragon/www/05ArjunaSatria/vendor/laravel/framework/src/Illuminate/Cache/CacheManager.php(200): Illuminate/Database/DatabaseManager->connection('pgsql')
#5 C:/laragon/www/05ArjunaSatria/vendor/laravel/framework/src/Illuminate/Cache/CacheManager.php(148): Illuminate/Cache/CacheManager->createDatabaseDriver(Array)
#6 C:/laragon/www/05ArjunaSatria/vendor/laravel/framework/src/Illuminate/Cache/CacheManager.php(126): Illuminate/Cache/CacheManager->build(Array)
#7 C:/laragon/www/05ArjunaSatria/vendor/laravel/framework/src/Illuminate/Cache/CacheManager.php(69): Illuminate/Cache/CacheManager->resolve('database')
#8 C:/laragon/www/05ArjunaSatria/vendor/laravel/framework/src/Illuminate/Cache/CacheManager.php(80): Illuminate/Cache/CacheManager->store('database')
#9 C:/laragon/www/05ArjunaSatria/vendor/laravel/framework/src/Illuminate/Cache/CacheServiceProvider.php(23): Illuminate/Cache/CacheManager->driver()
#10 C:/laragon/www/05ArjunaSatria/vendor/laravel/framework/src/Illuminate/Container/Container.php(1140): Illuminate/Cache/CacheServiceProvider->{closure:Illuminate/Cache/CacheServiceProvider::register():22}(Object(Illuminate/Foundation/Application), Array)
#11 C:/laragon/www/05ArjunaSatria/vendor/laravel/framework/src/Illuminate/Container/Container.php(939): Illuminate/Container/Container->build(Object(Closure))
#12 C:/laragon/www/05ArjunaSatria/vendor/laravel/framework/src/Illuminate/Foundation/Application.php(1085): Illuminate/Container/Container->resolve('cache.store', Array, true)
#13 C:/laragon/www/05ArjunaSatria/vendor/laravel/framework/src/Illuminate/Container/Container.php(867): Illuminate/Foundation/Application->resolve('cache.store', Array)
#14 C:/laragon/www/05ArjunaSatria/vendor/laravel/framework/src/Illuminate/Foundation/Application.php(1065): Illuminate/Container/Container->make('cache.store', Array)
#15 C:/laragon/www/05ArjunaSatria/vendor/laravel/framework/src/Illuminate/Container/Container.php(1846): Illuminate/Foundation/Application->make('cache.store')
#16 C:/laragon/www/05ArjunaSatria/vendor/laravel/framework/src/Illuminate/Foundation/Providers/ArtisanServiceProvider.php(735): Illuminate/Container/Container->offsetGet('cache.store')
#17 C:/laragon/www/05ArjunaSatria/vendor/laravel/framework/src/Illuminate/Container/Container.php(1140): Illuminate/Foundation/Providers/ArtisanServiceProvider->{closure:Illuminate/Foundation/Providers/ArtisanServiceProvider::registerQueueRestartCommand():734}(Object(Illuminate/Foundation/Application), Array)
#18 C:/laragon/www/05ArjunaSatria/vendor/laravel/framework/src/Illuminate/Container/Container.php(939): Illuminate/Container/Container->build(Object(Closure))
#19 C:/laragon/www/05ArjunaSatria/vendor/laravel/framework/src/Illuminate/Foundation/Application.php(1085): Illuminate/Container/Container->resolve('Illuminate//Queu...', Array, true)
#20 C:/laragon/www/05ArjunaSatria/vendor/laravel/framework/src/Illuminate/Container/Container.php(884): Illuminate/Foundation/Application->resolve('Illuminate//Queu...')
#21 C:/laragon/www/05ArjunaSatria/vendor/laravel/framework/src/Illuminate/Console/ContainerCommandLoader.php(52): Illuminate/Container/Container->get('Illuminate//Queu...')
#22 C:/laragon/www/05ArjunaSatria/vendor/symfony/console/Application.php(664): Illuminate/Console/ContainerCommandLoader->get('queue:restart')
#23 C:/laragon/www/05ArjunaSatria/vendor/symfony/console/Application.php(873): Symfony/Component/Console/Application->has('queue:restart')
#24 C:/laragon/www/05ArjunaSatria/vendor/symfony/console/Descriptor/ApplicationDescription.php(84): Symfony/Component/Console/Application->all(NULL)
#25 C:/laragon/www/05ArjunaSatria/vendor/symfony/console/Descriptor/ApplicationDescription.php(61): Symfony/Component/Console/Descriptor/ApplicationDescription->inspectApplication()
#26 C:/laragon/www/05ArjunaSatria/vendor/symfony/console/Descriptor/TextDescriptor.php(185): Symfony/Component/Console/Descriptor/ApplicationDescription->getCommands()
#27 C:/laragon/www/05ArjunaSatria/vendor/symfony/console/Descriptor/Descriptor.php(40): Symfony/Component/Console/Descriptor/TextDescriptor->describeApplication(Object(Illuminate/Console/Application), Array)
#28 C:/laragon/www/05ArjunaSatria/vendor/symfony/console/Helper/DescriptorHelper.php(67): Symfony/Component/Console/Descriptor/Descriptor->describe(Object(Symfony/Component/Console/Output/ConsoleOutput), Object(Illuminate/Console/Application), Array)
#29 C:/laragon/www/05ArjunaSatria/vendor/symfony/console/Command/ListCommand.php(63): Symfony/Component/Console/Helper/DescriptorHelper->describe(Object(Symfony/Component/Console/Output/ConsoleOutput), Object(Illuminate/Console/Application), Array)
#30 C:/laragon/www/05ArjunaSatria/vendor/symfony/console/Command/Command.php(285): Symfony/Component/Console/Command/ListCommand->execute(Object(Symfony/Component/Console/Input/ArgvInput), Object(Symfony/Component/Console/Output/ConsoleOutput))
#31 C:/laragon/www/05ArjunaSatria/vendor/symfony/console/Application.php(1144): Symfony/Component/Console/Command/Command->run(Object(Symfony/Component/Console/Input/ArgvInput), Object(Symfony/Component/Console/Output/ConsoleOutput))
#32 C:/laragon/www/05ArjunaSatria/vendor/symfony/console/Application.php(379): Symfony/Component/Console/Application->doRunCommand(Object(Symfony/Component/Console/Command/ListCommand), Object(Symfony/Component/Console/Input/ArgvInput), Object(Symfony/Component/Console/Output/ConsoleOutput))
#33 C:/laragon/www/05ArjunaSatria/vendor/symfony/console/Application.php(218): Symfony/Component/Console/Application->doRun(Object(Symfony/Component/Console/Input/ArgvInput), Object(Symfony/Component/Console/Output/ConsoleOutput))
#34 C:/laragon/www/05ArjunaSatria/vendor/laravel/framework/src/Illuminate/Foundation/Console/Kernel.php(198): Symfony/Component/Console/Application->run(Object(Symfony/Component/Console/Input/ArgvInput), Object(Symfony/Component/Console/Output/ConsoleOutput))
#35 Command line code(1): Illuminate/Foundation/Console/Kernel->handle(Object(Symfony/Component/Console/Input/ArgvInput), Object(Symfony/Component/Console/Output/ConsoleOutput))
#36 {main}
"} 
[2026-09-24 02:18:02] local.ERROR: The database configuration URL is malformed. {"exception":"[object] (InvalidArgumentException(code: 0): The database configuration URL is malformed. at C:/laragon/www/05ArjunaSatria/vendor/laravel/framework/src/Illuminate/Support/ConfigurationUrlParser.php:148)
[stacktrace]
#0 C:/laragon/www/05ArjunaSatria/vendor/laravel/framework/src/Illuminate/Support/ConfigurationUrlParser.php(51): Illuminate/Support/ConfigurationUrlParser->parseUrl('postgresql://po...')
#1 C:/laragon/www/05ArjunaSatria/vendor/laravel/framework/src/Illuminate/Database/DatabaseManager.php(230): Illuminate/Support/ConfigurationUrlParser->parseConfiguration(Array)
#2 C:/laragon/www/05ArjunaSatria/vendor/laravel/framework/src/Illuminate/Database/DatabaseManager.php(192): Illuminate/Database/DatabaseManager->configuration('pgsql')
#3 C:/laragon/www/05ArjunaSatria/vendor/laravel/framework/src/Illuminate/Database/DatabaseManager.php(103): Illuminate/Database/DatabaseManager->makeConnection('pgsql')
#4 C:/laragon/www/05ArjunaSatria/vendor/laravel/framework/src/Illuminate/Cache/CacheManager.php(200): Illuminate/Database/DatabaseManager->connection('pgsql')
#5 C:/laragon/www/05ArjunaSatria/vendor/laravel/framework/src/Illuminate/Cache/CacheManager.php(148): Illuminate/Cache/CacheManager->createDatabaseDriver(Array)
#6 C:/laragon/www/05ArjunaSatria/vendor/laravel/framework/src/Illuminate/Cache/CacheManager.php(126): Illuminate/Cache/CacheManager->build(Array)
#7 C:/laragon/www/05ArjunaSatria/vendor/laravel/framework/src/Illuminate/Cache/CacheManager.php(69): Illuminate/Cache/CacheManager->resolve('database')
#8 C:/laragon/www/05ArjunaSatria/vendor/laravel/framework/src/Illuminate/Cache/CacheManager.php(80): Illuminate/Cache/CacheManager->store('database')
#9 C:/laragon/www/05ArjunaSatria/vendor/laravel/framework/src/Illuminate/Cache/CacheServiceProvider.php(23): Illuminate/Cache/CacheManager->driver()
#10 C:/laragon/www/05ArjunaSatria/vendor/laravel/framework/src/Illuminate/Container/Container.php(1140): Illuminate/Cache/CacheServiceProvider->{closure:Illuminate/Cache/CacheServiceProvider::register():22}(Object(Illuminate/Foundation/Application), Array)
#11 C:/laragon/www/05ArjunaSatria/vendor/laravel/framework/src/Illuminate/Container/Container.php(939): Illuminate/Container/Container->build(Object(Closure))
#12 C:/laragon/www/05ArjunaSatria/vendor/laravel/framework/src/Illuminate/Foundation/Application.php(1085): Illuminate/Container/Container->resolve('cache.store', Array, true)
#13 C:/laragon/www/05ArjunaSatria/vendor/laravel/framework/src/Illuminate/Container/Container.php(867): Illuminate/Foundation/Application->resolve('cache.store', Array)
#14 C:/laragon/www/05ArjunaSatria/vendor/laravel/framework/src/Illuminate/Foundation/Application.php(1065): Illuminate/Container/Container->make('cache.store', Array)
#15 C:/laragon/www/05ArjunaSatria/vendor/laravel/framework/src/Illuminate/Container/Container.php(1846): Illuminate/Foundation/Application->make('cache.store')
#16 C:/laragon/www/05ArjunaSatria/vendor/laravel/framework/src/Illuminate/Foundation/Providers/ArtisanServiceProvider.php(735): Illuminate/Container/Container->offsetGet('cache.store')
#17 C:/laragon/www/05ArjunaSatria/vendor/laravel/framework/src/Illuminate/Container/Container.php(1140): Illuminate/Foundation/Providers/ArtisanServiceProvider->{closure:Illuminate/Foundation/Providers/ArtisanServiceProvider::registerQueueRestartCommand():734}(Object(Illuminate/Foundation/Application), Array)
#18 C:/laragon/www/05ArjunaSatria/vendor/laravel/framework/src/Illuminate/Container/Container.php(939): Illuminate/Container/Container->build(Object(Closure))
#19 C:/laragon/www/05ArjunaSatria/vendor/laravel/framework/src/Illuminate/Foundation/Application.php(1085): Illuminate/Container/Container->resolve('Illuminate//Queu...', Array, true)
#20 C:/laragon/www/05ArjunaSatria/vendor/laravel/framework/src/Illuminate/Container/Container.php(884): Illuminate/Foundation/Application->resolve('Illuminate//Queu...')
#21 C:/laragon/www/05ArjunaSatria/vendor/laravel/framework/src/Illuminate/Console/ContainerCommandLoader.php(52): Illuminate/Container/Container->get('Illuminate//Queu...')
#22 C:/laragon/www/05ArjunaSatria/vendor/symfony/console/Application.php(664): Illuminate/Console/ContainerCommandLoader->get('queue:restart')
#23 C:/laragon/www/05ArjunaSatria/vendor/symfony/console/Application.php(873): Symfony/Component/Console/Application->has('queue:restart')
#24 C:/laragon/www/05ArjunaSatria/vendor/symfony/console/Descriptor/ApplicationDescription.php(84): Symfony/Component/Console/Application->all(NULL)
#25 C:/laragon/www/05ArjunaSatria/vendor/symfony/console/Descriptor/ApplicationDescription.php(61): Symfony/Component/Console/Descriptor/ApplicationDescription->inspectApplication()
#26 C:/laragon/www/05ArjunaSatria/vendor/symfony/console/Descriptor/TextDescriptor.php(185): Symfony/Component/Console/Descriptor/ApplicationDescription->getCommands()
#27 C:/laragon/www/05ArjunaSatria/vendor/symfony/console/Descriptor/Descriptor.php(40): Symfony/Component/Console/Descriptor/TextDescriptor->describeApplication(Object(Illuminate/Console/Application), Array)
#28 C:/laragon/www/05ArjunaSatria/vendor/symfony/console/Helper/DescriptorHelper.php(67): Symfony/Component/Console/Descriptor/Descriptor->describe(Object(Symfony/Component/Console/Output/ConsoleOutput), Object(Illuminate/Console/Application), Array)
#29 C:/laragon/www/05ArjunaSatria/vendor/symfony/console/Command/ListCommand.php(63): Symfony/Component/Console/Helper/DescriptorHelper->describe(Object(Symfony/Component/Console/Output/ConsoleOutput), Object(Illuminate/Console/Application), Array)
#30 C:/laragon/www/05ArjunaSatria/vendor/symfony/console/Command/Command.php(285): Symfony/Component/Console/Command/ListCommand->execute(Object(Symfony/Component/Console/Input/ArgvInput), Object(Symfony/Component/Console/Output/ConsoleOutput))
#31 C:/laragon/www/05ArjunaSatria/vendor/symfony/console/Application.php(1144): Symfony/Component/Console/Command/Command->run(Object(Symfony/Component/Console/Input/ArgvInput), Object(Symfony/Component/Console/Output/ConsoleOutput))
#32 C:/laragon/www/05ArjunaSatria/vendor/symfony/console/Application.php(379): Symfony/Component/Console/Application->doRunCommand(Object(Symfony/Component/Console/Command/ListCommand), Object(Symfony/Component/Console/Input/ArgvInput), Object(Symfony/Component/Console/Output/ConsoleOutput))
#33 C:/laragon/www/05ArjunaSatria/vendor/symfony/console/Application.php(218): Symfony/Component/Console/Application->doRun(Object(Symfony/Component/Console/Input/ArgvInput), Object(Symfony/Component/Console/Output/ConsoleOutput))
#34 C:/laragon/www/05ArjunaSatria/vendor/laravel/framework/src/Illuminate/Foundation/Console/Kernel.php(198): Symfony/Component/Console/Application->run(Object(Symfony/Component/Console/Input/ArgvInput), Object(Symfony/Component/Console/Output/ConsoleOutput))
#35 Command line code(1): Illuminate/Foundation/Console/Kernel->handle(Object(Symfony/Component/Console/Input/ArgvInput), Object(Symfony/Component/Console/Output/ConsoleOutput))
#36 {main}
"} 
[2026-09-24 02:19:01] local.ERROR: The database configuration URL is malformed. {"exception":"[object] (InvalidArgumentException(code: 0): The database configuration URL is malformed. at C:/laragon/www/05ArjunaSatria/vendor/laravel/framework/src/Illuminate/Support/ConfigurationUrlParser.php:148)
[stacktrace]
#0 C:/laragon/www/05ArjunaSatria/vendor/laravel/framework/src/Illuminate/Support/ConfigurationUrlParser.php(51): Illuminate/Support/ConfigurationUrlParser->parseUrl('postgresql://po...')
#1 C:/laragon/www/05ArjunaSatria/vendor/laravel/framework/src/Illuminate/Database/DatabaseManager.php(230): Illuminate/Support/ConfigurationUrlParser->parseConfiguration(Array)
#2 C:/laragon/www/05ArjunaSatria/vendor/laravel/framework/src/Illuminate/Database/DatabaseManager.php(192): Illuminate/Database/DatabaseManager->configuration('pgsql')
#3 C:/laragon/www/05ArjunaSatria/vendor/laravel/framework/src/Illuminate/Database/DatabaseManager.php(103): Illuminate/Database/DatabaseManager->makeConnection('pgsql')
#4 C:/laragon/www/05ArjunaSatria/vendor/laravel/framework/src/Illuminate/Cache/CacheManager.php(200): Illuminate/Database/DatabaseManager->connection('pgsql')
#5 C:/laragon/www/05ArjunaSatria/vendor/laravel/framework/src/Illuminate/Cache/CacheManager.php(148): Illuminate/Cache/CacheManager->createDatabaseDriver(Array)
#6 C:/laragon/www/05ArjunaSatria/vendor/laravel/framework/src/Illuminate/Cache/CacheManager.php(126): Illuminate/Cache/CacheManager->build(Array)
#7 C:/laragon/www/05ArjunaSatria/vendor/laravel/framework/src/Illuminate/Cache/CacheManager.php(69): Illuminate/Cache/CacheManager->resolve('database')
#8 C:/laragon/www/05ArjunaSatria/vendor/laravel/framework/src/Illuminate/Cache/CacheManager.php(80): Illuminate/Cache/CacheManager->store('database')
#9 C:/laragon/www/05ArjunaSatria/vendor/laravel/framework/src/Illuminate/Cache/CacheServiceProvider.php(23): Illuminate/Cache/CacheManager->driver()
#10 C:/laragon/www/05ArjunaSatria/vendor/laravel/framework/src/Illuminate/Container/Container.php(1140): Illuminate/Cache/CacheServiceProvider->{closure:Illuminate/Cache/CacheServiceProvider::register():22}(Object(Illuminate/Foundation/Application), Array)
#11 C:/laragon/www/05ArjunaSatria/vendor/laravel/framework/src/Illuminate/Container/Container.php(939): Illuminate/Container/Container->build(Object(Closure))
#12 C:/laragon/www/05ArjunaSatria/vendor/laravel/framework/src/Illuminate/Foundation/Application.php(1085): Illuminate/Container/Container->resolve('cache.store', Array, true)
#13 C:/laragon/www/05ArjunaSatria/vendor/laravel/framework/src/Illuminate/Container/Container.php(867): Illuminate/Foundation/Application->resolve('cache.store', Array)
#14 C:/laragon/www/05ArjunaSatria/vendor/laravel/framework/src/Illuminate/Foundation/Application.php(1065): Illuminate/Container/Container->make('cache.store', Array)
#15 C:/laragon/www/05ArjunaSatria/vendor/laravel/framework/src/Illuminate/Container/Container.php(1846): Illuminate/Foundation/Application->make('cache.store')
#16 C:/laragon/www/05ArjunaSatria/vendor/laravel/framework/src/Illuminate/Foundation/Providers/ArtisanServiceProvider.php(735): Illuminate/Container/Container->offsetGet('cache.store')
#17 C:/laragon/www/05ArjunaSatria/vendor/laravel/framework/src/Illuminate/Container/Container.php(1140): Illuminate/Foundation/Providers/ArtisanServiceProvider->{closure:Illuminate/Foundation/Providers/ArtisanServiceProvider::registerQueueRestartCommand():734}(Object(Illuminate/Foundation/Application), Array)
#18 C:/laragon/www/05ArjunaSatria/vendor/laravel/framework/src/Illuminate/Container/Container.php(939): Illuminate/Container/Container->build(Object(Closure))
#19 C:/laragon/www/05ArjunaSatria/vendor/laravel/framework/src/Illuminate/Foundation/Application.php(1085): Illuminate/Container/Container->resolve('Illuminate//Queu...', Array, true)
#20 C:/laragon/www/05ArjunaSatria/vendor/laravel/framework/src/Illuminate/Container/Container.php(884): Illuminate/Foundation/Application->resolve('Illuminate//Queu...')
#21 C:/laragon/www/05ArjunaSatria/vendor/laravel/framework/src/Illuminate/Console/ContainerCommandLoader.php(52): Illuminate/Container/Container->get('Illuminate//Queu...')
#22 C:/laragon/www/05ArjunaSatria/vendor/symfony/console/Application.php(664): Illuminate/Console/ContainerCommandLoader->get('queue:restart')
#23 C:/laragon/www/05ArjunaSatria/vendor/symfony/console/Application.php(873): Symfony/Component/Console/Application->has('queue:restart')
#24 C:/laragon/www/05ArjunaSatria/vendor/symfony/console/Descriptor/ApplicationDescription.php(84): Symfony/Component/Console/Application->all(NULL)
#25 C:/laragon/www/05ArjunaSatria/vendor/symfony/console/Descriptor/ApplicationDescription.php(61): Symfony/Component/Console/Descriptor/ApplicationDescription->inspectApplication()
#26 C:/laragon/www/05ArjunaSatria/vendor/symfony/console/Descriptor/TextDescriptor.php(185): Symfony/Component/Console/Descriptor/ApplicationDescription->getCommands()
#27 C:/laragon/www/05ArjunaSatria/vendor/symfony/console/Descriptor/Descriptor.php(40): Symfony/Component/Console/Descriptor/TextDescriptor->describeApplication(Object(Illuminate/Console/Application), Array)
#28 C:/laragon/www/05ArjunaSatria/vendor/symfony/console/Helper/DescriptorHelper.php(67): Symfony/Component/Console/Descriptor/Descriptor->describe(Object(Symfony/Component/Console/Output/ConsoleOutput), Object(Illuminate/Console/Application), Array)
#29 C:/laragon/www/05ArjunaSatria/vendor/symfony/console/Command/ListCommand.php(63): Symfony/Component/Console/Helper/DescriptorHelper->describe(Object(Symfony/Component/Console/Output/ConsoleOutput), Object(Illuminate/Console/Application), Array)
#30 C:/laragon/www/05ArjunaSatria/vendor/symfony/console/Command/Command.php(285): Symfony/Component/Console/Command/ListCommand->execute(Object(Symfony/Component/Console/Input/ArgvInput), Object(Symfony/Component/Console/Output/ConsoleOutput))
#31 C:/laragon/www/05ArjunaSatria/vendor/symfony/console/Application.php(1144): Symfony/Component/Console/Command/Command->run(Object(Symfony/Component/Console/Input/ArgvInput), Object(Symfony/Component/Console/Output/ConsoleOutput))
#32 C:/laragon/www/05ArjunaSatria/vendor/symfony/console/Application.php(379): Symfony/Component/Console/Application->doRunCommand(Object(Symfony/Component/Console/Command/ListCommand), Object(Symfony/Component/Console/Input/ArgvInput), Object(Symfony/Component/Console/Output/ConsoleOutput))
#33 C:/laragon/www/05ArjunaSatria/vendor/symfony/console/Application.php(218): Symfony/Component/Console/Application->doRun(Object(Symfony/Component/Console/Input/ArgvInput), Object(Symfony/Component/Console/Output/ConsoleOutput))
#34 C:/laragon/www/05ArjunaSatria/vendor/laravel/framework/src/Illuminate/Foundation/Console/Kernel.php(198): Symfony/Component/Console/Application->run(Object(Symfony/Component/Console/Input/ArgvInput), Object(Symfony/Component/Console/Output/ConsoleOutput))
#35 Command line code(1): Illuminate/Foundation/Console/Kernel->handle(Object(Symfony/Component/Console/Input/ArgvInput), Object(Symfony/Component/Console/Output/ConsoleOutput))
#36 {main}
"} 
[2026-09-24 02:19:55] local.ERROR: The database configuration URL is malformed. {"exception":"[object] (InvalidArgumentException(code: 0): The database configuration URL is malformed. at C:/laragon/www/05ArjunaSatria/vendor/laravel/framework/src/Illuminate/Support/ConfigurationUrlParser.php:148)
[stacktrace]
#0 C:/laragon/www/05ArjunaSatria/vendor/laravel/framework/src/Illuminate/Support/ConfigurationUrlParser.php(51): Illuminate/Support/ConfigurationUrlParser->parseUrl('postgresql://po...')
#1 C:/laragon/www/05ArjunaSatria/vendor/laravel/framework/src/Illuminate/Database/DatabaseManager.php(230): Illuminate/Support/ConfigurationUrlParser->parseConfiguration(Array)
#2 C:/laragon/www/05ArjunaSatria/vendor/laravel/framework/src/Illuminate/Database/DatabaseManager.php(192): Illuminate/Database/DatabaseManager->configuration('pgsql')
#3 C:/laragon/www/05ArjunaSatria/vendor/laravel/framework/src/Illuminate/Database/DatabaseManager.php(103): Illuminate/Database/DatabaseManager->makeConnection('pgsql')
#4 C:/laragon/www/05ArjunaSatria/vendor/laravel/framework/src/Illuminate/Cache/CacheManager.php(200): Illuminate/Database/DatabaseManager->connection('pgsql')
#5 C:/laragon/www/05ArjunaSatria/vendor/laravel/framework/src/Illuminate/Cache/CacheManager.php(148): Illuminate/Cache/CacheManager->createDatabaseDriver(Array)
#6 C:/laragon/www/05ArjunaSatria/vendor/laravel/framework/src/Illuminate/Cache/CacheManager.php(126): Illuminate/Cache/CacheManager->build(Array)
#7 C:/laragon/www/05ArjunaSatria/vendor/laravel/framework/src/Illuminate/Cache/CacheManager.php(69): Illuminate/Cache/CacheManager->resolve('database')
#8 C:/laragon/www/05ArjunaSatria/vendor/laravel/framework/src/Illuminate/Cache/CacheManager.php(80): Illuminate/Cache/CacheManager->store('database')
#9 C:/laragon/www/05ArjunaSatria/vendor/laravel/framework/src/Illuminate/Cache/CacheServiceProvider.php(23): Illuminate/Cache/CacheManager->driver()
#10 C:/laragon/www/05ArjunaSatria/vendor/laravel/framework/src/Illuminate/Container/Container.php(1140): Illuminate/Cache/CacheServiceProvider->{closure:Illuminate/Cache/CacheServiceProvider::register():22}(Object(Illuminate/Foundation/Application), Array)
#11 C:/laragon/www/05ArjunaSatria/vendor/laravel/framework/src/Illuminate/Container/Container.php(939): Illuminate/Container/Container->build(Object(Closure))
#12 C:/laragon/www/05ArjunaSatria/vendor/laravel/framework/src/Illuminate/Foundation/Application.php(1085): Illuminate/Container/Container->resolve('cache.store', Array, true)
#13 C:/laragon/www/05ArjunaSatria/vendor/laravel/framework/src/Illuminate/Container/Container.php(867): Illuminate/Foundation/Application->resolve('cache.store', Array)
#14 C:/laragon/www/05ArjunaSatria/vendor/laravel/framework/src/Illuminate/Foundation/Application.php(1065): Illuminate/Container/Container->make('cache.store', Array)
#15 C:/laragon/www/05ArjunaSatria/vendor/laravel/framework/src/Illuminate/Container/Container.php(1846): Illuminate/Foundation/Application->make('cache.store')
#16 C:/laragon/www/05ArjunaSatria/vendor/laravel/framework/src/Illuminate/Foundation/Providers/ArtisanServiceProvider.php(735): Illuminate/Container/Container->offsetGet('cache.store')
#17 C:/laragon/www/05ArjunaSatria/vendor/laravel/framework/src/Illuminate/Container/Container.php(1140): Illuminate/Foundation/Providers/ArtisanServiceProvider->{closure:Illuminate/Foundation/Providers/ArtisanServiceProvider::registerQueueRestartCommand():734}(Object(Illuminate/Foundation/Application), Array)
#18 C:/laragon/www/05ArjunaSatria/vendor/laravel/framework/src/Illuminate/Container/Container.php(939): Illuminate/Container/Container->build(Object(Closure))
#19 C:/laragon/www/05ArjunaSatria/vendor/laravel/framework/src/Illuminate/Foundation/Application.php(1085): Illuminate/Container/Container->resolve('Illuminate//Queu...', Array, true)
#20 C:/laragon/www/05ArjunaSatria/vendor/laravel/framework/src/Illuminate/Container/Container.php(884): Illuminate/Foundation/Application->resolve('Illuminate//Queu...')
#21 C:/laragon/www/05ArjunaSatria/vendor/laravel/framework/src/Illuminate/Console/ContainerCommandLoader.php(52): Illuminate/Container/Container->get('Illuminate//Queu...')
#22 C:/laragon/www/05ArjunaSatria/vendor/symfony/console/Application.php(664): Illuminate/Console/ContainerCommandLoader->get('queue:restart')
#23 C:/laragon/www/05ArjunaSatria/vendor/symfony/console/Application.php(873): Symfony/Component/Console/Application->has('queue:restart')
#24 C:/laragon/www/05ArjunaSatria/vendor/symfony/console/Application.php(677): Symfony/Component/Console/Application->all()
#25 C:/laragon/www/05ArjunaSatria/vendor/symfony/console/Application.php(699): Symfony/Component/Console/Application->getNamespaces()
#26 C:/laragon/www/05ArjunaSatria/vendor/symfony/console/Application.php(355): Symfony/Component/Console/Application->findNamespace('migrate:')
#27 C:/laragon/www/05ArjunaSatria/vendor/symfony/console/Application.php(218): Symfony/Component/Console/Application->doRun(Object(Symfony/Component/Console/Input/ArgvInput), Object(Symfony/Component/Console/Output/ConsoleOutput))
#28 C:/laragon/www/05ArjunaSatria/vendor/laravel/framework/src/Illuminate/Foundation/Console/Kernel.php(198): Symfony/Component/Console/Application->run(Object(Symfony/Component/Console/Input/ArgvInput), Object(Symfony/Component/Console/Output/ConsoleOutput))
#29 C:/laragon/www/05ArjunaSatria/vendor/laravel/framework/src/Illuminate/Foundation/Application.php(1242): Illuminate/Foundation/Console/Kernel->handle(Object(Symfony/Component/Console/Input/ArgvInput), Object(Symfony/Component/Console/Output/ConsoleOutput))
#30 C:/laragon/www/05ArjunaSatria/artisan(16): Illuminate/Foundation/Application->handleCommand(Object(Symfony/Component/Console/Input/ArgvInput))
#31 {main}
"} 
[2026-09-24 02:20:01] local.ERROR: The database configuration URL is malformed. {"exception":"[object] (InvalidArgumentException(code: 0): The database configuration URL is malformed. at C:/laragon/www/05ArjunaSatria/vendor/laravel/framework/src/Illuminate/Support/ConfigurationUrlParser.php:148)
[stacktrace]
#0 C:/laragon/www/05ArjunaSatria/vendor/laravel/framework/src/Illuminate/Support/ConfigurationUrlParser.php(51): Illuminate/Support/ConfigurationUrlParser->parseUrl('postgresql://po...')
#1 C:/laragon/www/05ArjunaSatria/vendor/laravel/framework/src/Illuminate/Database/DatabaseManager.php(230): Illuminate/Support/ConfigurationUrlParser->parseConfiguration(Array)
#2 C:/laragon/www/05ArjunaSatria/vendor/laravel/framework/src/Illuminate/Database/DatabaseManager.php(192): Illuminate/Database/DatabaseManager->configuration('pgsql')
#3 C:/laragon/www/05ArjunaSatria/vendor/laravel/framework/src/Illuminate/Database/DatabaseManager.php(103): Illuminate/Database/DatabaseManager->makeConnection('pgsql')
#4 C:/laragon/www/05ArjunaSatria/vendor/laravel/framework/src/Illuminate/Cache/CacheManager.php(200): Illuminate/Database/DatabaseManager->connection('pgsql')
#5 C:/laragon/www/05ArjunaSatria/vendor/laravel/framework/src/Illuminate/Cache/CacheManager.php(148): Illuminate/Cache/CacheManager->createDatabaseDriver(Array)
#6 C:/laragon/www/05ArjunaSatria/vendor/laravel/framework/src/Illuminate/Cache/CacheManager.php(126): Illuminate/Cache/CacheManager->build(Array)
#7 C:/laragon/www/05ArjunaSatria/vendor/laravel/framework/src/Illuminate/Cache/CacheManager.php(69): Illuminate/Cache/CacheManager->resolve('database')
#8 C:/laragon/www/05ArjunaSatria/vendor/laravel/framework/src/Illuminate/Cache/CacheManager.php(80): Illuminate/Cache/CacheManager->store('database')
#9 C:/laragon/www/05ArjunaSatria/vendor/laravel/framework/src/Illuminate/Cache/CacheServiceProvider.php(23): Illuminate/Cache/CacheManager->driver()
#10 C:/laragon/www/05ArjunaSatria/vendor/laravel/framework/src/Illuminate/Container/Container.php(1140): Illuminate/Cache/CacheServiceProvider->{closure:Illuminate/Cache/CacheServiceProvider::register():22}(Object(Illuminate/Foundation/Application), Array)
#11 C:/laragon/www/05ArjunaSatria/vendor/laravel/framework/src/Illuminate/Container/Container.php(939): Illuminate/Container/Container->build(Object(Closure))
#12 C:/laragon/www/05ArjunaSatria/vendor/laravel/framework/src/Illuminate/Foundation/Application.php(1085): Illuminate/Container/Container->resolve('cache.store', Array, true)
#13 C:/laragon/www/05ArjunaSatria/vendor/laravel/framework/src/Illuminate/Container/Container.php(867): Illuminate/Foundation/Application->resolve('cache.store', Array)
#14 C:/laragon/www/05ArjunaSatria/vendor/laravel/framework/src/Illuminate/Foundation/Application.php(1065): Illuminate/Container/Container->make('cache.store', Array)
#15 C:/laragon/www/05ArjunaSatria/vendor/laravel/framework/src/Illuminate/Container/Container.php(1846): Illuminate/Foundation/Application->make('cache.store')
#16 C:/laragon/www/05ArjunaSatria/vendor/laravel/framework/src/Illuminate/Foundation/Providers/ArtisanServiceProvider.php(735): Illuminate/Container/Container->offsetGet('cache.store')
#17 C:/laragon/www/05ArjunaSatria/vendor/laravel/framework/src/Illuminate/Container/Container.php(1140): Illuminate/Foundation/Providers/ArtisanServiceProvider->{closure:Illuminate/Foundation/Providers/ArtisanServiceProvider::registerQueueRestartCommand():734}(Object(Illuminate/Foundation/Application), Array)
#18 C:/laragon/www/05ArjunaSatria/vendor/laravel/framework/src/Illuminate/Container/Container.php(939): Illuminate/Container/Container->build(Object(Closure))
#19 C:/laragon/www/05ArjunaSatria/vendor/laravel/framework/src/Illuminate/Foundation/Application.php(1085): Illuminate/Container/Container->resolve('Illuminate//Queu...', Array, true)
#20 C:/laragon/www/05ArjunaSatria/vendor/laravel/framework/src/Illuminate/Container/Container.php(884): Illuminate/Foundation/Application->resolve('Illuminate//Queu...')
#21 C:/laragon/www/05ArjunaSatria/vendor/laravel/framework/src/Illuminate/Console/ContainerCommandLoader.php(52): Illuminate/Container/Container->get('Illuminate//Queu...')
#22 C:/laragon/www/05ArjunaSatria/vendor/symfony/console/Application.php(664): Illuminate/Console/ContainerCommandLoader->get('queue:restart')
#23 C:/laragon/www/05ArjunaSatria/vendor/symfony/console/Application.php(873): Symfony/Component/Console/Application->has('queue:restart')
#24 C:/laragon/www/05ArjunaSatria/vendor/symfony/console/Descriptor/ApplicationDescription.php(84): Symfony/Component/Console/Application->all(NULL)
#25 C:/laragon/www/05ArjunaSatria/vendor/symfony/console/Descriptor/ApplicationDescription.php(61): Symfony/Component/Console/Descriptor/ApplicationDescription->inspectApplication()
#26 C:/laragon/www/05ArjunaSatria/vendor/symfony/console/Descriptor/TextDescriptor.php(185): Symfony/Component/Console/Descriptor/ApplicationDescription->getCommands()
#27 C:/laragon/www/05ArjunaSatria/vendor/symfony/console/Descriptor/Descriptor.php(40): Symfony/Component/Console/Descriptor/TextDescriptor->describeApplication(Object(Illuminate/Console/Application), Array)
#28 C:/laragon/www/05ArjunaSatria/vendor/symfony/console/Helper/DescriptorHelper.php(67): Symfony/Component/Console/Descriptor/Descriptor->describe(Object(Symfony/Component/Console/Output/ConsoleOutput), Object(Illuminate/Console/Application), Array)
#29 C:/laragon/www/05ArjunaSatria/vendor/symfony/console/Command/ListCommand.php(63): Symfony/Component/Console/Helper/DescriptorHelper->describe(Object(Symfony/Component/Console/Output/ConsoleOutput), Object(Illuminate/Console/Application), Array)
#30 C:/laragon/www/05ArjunaSatria/vendor/symfony/console/Command/Command.php(285): Symfony/Component/Console/Command/ListCommand->execute(Object(Symfony/Component/Console/Input/ArgvInput), Object(Symfony/Component/Console/Output/ConsoleOutput))
#31 C:/laragon/www/05ArjunaSatria/vendor/symfony/console/Application.php(1144): Symfony/Component/Console/Command/Command->run(Object(Symfony/Component/Console/Input/ArgvInput), Object(Symfony/Component/Console/Output/ConsoleOutput))
#32 C:/laragon/www/05ArjunaSatria/vendor/symfony/console/Application.php(379): Symfony/Component/Console/Application->doRunCommand(Object(Symfony/Component/Console/Command/ListCommand), Object(Symfony/Component/Console/Input/ArgvInput), Object(Symfony/Component/Console/Output/ConsoleOutput))
#33 C:/laragon/www/05ArjunaSatria/vendor/symfony/console/Application.php(218): Symfony/Component/Console/Application->doRun(Object(Symfony/Component/Console/Input/ArgvInput), Object(Symfony/Component/Console/Output/ConsoleOutput))
#34 C:/laragon/www/05ArjunaSatria/vendor/laravel/framework/src/Illuminate/Foundation/Console/Kernel.php(198): Symfony/Component/Console/Application->run(Object(Symfony/Component/Console/Input/ArgvInput), Object(Symfony/Component/Console/Output/ConsoleOutput))
#35 Command line code(1): Illuminate/Foundation/Console/Kernel->handle(Object(Symfony/Component/Console/Input/ArgvInput), Object(Symfony/Component/Console/Output/ConsoleOutput))
#36 {main}
"} 
[2026-09-24 02:20:01] local.ERROR: The database configuration URL is malformed. {"exception":"[object] (InvalidArgumentException(code: 0): The database configuration URL is malformed. at C:/laragon/www/05ArjunaSatria/vendor/laravel/framework/src/Illuminate/Support/ConfigurationUrlParser.php:148)
[stacktrace]
#0 C:/laragon/www/05ArjunaSatria/vendor/laravel/framework/src/Illuminate/Support/ConfigurationUrlParser.php(51): Illuminate/Support/ConfigurationUrlParser->parseUrl('postgresql://po...')
#1 C:/laragon/www/05ArjunaSatria/vendor/laravel/framework/src/Illuminate/Database/DatabaseManager.php(230): Illuminate/Support/ConfigurationUrlParser->parseConfiguration(Array)
#2 C:/laragon/www/05ArjunaSatria/vendor/laravel/framework/src/Illuminate/Database/DatabaseManager.php(192): Illuminate/Database/DatabaseManager->configuration('pgsql')
#3 C:/laragon/www/05ArjunaSatria/vendor/laravel/framework/src/Illuminate/Database/DatabaseManager.php(103): Illuminate/Database/DatabaseManager->makeConnection('pgsql')
#4 C:/laragon/www/05ArjunaSatria/vendor/laravel/framework/src/Illuminate/Cache/CacheManager.php(200): Illuminate/Database/DatabaseManager->connection('pgsql')
#5 C:/laragon/www/05ArjunaSatria/vendor/laravel/framework/src/Illuminate/Cache/CacheManager.php(148): Illuminate/Cache/CacheManager->createDatabaseDriver(Array)
#6 C:/laragon/www/05ArjunaSatria/vendor/laravel/framework/src/Illuminate/Cache/CacheManager.php(126): Illuminate/Cache/CacheManager->build(Array)
#7 C:/laragon/www/05ArjunaSatria/vendor/laravel/framework/src/Illuminate/Cache/CacheManager.php(69): Illuminate/Cache/CacheManager->resolve('database')
#8 C:/laragon/www/05ArjunaSatria/vendor/laravel/framework/src/Illuminate/Cache/CacheManager.php(80): Illuminate/Cache/CacheManager->store('database')
#9 C:/laragon/www/05ArjunaSatria/vendor/laravel/framework/src/Illuminate/Cache/CacheServiceProvider.php(23): Illuminate/Cache/CacheManager->driver()
#10 C:/laragon/www/05ArjunaSatria/vendor/laravel/framework/src/Illuminate/Container/Container.php(1140): Illuminate/Cache/CacheServiceProvider->{closure:Illuminate/Cache/CacheServiceProvider::register():22}(Object(Illuminate/Foundation/Application), Array)
#11 C:/laragon/www/05ArjunaSatria/vendor/laravel/framework/src/Illuminate/Container/Container.php(939): Illuminate/Container/Container->build(Object(Closure))
#12 C:/laragon/www/05ArjunaSatria/vendor/laravel/framework/src/Illuminate/Foundation/Application.php(1085): Illuminate/Container/Container->resolve('cache.store', Array, true)
#13 C:/laragon/www/05ArjunaSatria/vendor/laravel/framework/src/Illuminate/Container/Container.php(867): Illuminate/Foundation/Application->resolve('cache.store', Array)
#14 C:/laragon/www/05ArjunaSatria/vendor/laravel/framework/src/Illuminate/Foundation/Application.php(1065): Illuminate/Container/Container->make('cache.store', Array)
#15 C:/laragon/www/05ArjunaSatria/vendor/laravel/framework/src/Illuminate/Container/Container.php(1846): Illuminate/Foundation/Application->make('cache.store')
#16 C:/laragon/www/05ArjunaSatria/vendor/laravel/framework/src/Illuminate/Foundation/Providers/ArtisanServiceProvider.php(735): Illuminate/Container/Container->offsetGet('cache.store')
#17 C:/laragon/www/05ArjunaSatria/vendor/laravel/framework/src/Illuminate/Container/Container.php(1140): Illuminate/Foundation/Providers/ArtisanServiceProvider->{closure:Illuminate/Foundation/Providers/ArtisanServiceProvider::registerQueueRestartCommand():734}(Object(Illuminate/Foundation/Application), Array)
#18 C:/laragon/www/05ArjunaSatria/vendor/laravel/framework/src/Illuminate/Container/Container.php(939): Illuminate/Container/Container->build(Object(Closure))
#19 C:/laragon/www/05ArjunaSatria/vendor/laravel/framework/src/Illuminate/Foundation/Application.php(1085): Illuminate/Container/Container->resolve('Illuminate//Queu...', Array, true)
#20 C:/laragon/www/05ArjunaSatria/vendor/laravel/framework/src/Illuminate/Container/Container.php(884): Illuminate/Foundation/Application->resolve('Illuminate//Queu...')
#21 C:/laragon/www/05ArjunaSatria/vendor/laravel/framework/src/Illuminate/Console/ContainerCommandLoader.php(52): Illuminate/Container/Container->get('Illuminate//Queu...')
#22 C:/laragon/www/05ArjunaSatria/vendor/symfony/console/Application.php(664): Illuminate/Console/ContainerCommandLoader->get('queue:restart')
#23 C:/laragon/www/05ArjunaSatria/vendor/symfony/console/Application.php(873): Symfony/Component/Console/Application->has('queue:restart')
#24 C:/laragon/www/05ArjunaSatria/vendor/symfony/console/Descriptor/ApplicationDescription.php(84): Symfony/Component/Console/Application->all(NULL)
#25 C:/laragon/www/05ArjunaSatria/vendor/symfony/console/Descriptor/ApplicationDescription.php(61): Symfony/Component/Console/Descriptor/ApplicationDescription->inspectApplication()
#26 C:/laragon/www/05ArjunaSatria/vendor/symfony/console/Descriptor/TextDescriptor.php(185): Symfony/Component/Console/Descriptor/ApplicationDescription->getCommands()
#27 C:/laragon/www/05ArjunaSatria/vendor/symfony/console/Descriptor/Descriptor.php(40): Symfony/Component/Console/Descriptor/TextDescriptor->describeApplication(Object(Illuminate/Console/Application), Array)
#28 C:/laragon/www/05ArjunaSatria/vendor/symfony/console/Helper/DescriptorHelper.php(67): Symfony/Component/Console/Descriptor/Descriptor->describe(Object(Symfony/Component/Console/Output/ConsoleOutput), Object(Illuminate/Console/Application), Array)
#29 C:/laragon/www/05ArjunaSatria/vendor/symfony/console/Command/ListCommand.php(63): Symfony/Component/Console/Helper/DescriptorHelper->describe(Object(Symfony/Component/Console/Output/ConsoleOutput), Object(Illuminate/Console/Application), Array)
#30 C:/laragon/www/05ArjunaSatria/vendor/symfony/console/Command/Command.php(285): Symfony/Component/Console/Command/ListCommand->execute(Object(Symfony/Component/Console/Input/ArgvInput), Object(Symfony/Component/Console/Output/ConsoleOutput))
#31 C:/laragon/www/05ArjunaSatria/vendor/symfony/console/Application.php(1144): Symfony/Component/Console/Command/Command->run(Object(Symfony/Component/Console/Input/ArgvInput), Object(Symfony/Component/Console/Output/ConsoleOutput))
#32 C:/laragon/www/05ArjunaSatria/vendor/symfony/console/Application.php(379): Symfony/Component/Console/Application->doRunCommand(Object(Symfony/Component/Console/Command/ListCommand), Object(Symfony/Component/Console/Input/ArgvInput), Object(Symfony/Component/Console/Output/ConsoleOutput))
#33 C:/laragon/www/05ArjunaSatria/vendor/symfony/console/Application.php(218): Symfony/Component/Console/Application->doRun(Object(Symfony/Component/Console/Input/ArgvInput), Object(Symfony/Component/Console/Output/ConsoleOutput))
#34 C:/laragon/www/05ArjunaSatria/vendor/laravel/framework/src/Illuminate/Foundation/Console/Kernel.php(198): Symfony/Component/Console/Application->run(Object(Symfony/Component/Console/Input/ArgvInput), Object(Symfony/Component/Console/Output/ConsoleOutput))
#35 Command line code(1): Illuminate/Foundation/Console/Kernel->handle(Object(Symfony/Component/Console/Input/ArgvInput), Object(Symfony/Component/Console/Output/ConsoleOutput))
#36 {main}
"} 
[2026-09-24 02:33:50] local.ERROR: The "-a" option does not exist. {"exception":"[object] (Symfony\\Component\\Console\\Exception\\RuntimeException(code: 0): The \"-a\" option does not exist. at C:/laragon/www/05ArjunaSatria/vendor/symfony/console/Input/ArgvInput.php:128)
[stacktrace]
#0 C:/laragon/www/05ArjunaSatria/vendor/symfony/console/Input/ArgvInput.php(110): Symfony/Component/Console/Input/ArgvInput->parseShortOptionSet('api')
#1 C:/laragon/www/05ArjunaSatria/vendor/symfony/console/Input/ArgvInput.php(90): Symfony/Component/Console/Input/ArgvInput->parseShortOption('-api')
#2 C:/laragon/www/05ArjunaSatria/vendor/symfony/console/Input/ArgvInput.php(77): Symfony/Component/Console/Input/ArgvInput->parseToken('-api', true)
#3 C:/laragon/www/05ArjunaSatria/vendor/symfony/console/Input/Input.php(53): Symfony/Component/Console/Input/ArgvInput->parse()
#4 C:/laragon/www/05ArjunaSatria/vendor/symfony/console/Command/Command.php(238): Symfony/Component/Console/Input/Input->bind(Object(Symfony/Component/Console/Input/InputDefinition))
#5 C:/laragon/www/05ArjunaSatria/vendor/laravel/framework/src/Illuminate/Console/Command.php(261): Symfony/Component/Console/Command/Command->run(Object(Symfony/Component/Console/Input/ArgvInput), Object(Illuminate/Console/OutputStyle))
#6 C:/laragon/www/05ArjunaSatria/vendor/symfony/console/Application.php(1144): Illuminate/Console/Command->run(Object(Symfony/Component/Console/Input/ArgvInput), Object(Symfony/Component/Console/Output/ConsoleOutput))
#7 C:/laragon/www/05ArjunaSatria/vendor/symfony/console/Application.php(379): Symfony/Component/Console/Application->doRunCommand(Object(Illuminate/Routing/Console/ControllerMakeCommand), Object(Symfony/Component/Console/Input/ArgvInput), Object(Symfony/Component/Console/Output/ConsoleOutput))
#8 C:/laragon/www/05ArjunaSatria/vendor/symfony/console/Application.php(218): Symfony/Component/Console/Application->doRun(Object(Symfony/Component/Console/Input/ArgvInput), Object(Symfony/Component/Console/Output/ConsoleOutput))
#9 C:/laragon/www/05ArjunaSatria/vendor/laravel/framework/src/Illuminate/Foundation/Console/Kernel.php(198): Symfony/Component/Console/Application->run(Object(Symfony/Component/Console/Input/ArgvInput), Object(Symfony/Component/Console/Output/ConsoleOutput))
#10 C:/laragon/www/05ArjunaSatria/vendor/laravel/framework/src/Illuminate/Foundation/Application.php(1242): Illuminate/Foundation/Console/Kernel->handle(Object(Symfony/Component/Console/Input/ArgvInput), Object(Symfony/Component/Console/Output/ConsoleOutput))
#11 C:/laragon/www/05ArjunaSatria/artisan(16): Illuminate/Foundation/Application->handleCommand(Object(Symfony/Component/Console/Input/ArgvInput))
#12 {main}
"} 
[2026-09-24 02:35:46] local.ERROR: The "-a" option does not exist. {"exception":"[object] (Symfony\\Component\\Console\\Exception\\RuntimeException(code: 0): The \"-a\" option does not exist. at C:/laragon/www/05ArjunaSatria/vendor/symfony/console/Input/ArgvInput.php:128)
[stacktrace]
#0 C:/laragon/www/05ArjunaSatria/vendor/symfony/console/Input/ArgvInput.php(110): Symfony/Component/Console/Input/ArgvInput->parseShortOptionSet('api')
#1 C:/laragon/www/05ArjunaSatria/vendor/symfony/console/Input/ArgvInput.php(90): Symfony/Component/Console/Input/ArgvInput->parseShortOption('-api')
#2 C:/laragon/www/05ArjunaSatria/vendor/symfony/console/Input/ArgvInput.php(77): Symfony/Component/Console/Input/ArgvInput->parseToken('-api', true)
#3 C:/laragon/www/05ArjunaSatria/vendor/symfony/console/Input/Input.php(53): Symfony/Component/Console/Input/ArgvInput->parse()
#4 C:/laragon/www/05ArjunaSatria/vendor/symfony/console/Command/Command.php(238): Symfony/Component/Console/Input/Input->bind(Object(Symfony/Component/Console/Input/InputDefinition))
#5 C:/laragon/www/05ArjunaSatria/vendor/laravel/framework/src/Illuminate/Console/Command.php(261): Symfony/Component/Console/Command/Command->run(Object(Symfony/Component/Console/Input/ArgvInput), Object(Illuminate/Console/OutputStyle))
#6 C:/laragon/www/05ArjunaSatria/vendor/symfony/console/Application.php(1144): Illuminate/Console/Command->run(Object(Symfony/Component/Console/Input/ArgvInput), Object(Symfony/Component/Console/Output/ConsoleOutput))
#7 C:/laragon/www/05ArjunaSatria/vendor/symfony/console/Application.php(379): Symfony/Component/Console/Application->doRunCommand(Object(Illuminate/Routing/Console/ControllerMakeCommand), Object(Symfony/Component/Console/Input/ArgvInput), Object(Symfony/Component/Console/Output/ConsoleOutput))
#8 C:/laragon/www/05ArjunaSatria/vendor/symfony/console/Application.php(218): Symfony/Component/Console/Application->doRun(Object(Symfony/Component/Console/Input/ArgvInput), Object(Symfony/Component/Console/Output/ConsoleOutput))
#9 C:/laragon/www/05ArjunaSatria/vendor/laravel/framework/src/Illuminate/Foundation/Console/Kernel.php(198): Symfony/Component/Console/Application->run(Object(Symfony/Component/Console/Input/ArgvInput), Object(Symfony/Component/Console/Output/ConsoleOutput))
#10 C:/laragon/www/05ArjunaSatria/vendor/laravel/framework/src/Illuminate/Foundation/Application.php(1242): Illuminate/Foundation/Console/Kernel->handle(Object(Symfony/Component/Console/Input/ArgvInput), Object(Symfony/Component/Console/Output/ConsoleOutput))
#11 C:/laragon/www/05ArjunaSatria/artisan(16): Illuminate/Foundation/Application->handleCommand(Object(Symfony/Component/Console/Input/ArgvInput))
#12 {main}
"} 
